date,us_2y_yield,us_10y_yield,us_10y_real_yield,effective_fed_funds,sp500,nasdaq,vix,broad_usd,wti,gold,curve_2s10s,us_2y_yield_change_1d,us_2y_yield_change_20d,us_10y_yield_change_1d,us_10y_yield_change_20d,us_10y_real_yield_change_1d,us_10y_real_yield_change_20d,effective_fed_funds_change_1d,effective_fed_funds_change_20d,curve_2s10s_change_1d,curve_2s10s_change_20d,sp500_return_1d,sp500_return_20d,nasdaq_return_1d,nasdaq_return_20d,broad_usd_return_1d,broad_usd_return_20d,gold_return_1d,gold_return_20d,wti_return_1d,wti_return_20d,vix_change_1d
2018-05-15,2.58,3.08,0.9,1.7,2711.45,7351.63,14.63,111.2292,71.34,1310.05,0.5,0.03000000000000025,0.16999999999999993,0.08000000000000007,0.26000000000000023,0.050000000000000044,0.21999999999999997,0.0,0.010000000000000009,0.04999999999999982,0.0900000000000003,-0.006865679959648929,0.0018679036188675724,-0.008086503750005747,0.00964010764977985,0.007410342288099336,0.03844265915337797,-0.008096594644007915,-0.024803382342524216,0.0046364677367431995,0.07025523226893693,1.700000000000001
2018-05-16,2.58,3.09,0.92,1.7,2722.46,7398.3,13.42,111.3068,71.43,1291.75,0.5099999999999998,0.0,0.16000000000000014,0.009999999999999787,0.21999999999999975,0.020000000000000018,0.21000000000000008,0.0,0.010000000000000009,0.009999999999999787,0.05999999999999961,0.004052336187627681,0.0050892194319125394,0.006328186743294495,0.014028163408838168,0.0006974152779353204,0.038437743260781865,-0.014067416238456865,-0.04154787770351298,0.0012607692361363831,0.042760500142889235,-1.2100000000000009
2018-05-17,2.57,3.11,0.95,1.7,2720.13,7382.47,13.43,111.3547,71.47,1288.85,0.54,-0.010000000000000231,0.1299999999999999,0.020000000000000018,0.18999999999999995,0.029999999999999916,0.19999999999999996,0.0,0.010000000000000009,0.03000000000000025,0.06000000000000005,-0.0008562100552644836,0.009975587317955892,-0.0021419731248641938,0.01975505627366303,0.00043024951092984765,0.03504651547032811,-0.0022475402780468556,-0.0447974778549769,0.000559832065006205,0.04536801465514362,0.009999999999999787
2018-05-18,2.55,3.06,0.91,1.7,2712.97,7354.34,13.42,111.7171,71.23,1287.2,0.5100000000000002,-0.020000000000000018,0.08999999999999986,-0.04999999999999982,0.10000000000000009,-0.039999999999999925,0.12,0.0,0.0,-0.029999999999999805,0.010000000000000231,-0.002635697537312076,0.015913070251690087,-0.0038176558108631298,0.028719663721481936,0.0032491809258425874,0.03218529362615907,-0.001281031211073369,-0.040312231300442924,-0.00336370324162516,0.042590134511701905,-0.009999999999999787
2018-05-21,2.58,3.06,0.9,1.7,2733.01,7394.04,13.08,111.6394,72.26,1285.85,0.48,0.03000000000000025,0.08999999999999986,0.0,0.08000000000000007,-0.010000000000000009,0.09999999999999998,0.0,0.0,-0.03000000000000025,-0.009999999999999787,0.007359590175901154,0.02321648517577035,0.00538365513877892,0.03655940858137008,-0.0006957487526388917,0.024539183909126017,-0.0010493384301710762,-0.03225407278837622,0.014356647729231398,0.06651482461690783,-0.33999999999999986
2018-05-22,2.59,3.06,0.91,1.7,2724.44,7378.46,13.22,111.1945,72.09,1293.9,0.4700000000000002,0.009999999999999787,0.10999999999999988,0.0,0.06000000000000005,0.010000000000000009,0.08000000000000007,0.0,0.0,-0.009999999999999787,-0.04999999999999982,-0.003140663512949615,0.033546717281166316,-0.0021093255409176948,0.05160534655972704,-0.003993114074287263,0.02185598653104215,0.006240935073904552,-0.025523560059561134,-0.002355387303007106,0.06342017506392494,0.14000000000000057
2018-05-23,2.53,3.01,0.87,1.7,2733.29,7425.96,12.58,111.6933,71.85,1294.0,0.48,-0.06000000000000005,0.03999999999999959,-0.050000000000000266,-0.020000000000000018,-0.040000000000000036,0.010000000000000009,0.0,0.0,0.009999999999999787,-0.05999999999999961,0.0032431094088005707,0.03495439321729865,0.0064170245098349454,0.058537677170640734,0.004475802019640263,0.021251444454413182,7.728273893814475e-05,-0.024202425743958145,-0.0033347258914533384,0.05507290734892667,-0.6400000000000006
2018-05-24,2.5,2.98,0.86,1.7,2727.76,7424.43,12.53,111.4885,70.77,1296.35,0.48,-0.029999999999999805,0.009999999999999787,-0.029999999999999805,-0.020000000000000018,-0.010000000000000009,0.040000000000000036,0.0,0.0,0.0,-0.029999999999999805,-0.002025252246427023,0.022549011812503572,-0.00020605519524075078,0.04205359908720219,-0.0018352756137334225,0.019234192124967464,0.001814427119665396,-0.019517472404842806,-0.015145430437340401,0.037283915377936516,-0.05000000000000071
2018-05-25,2.48,2.93,0.84,1.7,2721.33,7433.85,13.22,111.5843,67.92,1303.95,0.4500000000000002,-0.020000000000000018,-0.010000000000000231,-0.04999999999999982,-0.029999999999999805,-0.020000000000000018,0.04999999999999993,0.0,0.0,-0.029999999999999805,-0.019999999999999574,-0.002360028182485152,0.01907596741011197,0.0012679800437336297,0.043164258967223645,0.0008589124795985725,0.021841999179092575,0.005845496012672591,-0.01048967335802331,-0.04110464008460113,-0.002793503250134499,0.6900000000000013
2018-05-28,,,,,,,,,,,,,,,,,,,,,,,,,,,,,,,,
2018-05-29,2.32,2.77,0.73,1.7,2689.86,7396.59,17.02,112.2127,66.8,1302.05,0.4500000000000002,,-0.18000000000000016,,-0.20000000000000018,,-0.08000000000000007,,0.0,,-0.020000000000000018,,0.013119825360081272,,0.03660967686810501,,0.02224124060952537,,-0.005476318138109448,,-0.007159935122092342,
2018-05-30,2.42,2.84,0.78,1.7,2724.01,7462.45,14.94,111.6731,68.24,1298.6,0.41999999999999993,0.10000000000000009,-0.07000000000000028,0.06999999999999984,-0.13000000000000034,0.050000000000000044,-0.020000000000000018,0.0,0.0,-0.03000000000000025,-0.06000000000000005,0.012615911702765992,0.03296764023043686,0.008864695335386585,0.049662241951562436,-0.004820323976095331,0.013619305011972394,-0.0026531844145294414,-0.009312731378255279,0.021327822640823335,0.0048476040577236645,-2.08
2018-05-31,2.4,2.83,0.76,1.7,2705.27,7442.12,15.43,111.9894,66.98,1303.5,0.43000000000000016,-0.020000000000000018,-0.0900000000000003,-0.009999999999999787,-0.10999999999999988,-0.020000000000000018,-0.020000000000000018,0.0,0.0,0.010000000000000231,-0.019999999999999574,-0.006903336878120392,0.02832054315170751,-0.0027280240366795994,0.04873137888501766,0.0028283705212830412,0.016286109100962065,0.003766193299170162,-0.0074900992175575,-0.018636835817365416,-0.021709484368400034,0.4900000000000002
2018-06-01,2.47,2.89,0.8,1.7,2734.62,7554.33,13.46,111.8265,65.81,1299.15,0.41999999999999993,0.07000000000000028,-0.03999999999999959,0.06000000000000005,-0.06000000000000005,0.040000000000000036,0.010000000000000009,0.0,0.0,-0.010000000000000231,-0.020000000000000462,0.010790764075641945,0.026381475293519863,0.014965154308645978,0.046704663469791186,-0.0014556609138560717,0.014198048718222722,-0.0033427499283931184,-0.007820626404305031,-0.01762226489803087,-0.05757197703028005,-1.9699999999999989
2018-06-04,2.52,2.94,0.82,1.7,2746.87,7606.46,12.74,111.8247,64.76,1294.65,0.41999999999999993,0.04999999999999982,0.029999999999999805,0.04999999999999982,-0.010000000000000231,0.019999999999999907,0.039999999999999925,0.0,0.0,0.0,-0.040000000000000036,0.004469595089461542,0.027399075313319088,0.00687697744612592,0.04590068393005886,-1.609649311085093e-05,0.011264669684668327,-0.0034698161113873027,,-0.01608367365859298,-0.08832305496790038,-0.7200000000000006
2018-06-05,2.49,2.92,0.79,1.7,2748.8,7637.86,12.4,112.264,65.51,1292.25,0.4299999999999997,-0.029999999999999805,-0.019999999999999574,-0.020000000000000018,-0.050000000000000266,-0.029999999999999916,-0.020000000000000018,0.0,0.0,0.009999999999999787,-0.030000000000000693,0.0007023711683356026,0.028367137701374112,0.00411957298287291,0.04978766852657657,0.003920773896767038,0.010755632574485752,-0.001855503257627511,-0.013680419329602067,0.011514673934351016,-0.049436893666487514,-0.33999999999999986
2018-06-06,2.52,2.97,0.83,1.7,2772.35,7689.24,11.64,111.7525,64.75,1295.25,0.4500000000000002,0.029999999999999805,-0.020000000000000018,0.050000000000000266,-0.029999999999999805,0.039999999999999925,0.010000000000000009,0.0,0.0,0.020000000000000462,-0.009999999999999787,0.008530883175666304,0.027262416660890132,0.006704489754950416,0.04649536801381693,-0.004566635840737909,0.007821835532035415,0.002318841618748735,-0.0089159347019665,-0.011669102164137968,-0.09439716221798733,-0.7599999999999998
2018-06-07,2.5,2.93,0.8,1.7,2770.37,7635.07,12.13,112.0725,65.96,1298.3,0.43000000000000016,-0.020000000000000018,-0.040000000000000036,-0.040000000000000036,-0.040000000000000036,-0.029999999999999916,0.0,0.0,0.0,-0.020000000000000018,0.0,-0.0007144506972114328,0.017220964984175247,-0.0070698420522550265,0.030600710537553866,0.0028593786934250076,0.014990560629008165,0.0023519896713102284,-0.012628846423856643,0.018514797111750525,-0.07868899058035606,0.4900000000000002
2018-06-08,2.5,2.93,0.82,1.7,2779.03,7645.51,12.18,112.1066,65.77,1299.2,0.43000000000000016,0.0,-0.040000000000000036,0.0,-0.040000000000000036,0.019999999999999907,0.0,0.0,0.0,0.0,0.0,0.0031210606659346496,0.018635850534933773,0.0013664404917133055,0.032249433739298894,0.0003042210470374229,0.016385000312578946,0.0006929740412058294,-0.019512814223581643,-0.0028846903781385436,-0.07214031286960321,0.049999999999998934
2018-06-11,2.52,2.96,0.83,1.7,2782.0,7659.93,12.35,112.1106,66.1,1296.05,0.43999999999999995,0.020000000000000018,-0.029999999999999805,0.029999999999999805,-0.040000000000000036,0.010000000000000009,-0.020000000000000018,0.0,0.0,0.009999999999999787,-0.010000000000000231,0.0010681475490628145,0.018820866390514723,0.0018842979053985687,0.0329942842343538,3.567968916229347e-05,0.01530328905198175,-0.0024275129924786754,-0.018840721634823865,0.005004939544381415,-0.0716519653363612,0.16999999999999993
2018-06-12,2.54,2.96,0.83,1.7,2786.85,7703.79,12.34,112.2138,66.38,1298.3,0.41999999999999993,0.020000000000000018,-0.040000000000000036,0.0,-0.1200000000000001,0.0,-0.07000000000000006,0.0,0.0,-0.020000000000000018,-0.08000000000000007,0.00174183223690072,0.027428378587064373,0.005709570227782734,0.04679035821214228,0.0009200961400592789,0.008813042903941692,0.001734538951272846,-0.009009588039543104,0.004227059434187552,-0.07206137363891685,-0.009999999999999787
2018-06-13,2.59,2.98,0.86,1.7,2775.63,7695.7,12.94,112.2577,66.63,1294.4,0.3900000000000001,0.04999999999999982,0.009999999999999787,0.020000000000000018,-0.10999999999999988,0.030000000000000027,-0.06000000000000005,0.0,0.0,-0.029999999999999805,-0.11999999999999966,-0.0040341772794629804,0.01934186511997371,-0.001050684242692057,0.03941148722615573,0.0003911409738845961,0.008506768599890968,-0.0030084490619808335,0.0020493791369329273,0.0037591202826172676,-0.06956302259243596,0.5999999999999996
2018-06-14,2.59,2.94,0.82,1.9,2782.49,7761.04,12.12,112.8593,66.91,1305.3,0.3500000000000001,0.0,0.020000000000000018,-0.040000000000000036,-0.16999999999999993,-0.040000000000000036,-0.13,0.19999999999999996,0.19999999999999996,-0.040000000000000036,-0.18999999999999995,0.002468461812028977,0.022666536987267172,0.008454614519090242,0.050008074870110164,0.005344788995470751,0.013421308084431871,0.008385632090517348,0.01268255150549713,0.004193506220279808,-0.06592934843716236,-0.8200000000000003
2018-06-15,2.55,2.93,0.81,1.9,2779.66,7746.38,11.98,113.3379,65.01,1300.1,0.38000000000000034,-0.040000000000000036,0.0,-0.009999999999999787,-0.1299999999999999,-0.009999999999999898,-0.09999999999999998,0.0,0.19999999999999996,0.03000000000000025,-0.1299999999999999,-0.0010175922059643128,0.024284642318614935,-0.0018907083663428637,0.05193502231463043,0.004231712100822627,0.01440383925941191,-0.0039917148266210845,0.009971867889949415,-0.028807328578348113,-0.09137297377388531,-0.1399999999999988
2018-06-18,2.56,2.92,0.8,1.9,2773.75,7747.03,12.31,113.4899,65.91,1281.25,0.3599999999999999,0.010000000000000231,-0.020000000000000018,-0.010000000000000231,-0.14000000000000012,-0.010000000000000009,-0.09999999999999998,0.0,0.19999999999999996,-0.020000000000000462,-0.1200000000000001,-0.002128422800087293,0.014796629342626488,8.390664164714678e-05,0.04663527381749866,0.0013402239297990448,0.016439811941849847,-0.014605020681404568,-0.0035838143612840767,0.013749070848251499,-0.09198055065486521,0.33000000000000007
2018-06-19,2.54,2.89,0.77,1.91,2762.59,7725.59,13.35,113.639,65.09,1279.0,0.3500000000000001,-0.020000000000000018,-0.04999999999999982,-0.029999999999999805,-0.16999999999999993,-0.030000000000000027,-0.14,0.010000000000000009,0.20999999999999996,-0.009999999999999787,-0.1200000000000001,-0.004031549765964648,0.013905743089611455,-0.002771348837141474,0.04597325052127488,0.001312911051103427,0.021745837067240537,-0.0017576413078757014,-0.01158239074306433,-0.012519247480333284,-0.10214441083219139,1.0399999999999991
2018-06-20,2.56,2.93,0.81,1.92,2767.32,7781.51,12.79,113.4784,65.92,1273.25,0.3700000000000001,0.020000000000000018,0.03000000000000025,0.040000000000000036,-0.07999999999999963,0.040000000000000036,-0.05999999999999994,0.010000000000000009,0.21999999999999997,0.020000000000000018,-0.10999999999999988,0.001710697336311462,0.012373331017122347,0.007212211489489917,0.04676843750092985,-0.001414246788383089,0.015855788259217185,-0.004505835814129,-0.016165509296131475,0.012670958016920864,-0.08613872692381719,-0.5600000000000005
2018-06-21,2.56,2.9,0.79,1.92,2749.76,7712.95,14.64,113.6109,65.68,1263.7,0.33999999999999986,0.0,0.06000000000000005,-0.03000000000000025,-0.08000000000000007,-0.020000000000000018,-0.06999999999999995,0.0,0.21999999999999997,-0.03000000000000025,-0.14000000000000012,-0.006365707692292055,0.008032875571257314,-0.008849672392434726,0.038124820303735873,0.001166941947824185,0.018858005820774792,-0.00752876100007871,-0.02550869741587558,-0.00364742045704336,-0.07464071694352015,1.8500000000000014
2018-06-22,2.56,2.9,0.78,1.92,2754.88,7692.82,13.77,113.3047,69.02,1269.7,0.33999999999999986,0.0,0.08000000000000007,0.0,-0.03000000000000025,-0.010000000000000009,-0.05999999999999994,0.0,0.21999999999999997,0.0,-0.11000000000000032,0.0018602493447312796,0.012253153098473746,-0.00261330806006832,0.034243532199933924,-0.002698802425673108,0.015300290915503112,0.004736726311110218,-0.026617467117437954,0.04960185252568383,0.016065775666764814,-0.870000000000001
2018-06-25,2.54,2.87,0.77,1.92,2717.07,7532.01,17.33,113.286,69.91,1269.8,0.33000000000000007,-0.020000000000000018,,-0.029999999999999805,,-0.010000000000000009,,0.0,,-0.009999999999999787,,-0.013819790665146492,,-0.021125487846234137,,-0.0001650553181784531,,7.875566060366879e-05,,0.012812382854036741,,3.5599999999999987
2018-06-26,2.53,2.88,0.76,1.92,2723.06,7561.63,15.92,113.3016,75.23,1257.15,0.3500000000000001,-0.010000000000000231,0.20999999999999996,0.009999999999999787,0.10999999999999988,-0.010000000000000009,0.030000000000000027,0.0,0.21999999999999997,0.020000000000000018,-0.10000000000000009,0.0022021541473096207,0.012267100319901303,0.003924836954245947,0.022067692223501467,0.00013769509032801608,0.009657112320931915,-0.010012153523324407,-0.03509269127589132,0.07334138704823623,0.11884700702952955,-1.4099999999999984
2018-06-27,2.52,2.83,0.72,1.91,2699.63,7445.08,17.91,113.8971,77.41,1256.8,0.31000000000000005,-0.009999999999999787,0.10000000000000009,-0.04999999999999982,-0.009999999999999787,-0.040000000000000036,-0.06000000000000005,-0.010000000000000009,0.20999999999999996,-0.040000000000000036,-0.10999999999999988,-0.008641521386802076,-0.008990332769666765,-0.015533363871888639,-0.0023303669837737573,0.005242119463582107,0.019719555760609353,-0.00027844627161321966,-0.0327179531329751,0.028565883644492196,0.1260850680331984,1.9900000000000002
2018-06-28,2.52,2.84,0.74,1.91,2716.31,7503.68,16.85,113.8405,73.45,1250.5,0.31999999999999984,0.0,0.1200000000000001,0.009999999999999787,0.009999999999999787,0.020000000000000018,-0.020000000000000018,0.0,0.20999999999999996,0.009999999999999787,-0.11000000000000032,0.006159615039220689,0.004072619147674317,0.007840155326407583,0.008237812379313425,-0.0004970632971046385,0.016394121942221673,-0.0050253366237376085,-0.04150948305588287,-0.05251106859673538,0.09221083525382845,-1.0599999999999987
2018-06-29,2.52,2.85,0.74,1.91,2718.37,7510.3,16.09,113.2586,74.13,1250.55,0.33000000000000007,0.0,0.04999999999999982,0.010000000000000231,-0.040000000000000036,0.0,-0.06000000000000005,0.0,0.20999999999999996,0.010000000000000231,-0.08999999999999986,0.0007580943491278802,-0.005960050578839748,0.0008818448444731786,-0.005845497084859375,-0.005124646231425167,0.012725136624652578,3.998320705811409e-05,-0.038126749920431635,0.009215406048741492,0.11904850620060081,-0.7600000000000016
2018-07-02,2.57,2.87,0.73,1.91,2726.71,7567.69,15.6,114.1673,73.89,1249.0,0.30000000000000027,0.04999999999999982,0.04999999999999982,0.020000000000000018,-0.06999999999999984,-0.010000000000000009,-0.08999999999999997,0.0,0.20999999999999996,-0.029999999999999805,-0.11999999999999966,0.0030633182696382377,-0.007366327398663053,0.007612457249704718,-0.005110017281280577,0.007991216794208,0.02073244991197143,-0.0012402233991544165,-0.03589715720819875,-0.003242807868072184,0.1318893719911216,-0.4900000000000002
2018-07-03,2.53,2.83,0.71,1.91,2713.22,7502.67,16.14,113.3222,74.19,1245.85,0.30000000000000027,-0.040000000000000036,0.03999999999999959,-0.040000000000000036,-0.08999999999999986,-0.020000000000000018,-0.08000000000000007,0.0,0.20999999999999996,0.0,-0.12999999999999945,-0.004959632808581027,-0.013028331375579683,-0.008628911776282777,-0.017858502040436264,-0.007429827641461273,0.009381848373743118,-0.0025252032578073624,-0.0365668572083786,0.004051869400878871,0.12442656745764946,0.5400000000000009
2018-07-04,,,,,,,,,,1256.9,,,,,,,,,,,,,,,,,,0.0088303440630213,-0.030055354764106035,,,
2018-07-05,2.55,2.84,0.71,1.91,2736.61,7586.43,14.97,112.9759,73.05,1252.5,0.29000000000000004,,0.04999999999999982,,-0.0900000000000003,,-0.09000000000000008,,0.20999999999999996,,-0.14000000000000012,,-0.012260957159949903,,-0.006390981908072746,,0.008028538328330725,-0.0035068179717718806,-0.035914162407188144,,0.10209564050531039,
2018-07-06,2.53,2.82,0.7,1.91,2759.82,7688.39,13.37,112.6428,73.78,1254.2,0.29000000000000004,-0.020000000000000018,0.029999999999999805,-0.020000000000000018,-0.11000000000000032,-0.010000000000000009,-0.12,0.0,0.20999999999999996,0.0,-0.14000000000000012,0.008445532084703444,-0.006936485741181109,0.013350273764899612,0.00559285136511356,-0.0029527715745283345,0.004771545706764968,0.0013563651499008955,-0.03525077129849308,0.009943553971821117,0.11492388485527005,-1.6000000000000014
2018-07-09,2.57,2.86,0.73,1.91,2784.17,7756.2,12.69,112.6425,73.93,1262.6,0.29000000000000004,0.040000000000000036,0.04999999999999982,0.040000000000000036,-0.10000000000000009,0.030000000000000027,-0.09999999999999998,0.0,0.20999999999999996,0.0,-0.1499999999999999,0.00878434361527436,0.000779710325030436,0.008781124746562341,0.012489678206277333,-2.663289615512099e-06,0.0047332027279871625,0.006675167824604422,-0.02614809048140998,0.0020310074004790124,0.11194995271136765,-0.6799999999999997
2018-07-10,2.59,2.87,0.74,1.91,2793.84,7759.2,12.64,112.5794,74.11,1253.7,0.28000000000000025,0.020000000000000018,0.04999999999999982,0.010000000000000231,-0.08999999999999986,0.010000000000000009,-0.08999999999999997,0.0,0.20999999999999996,-0.009999999999999787,-0.13999999999999968,0.0034671897996760848,0.002505067887805801,0.0003867125613759015,0.0071668205398705,-0.000560336287465546,0.0032527703004623376,-0.007073907811545155,-0.03495653724422798,0.0024317763942587334,0.11015466967143883,-0.049999999999998934
2018-07-11,2.58,2.85,0.74,1.91,2774.02,7716.61,13.63,112.8582,70.47,1250.0,0.27,-0.009999999999999787,-0.009999999999999787,-0.020000000000000018,-0.1299999999999999,0.0,-0.12,0.0,0.20999999999999996,-0.010000000000000231,-0.1200000000000001,-0.007119461953973172,-0.0005802167867043906,-0.0055040876725520604,0.0027134171100104965,0.0024734129722476794,0.005335042298825421,-0.0029556278256333,-0.03490371600788045,-0.0503633886243362,0.05603216076448536,0.9900000000000002
2018-07-12,2.6,2.85,0.75,1.91,2798.29,7823.92,12.58,112.779,70.28,1244.85,0.25,0.020000000000000018,0.010000000000000231,0.0,-0.08999999999999986,0.010000000000000009,-0.06999999999999995,0.0,0.010000000000000009,-0.020000000000000018,-0.10000000000000009,0.008710984661528975,0.005662306062795608,0.01381055930672126,0.008069361897641514,-0.0007020119311231809,-0.0007117586277685106,-0.004128510583780276,-0.04741785868217807,-0.002699824020034214,0.04913883052417134,-1.0500000000000007
2018-07-13,2.59,2.83,0.72,1.91,2801.31,7825.98,12.18,113.0705,71.03,1240.5,0.2400000000000002,-0.010000000000000231,0.040000000000000036,-0.020000000000000018,-0.10000000000000009,-0.030000000000000027,-0.09000000000000008,0.0,0.010000000000000009,-0.009999999999999787,-0.14000000000000012,0.0010786485794733736,0.007758546848233294,0.0002632604696390928,0.01022333073362347,0.002581366457453882,-0.0023621042711372553,-0.0035005165807104888,-0.046926660436267476,0.01061505969082166,0.08856121879334111,-0.40000000000000036
2018-07-16,2.59,2.85,0.75,1.91,2798.43,7805.72,12.83,112.8437,68.22,1244.9,0.26000000000000023,0.0,0.029999999999999805,0.020000000000000018,-0.06999999999999984,0.030000000000000027,-0.050000000000000044,0.0,0.010000000000000009,0.020000000000000018,-0.09999999999999964,-0.0010286192765862623,0.008858350371734325,-0.0025921699296294065,0.007547254162346917,-0.002007842589744513,-0.005710170790680813,0.0035406812558846923,-0.028780958498978215,-0.04036454601921857,0.03444760192587104,0.6500000000000004
2018-07-17,2.62,2.86,0.77,1.91,2809.55,7855.12,12.06,113.1504,68.03,1243.65,0.23999999999999977,0.03000000000000025,0.08000000000000007,0.009999999999999787,-0.03000000000000025,0.020000000000000018,0.0,0.0,0.0,-0.020000000000000462,-0.11000000000000032,0.0039657825363441646,0.016855682674043138,0.006308750213216641,0.01662735321270503,0.002714231816579371,-0.004308850025204869,-0.0010046011574029734,-0.028027918348505487,-0.002788992633530718,0.04417785677267361,-0.7699999999999996
2018-07-18,2.6,2.88,0.79,1.91,2815.62,7854.44,12.1,113.3348,68.78,1223.45,0.2799999999999998,-0.020000000000000018,0.040000000000000036,0.020000000000000018,-0.050000000000000266,0.020000000000000018,-0.020000000000000018,0.0,-0.010000000000000009,0.040000000000000036,-0.0900000000000003,0.002158157835582486,0.01730314317331416,-8.657148900681477e-05,0.0093285702342083,0.0016283628311759557,-0.0012662404056458243,-0.016375867549643708,-0.039897950084020195,0.010964220647150746,0.04247111940290349,0.03999999999999915
2018-07-19,2.6,2.84,0.75,1.91,2804.49,7825.3,12.87,113.9463,69.42,1217.4,0.23999999999999977,0.0,0.040000000000000036,-0.040000000000000036,-0.06000000000000005,-0.040000000000000036,-0.040000000000000036,0.0,-0.010000000000000009,-0.040000000000000036,-0.10000000000000009,-0.003960781746415343,0.019708069119190874,-0.0037169026461292276,0.014461339980513799,0.005381014747940505,0.0029478323944704954,-0.0049572996208695486,-0.037326488704811034,0.009262005429520492,0.05538054528946734,0.7699999999999996
2018-07-20,2.6,2.89,0.78,1.91,2801.83,7820.2,12.86,113.3213,70.31,1224.85,0.29000000000000004,0.0,0.040000000000000036,0.050000000000000266,-0.009999999999999787,0.030000000000000027,0.0,0.0,-0.010000000000000009,0.050000000000000266,-0.04999999999999982,-0.0009489291369755293,0.016898890637484065,-0.0006519446717110355,0.016422703368871083,-0.0055001379483838875,0.00014649687175971593,0.0061009504419224925,-0.03596226457399876,0.012739025777429802,0.018517718541213313,-0.009999999999999787
2018-07-23,2.64,2.96,0.85,1.91,2806.98,7841.87,12.62,113.4246,67.9,1229.45,0.31999999999999984,0.040000000000000036,0.10000000000000009,0.06999999999999984,0.08999999999999986,0.06999999999999995,0.07999999999999996,0.0,-0.010000000000000009,0.029999999999999805,-0.010000000000000231,0.001836397184893812,0.03255507848752437,0.0027671966512645696,0.04031538786636979,0.0009111521500200226,0.0012227043399581916,0.0037485273897983618,-0.032292492844804066,-0.034878001646419854,-0.029172665959243282,-0.2400000000000002
2018-07-24,2.63,2.95,0.84,1.91,2820.4,7840.77,12.41,113.2045,70.77,1224.3,0.3200000000000003,-0.010000000000000231,0.10000000000000009,-0.009999999999999787,0.07000000000000028,-0.010000000000000009,0.07999999999999996,0.0,-0.010000000000000009,4.440892098500626e-16,-0.029999999999999805,0.004769546552918058,0.03512247089313281,-0.00014028250368625095,0.03625026840843759,-0.0019423813552652547,-0.0008573721056350792,-0.004197662811675329,-0.026478002133154988,0.041399147523042856,-0.061114905484436655,-0.20999999999999908
2018-07-25,2.66,2.94,0.81,1.91,2846.07,7932.24,12.29,112.9221,71.13,1230.55,0.2799999999999998,0.03000000000000025,0.14000000000000012,-0.010000000000000231,0.10999999999999988,-0.029999999999999916,0.09000000000000008,0.0,0.0,-0.04000000000000048,-0.03000000000000025,0.009060376426541339,0.05282436870647622,0.01159842356056906,0.06338205584089529,-0.002497717179799075,-0.00859720874901626,0.0050919718143696,-0.021107584047172168,0.005074006657730834,-0.08460678247119802,-0.120000000000001
2018-07-26,2.69,2.98,0.87,1.91,2837.44,7852.18,12.14,112.9179,71.59,1228.35,0.29000000000000004,0.029999999999999805,0.16999999999999993,0.040000000000000036,0.14000000000000012,0.05999999999999994,0.13,0.0,0.0,0.010000000000000231,-0.029999999999999805,-0.003036858079784821,0.04362789558747071,-0.010144267138658236,0.04539763337582947,-3.71944739683272e-05,-0.00813733992587995,-0.0017894185099320836,-0.017871665933366643,0.006446210662669927,-0.025649503211792712,-0.14999999999999858
2018-07-27,2.67,2.96,0.84,1.91,2818.82,7737.42,13.03,112.8125,68.66,1219.15,0.29000000000000004,-0.020000000000000018,0.1499999999999999,-0.020000000000000018,0.10999999999999988,-0.030000000000000027,0.09999999999999998,0.0,0.0,0.0,-0.040000000000000036,-0.006583879546122162,0.03628592169222067,-0.014722901546836198,0.029792886984520095,-0.0009338574481754236,-0.003946551142630206,-0.007517910791566607,-0.025429559931991363,-0.04178861137854817,-0.07665352063908237,0.8899999999999988
2018-07-30,2.66,2.98,0.85,1.91,2802.6,7630.0,14.26,112.6044,71.19,1222.05,0.31999999999999984,-0.009999999999999787,0.0900000000000003,0.020000000000000018,0.10999999999999988,0.010000000000000009,0.12,0.0,0.0,0.029999999999999805,0.019999999999999574,-0.0057707999094027684,0.027451803513179662,-0.013980453404032644,0.008199976330782732,-0.0018463572085174462,-0.013784125145355652,0.002375881832019644,-0.021813454700817303,0.03618557108623577,-0.03722514168477442,1.2300000000000004
2018-07-31,2.67,2.96,0.84,1.91,2816.29,7671.79,12.83,112.7299,69.88,1219.2,0.29000000000000004,0.009999999999999787,0.14000000000000012,-0.020000000000000018,0.1299999999999999,-0.010000000000000009,0.13,0.0,0.0,-0.029999999999999805,-0.010000000000000231,0.004872858193981422,0.03728429451574211,0.005462119647370756,0.022291007754436265,0.0011139006620508596,-0.00524039684184352,-0.002334870492378016,-0.021623121935387957,-0.018572873849925564,-0.059849884935578856,-1.4299999999999997
2018-08-01,2.67,3.0,0.87,1.91,2813.36,7707.29,13.15,112.8899,68.8,1222.75,0.33000000000000007,0.0,,0.040000000000000036,,0.030000000000000027,,0.0,,0.040000000000000036,,-0.0010409173801422256,,0.004616669274470908,,0.0014183154742761772,,0.002907514487084484,-0.027545951511324773,-0.015575740326558396,,0.3200000000000003
2018-08-02,2.66,2.98,0.86,1.91,2827.22,7802.69,12.19,113.1679,68.95,1217.6,0.31999999999999984,-0.009999999999999787,0.11000000000000032,-0.020000000000000018,0.14000000000000012,-0.010000000000000009,0.15000000000000002,0.0,0.0,-0.010000000000000231,0.029999999999999805,0.004914398127409569,0.032573968568924805,0.01230191181760354,0.028107421011451805,0.0024595491962147165,0.001698035021372668,-0.004220712312045016,-0.02825984585159791,0.0021778593000130186,-0.05776253395739772,-0.9600000000000009
2018-08-03,2.63,2.95,0.83,1.91,2840.35,7812.01,11.64,113.012,68.49,1207.7,0.3200000000000003,-0.03000000000000025,0.10000000000000009,-0.029999999999999805,0.13000000000000034,-0.030000000000000027,0.13,0.0,0.0,4.440892098500626e-16,0.03000000000000025,0.004633387321150373,0.028761823805371733,0.0011937470597285227,0.015950894306280716,-0.001378548886875386,0.0032722577090256166,-0.008163983826092291,-0.037780194827591096,-0.006693855029497264,-0.0743999429587161,-0.5499999999999989
2018-08-06,2.64,2.94,0.83,1.91,2850.4,7859.68,11.27,113.229,69.01,1212.0,0.2999999999999998,0.010000000000000231,0.07000000000000028,-0.010000000000000231,0.08000000000000007,0.0,0.09999999999999998,0.0,0.0,-0.020000000000000462,0.009999999999999787,0.0035320512931100723,0.023509531483207446,0.006083600048608417,0.013253369608326793,0.0019183089408638665,0.005193229939504995,0.0035541633479301282,-0.04090119930426539,0.007563672422697287,-0.06886727793649783,-0.370000000000001
2018-08-07,2.68,2.98,0.85,1.91,2858.45,7883.66,10.93,112.9759,69.17,1215.4,0.2999999999999998,0.040000000000000036,0.0900000000000003,0.040000000000000036,0.10999999999999988,0.020000000000000018,0.10999999999999999,0.0,0.0,0.0,0.019999999999999574,0.0028201845679713955,0.022862526251502757,0.00304636989930529,0.01591302694625618,-0.0022377950753611486,0.0035157711516093926,0.0028013530719954716,-0.031025938420724763,0.002315820979982952,-0.06898323335077361,-0.33999999999999986
2018-08-08,2.68,2.96,0.85,1.91,2857.7,7888.33,10.85,113.1411,66.92,1212.35,0.2799999999999998,0.0,0.10000000000000009,-0.020000000000000018,0.10999999999999988,0.0,0.10999999999999999,0.0,0.0,-0.020000000000000018,0.009999999999999787,-0.0002624143888114716,0.029719573816664457,0.0005921890815905329,0.022009303700398775,0.0014611907056334417,0.002503548884995155,-0.0025126158827024625,-0.030582926477793926,-0.033069366493870156,-0.05168921122030756,-0.08000000000000007
2018-08-09,2.64,2.93,0.82,1.91,2853.58,7891.78,11.27,113.3806,66.81,1215.5,0.29000000000000004,-0.040000000000000036,0.040000000000000036,-0.029999999999999805,0.08000000000000007,-0.030000000000000027,0.06999999999999995,0.0,0.0,0.010000000000000231,0.040000000000000036,-0.001442759141442096,0.019565830013693386,0.0004372593163122218,0.008636003709989737,0.002114588485283342,0.005320149301401678,0.0025948899376251333,-0.023859525956388516,-0.0016451061812379209,-0.05063449338151127,0.41999999999999993
2018-08-10,2.61,2.87,0.78,1.91,2833.28,7839.11,13.16,114.3005,67.61,1211.65,0.26000000000000023,-0.03000000000000025,0.020000000000000018,-0.06000000000000005,0.040000000000000036,-0.039999999999999925,0.06000000000000005,0.0,0.0,-0.029999999999999805,0.020000000000000018,-0.0071392952256221776,0.011347886208597835,-0.006696403931131911,0.0016763393092187329,0.008080644423621663,0.01081942726756946,-0.0031724477094545733,-0.0235314570851326,0.011903131165200698,-0.04934642190713223,1.8900000000000006
2018-08-13,2.61,2.88,0.78,1.91,2821.93,7819.71,14.78,114.851,67.25,1204.4,0.27,0.0,0.020000000000000018,0.009999999999999787,0.029999999999999805,0.0,0.030000000000000027,0.0,0.0,0.009999999999999787,0.009999999999999787,-0.004014003101378449,0.008362502383805648,-0.002477838039624203,0.0017906711992239366,0.004804690861953453,0.017631960719267425,-0.006001549439144327,-0.03307368778016162,-0.005338882620637975,-0.014320758508551634,1.6199999999999992
2018-08-14,2.63,2.89,0.8,1.91,2839.96,7870.89,13.31,114.658,67.04,1195.3,0.26000000000000023,0.020000000000000018,0.009999999999999787,0.010000000000000231,0.03000000000000025,0.020000000000000018,0.030000000000000027,0.0,0.0,-0.009999999999999787,0.020000000000000462,0.006368919546678065,0.010765639394139548,0.006523674239497623,0.002005595225504919,-0.001681851652821642,0.013235877249866412,-0.00758431772364343,-0.03965340434640208,-0.0031275623081201687,-0.014659328183141085,-1.4699999999999989
2018-08-15,2.61,2.86,0.78,1.91,2818.37,7774.12,14.64,115.1526,65.07,1186.7,0.25,-0.020000000000000018,0.009999999999999787,-0.03000000000000025,-0.020000000000000018,-0.020000000000000018,-0.010000000000000009,0.0,0.0,-0.010000000000000231,-0.029999999999999805,-0.007631263915858,0.0009762176426990621,-0.012370875330251607,-0.010278708615739873,0.004304420802728082,0.01591193522141854,-0.0072208542128420206,-0.03049839100960039,-0.02982584266693511,-0.05544939149722694,1.33
2018-08-16,2.63,2.87,0.79,1.92,2840.69,7806.52,13.45,114.6416,65.44,1179.65,0.2400000000000002,0.020000000000000018,0.029999999999999805,0.010000000000000231,0.03000000000000025,0.010000000000000009,0.040000000000000036,0.010000000000000009,0.010000000000000009,-0.009999999999999787,4.440892098500626e-16,0.007888276759113744,0.012825276148228149,0.004159013583901583,-0.0024027923857090627,-0.004447465099604031,0.006083455373874003,-0.00595856137837103,-0.03149965276710187,0.005670078787598953,-0.05904131813914848,-1.1900000000000013
2018-08-17,2.61,2.87,0.79,1.92,2850.13,7816.33,12.64,114.5339,65.93,1176.7,0.26000000000000023,-0.020000000000000018,0.009999999999999787,0.0,-0.020000000000000018,0.0,0.010000000000000009,0.0,0.010000000000000009,0.020000000000000018,-0.029999999999999805,0.003317626865218415,0.017091832150422093,0.0012558529704040922,-0.000494994743593935,-0.0009398911133908783,0.010643702208867012,-0.002503873822838898,-0.04010447703186326,0.007459880830716692,-0.06432046308586159,-0.8099999999999987
2018-08-20,2.6,2.82,0.75,1.92,2857.05,7821.01,12.49,114.3504,66.5,1188.75,0.21999999999999975,-0.009999999999999787,-0.040000000000000036,-0.050000000000000266,-0.14000000000000012,-0.040000000000000036,-0.09999999999999998,0.0,0.010000000000000009,-0.04000000000000048,-0.10000000000000009,0.0024250166951826913,0.017680451660710972,0.0005985672933803698,-0.0026636241014781348,-0.0016034305482266475,0.008129119510620342,0.010188424389716566,-0.03366458003194506,0.008608374536599683,-0.020834086902842053,-0.15000000000000036
2018-08-21,2.61,2.85,0.77,1.92,2862.96,7859.17,12.86,113.8604,67.32,1194.1,0.2400000000000002,0.009999999999999787,-0.020000000000000018,0.03000000000000025,-0.10000000000000009,0.020000000000000018,-0.06999999999999995,0.0,0.010000000000000009,0.020000000000000462,-0.08000000000000007,0.002066430689121823,0.014977335796914737,0.004867300673350172,0.0023439590755582884,-0.00429428189201797,0.005777218973867626,0.0044904286797384785,-0.02497648854053125,0.012255421660796628,-0.04997781276508828,0.3699999999999992
2018-08-22,2.6,2.82,0.74,1.92,2861.82,7889.1,12.25,113.663,67.85,1196.85,0.21999999999999975,-0.009999999999999787,-0.06000000000000005,-0.03000000000000025,-0.1200000000000001,-0.030000000000000027,-0.07000000000000006,0.0,0.010000000000000009,-0.020000000000000462,-0.06000000000000005,-0.0003982685850179024,0.005518690785355496,0.0038010570095377005,-0.005453407475473071,-0.001735206572422321,0.00653972958124438,0.0023003418830613853,-0.027768118471839465,0.007842016958273135,-0.04720980246454598,-0.6099999999999994
2018-08-23,2.61,2.82,0.73,1.92,2856.98,7878.46,12.41,114.0932,69.13,1187.3,0.20999999999999996,0.009999999999999787,-0.08000000000000007,0.0,-0.16000000000000014,-0.010000000000000009,-0.14,0.0,0.010000000000000009,-0.009999999999999787,-0.08000000000000007,-0.0016926632005294096,0.006862885664610907,-0.0013496066119316197,0.0033412530512535454,0.0037777282166056025,0.01035465227181831,-0.008011283750652964,-0.033989983712560345,0.018689403676295235,-0.03496660945092067,0.16000000000000014
2018-08-24,2.63,2.82,0.73,1.92,2874.69,7945.98,11.99,113.5985,69.71,1189.95,0.18999999999999995,0.020000000000000018,-0.040000000000000036,0.0,-0.14000000000000012,0.0,-0.10999999999999999,0.0,0.010000000000000009,-0.020000000000000018,-0.10000000000000009,0.006179719474591394,0.019626484685324463,0.008533687101071052,0.026597841699160796,-0.00434535627267163,0.0069431534473221035,0.0022294677443746025,-0.024242605176619136,0.008354989541134117,0.015176991468761614,-0.41999999999999993
2018-08-27,2.67,2.85,0.74,1.92,2896.74,8017.9,12.16,113.2721,69.97,,0.18000000000000016,0.040000000000000036,0.009999999999999787,0.03000000000000025,-0.1299999999999999,0.010000000000000009,-0.10999999999999999,0.0,0.010000000000000009,-0.009999999999999787,-0.13999999999999968,0.007641124395723509,0.03303840899045074,0.009010401804841806,0.049588696908035246,-0.0028774131615341147,0.005912097494305435,,,0.003722799259497478,-0.017285780357976677,0.16999999999999993
2018-08-28,2.67,2.88,0.77,1.92,2897.52,8030.04,12.5,113.3444,68.54,1212.75,0.20999999999999996,0.0,0.0,0.029999999999999805,-0.08000000000000007,0.030000000000000027,-0.06999999999999995,0.0,0.010000000000000009,0.029999999999999805,-0.08000000000000007,0.00026923196567363306,0.02843478276214295,0.001512967061913173,0.04563954432257766,0.000638082420769237,0.005436279253023812,,-0.005304397807056382,-0.020649062311342448,-0.01936196881939356,0.33999999999999986
2018-08-29,2.67,2.89,0.77,1.92,2914.04,8109.69,12.25,113.6461,69.68,1204.3,0.2200000000000002,0.0,0.0,0.010000000000000231,-0.10999999999999988,0.0,-0.09999999999999998,0.0,0.010000000000000009,0.010000000000000231,-0.10999999999999988,0.005685235804660849,0.035160935946946026,0.009870133716132656,0.05089300876423941,0.0026582625938971205,0.006676226372644756,-0.006992022858892,-0.015203935153032866,0.016495816097784832,0.012709587604949668,-0.25
2018-08-30,2.64,2.86,0.76,1.92,2901.13,8088.36,13.53,114.0899,70.25,1202.35,0.21999999999999975,-0.029999999999999805,-0.020000000000000018,-0.03000000000000025,-0.1200000000000001,-0.010000000000000009,-0.09999999999999998,0.0,0.010000000000000009,-4.440892098500626e-16,-0.10000000000000009,-0.004440118245784497,0.02580641957375196,-0.0026336518690772692,0.0359574450775586,0.003897500279231636,0.008114177455661675,-0.0016205101919544163,-0.012603733032942266,0.008146975669608203,0.018678703974544852,1.2799999999999994
2018-08-31,2.62,2.86,0.78,1.91,2901.52,8109.54,12.86,114.2755,69.84,1206.85,0.23999999999999977,-0.020000000000000018,-0.009999999999999787,0.0,-0.0900000000000003,0.020000000000000018,-0.04999999999999993,-0.010000000000000009,0.0,0.020000000000000018,-0.08000000000000052,0.00013442134217545032,0.021307453594777037,0.0026151553066640076,0.03737885332449409,0.0016254655115446326,0.011118191854081694,0.003735684238129089,-0.0007040649687208855,-0.005853396682508283,0.019519162321533834,-0.6699999999999999
2018-09-03,,,,,,,,,,1201.7,,,,,,,,,,,,,,,,,,-0.0042764383953546314,-0.008534666712005645,,,
2018-09-04,2.66,2.9,0.8,1.92,2896.72,8091.25,13.16,114.8584,69.82,1195.75,0.23999999999999977,,-0.020000000000000018,,-0.08000000000000007,,-0.04999999999999993,,0.010000000000000009,,-0.06000000000000005,,0.013299542530011088,,0.02599096783413124,,0.016525543707533785,-0.004963617356847472,-0.01629963714084859,,0.009353259064396546,
2018-09-05,2.66,2.9,0.81,1.92,2888.6,7995.17,13.91,114.7477,68.69,1194.7,0.23999999999999977,0.0,-0.020000000000000018,0.0,-0.06000000000000005,0.010000000000000009,-0.039999999999999925,0.0,0.010000000000000009,0.0,-0.040000000000000036,-0.002807106722542585,0.010754850196279975,-0.011945621528170136,0.013453157224370571,-0.00096426017059148,0.014100092831308864,-0.0008784957372283131,-0.014665516995374439,-0.016316873451099667,0.026105752107167035,0.75
2018-09-06,2.64,2.88,0.8,1.92,2878.05,7922.73,14.65,114.6479,67.81,1204.3,0.23999999999999977,-0.020000000000000018,0.0,-0.020000000000000018,-0.050000000000000266,-0.010000000000000009,-0.019999999999999907,0.0,0.010000000000000009,0.0,-0.050000000000000266,-0.0036589741948480636,0.008538635142874007,-0.009101765947734819,0.00391413196032353,-0.0008701126464192299,0.011115391699606292,0.008003377443255744,-0.009257029489743829,-0.012893951530039693,0.014856906758365263,0.7400000000000002
2018-09-07,2.71,2.94,0.84,1.92,2871.68,7902.54,14.88,114.5816,67.73,1200.75,0.22999999999999998,0.06999999999999984,0.10000000000000009,0.06000000000000005,0.06999999999999984,0.039999999999999925,0.05999999999999994,0.0,0.010000000000000009,-0.009999999999999787,-0.03000000000000025,-0.0022157571246541607,0.013462173243842024,-0.002551616617514796,0.008058919273940646,-0.0005784595948492566,0.0024562876811353718,-0.0029521237215002216,-0.009036705501789477,-0.0011804634689385196,0.0017733121242260452,0.23000000000000043
2018-09-10,2.73,2.94,0.84,1.92,2877.13,7924.16,14.16,114.6802,67.55,1195.8,0.20999999999999996,0.020000000000000018,0.1200000000000001,0.0,0.06000000000000005,0.0,0.05999999999999994,0.0,0.010000000000000009,-0.020000000000000018,-0.06000000000000005,0.0018960451407243895,0.019372221485944863,0.002732093670600122,0.01326885098416497,0.0008601520713806821,-0.0014882511094373996,-0.004130944098129419,-0.007166100160774569,-0.002661148820604531,0.004451045924259489,-0.7200000000000006
2018-09-11,2.76,2.98,0.86,1.92,2887.89,7972.47,13.22,114.7051,69.29,1194.0,0.2200000000000002,0.029999999999999805,0.1299999999999999,0.040000000000000036,0.08999999999999986,0.020000000000000018,0.05999999999999994,0.0,0.010000000000000009,0.010000000000000231,-0.040000000000000036,0.00373286215637858,0.01673616409564538,0.006078036505142492,0.01282321324980984,0.00021710196858926167,0.00041070251197350416,-0.0015064024942565979,-0.0010881849313877368,0.025432531233081868,0.033011139465461525,-0.9399999999999995
2018-09-12,2.74,2.97,0.85,1.92,2888.92,7954.23,13.14,114.2192,70.37,1197.8,0.22999999999999998,-0.019999999999999574,0.13000000000000034,-0.009999999999999787,0.11000000000000032,-0.010000000000000009,0.06999999999999995,0.0,0.010000000000000009,0.009999999999999787,-0.020000000000000018,0.00035659819551447924,0.024724026207017857,-0.002290494323931469,0.022903594256129978,-0.004245077780622886,-0.008138796071377463,0.003177525877814169,0.009310195159268453,0.015466440339167775,0.07830342247156441,-0.08000000000000007
2018-09-13,2.76,2.97,0.87,1.92,2904.18,8013.71,12.37,113.9268,68.6,1206.65,0.2100000000000004,0.019999999999999574,0.1299999999999999,0.0,0.10000000000000009,0.020000000000000018,0.07999999999999996,0.0,0.0,-0.019999999999999574,-0.029999999999999805,0.005268348654683841,0.022104098102587955,0.007449962249902242,0.026194542922130637,-0.0025632722914084027,-0.006254603263181835,0.007361384071260524,0.022630140608900007,-0.025474501246617542,0.047158842437347914,-0.7700000000000014
2018-09-14,2.78,2.99,0.89,1.92,2904.98,8010.04,12.07,114.0657,68.98,1206.2,0.2100000000000004,0.020000000000000018,0.16999999999999993,0.020000000000000018,0.1200000000000001,0.020000000000000018,0.09999999999999998,0.0,0.0,0.0,-0.04999999999999982,0.0002754270858638108,0.01906189832323335,-0.0004580700602758725,0.024480619891450672,0.0012184612843384457,-0.004096250865452511,-0.0003730028847357403,0.024761011547003164,0.005524072776855071,0.045223034383486294,-0.29999999999999893
2018-09-17,2.78,2.99,0.89,1.92,2888.8,7895.79,13.68,113.9158,68.86,1196.8,0.2100000000000004,0.0,0.17999999999999972,0.0,0.17000000000000037,0.0,0.14,0.0,0.0,0.0,-0.009999999999999343,-0.005585314617481352,0.011051567010569308,-0.014366048792775032,0.00951600380529527,-0.0013150191713062753,-0.0038078394885321387,-0.007823593796674189,0.00674899336061241,-0.001741149598316838,0.03487351024856977,1.6099999999999994
2018-09-18,2.81,3.05,0.92,1.92,2904.31,7956.11,12.79,113.7739,69.87,1199.4,0.23999999999999977,0.03000000000000025,0.20000000000000018,0.05999999999999961,0.19999999999999973,0.030000000000000027,0.15000000000000002,0.0,0.0,0.02999999999999936,-4.440892098500626e-16,0.0053546495954313045,0.014339785916878789,0.007610480906558692,0.01225918403850379,-0.0012464333553188212,-0.0007599909518329895,0.002170103514196775,0.004428668195070706,0.01456091465398135,0.037179003241754494,-0.8900000000000006
2018-09-19,2.81,3.08,0.93,1.92,2907.95,7950.04,11.75,113.6532,71.08,1203.0,0.27,0.0,0.20999999999999996,0.03000000000000025,0.26000000000000023,0.010000000000000009,0.19000000000000006,0.0,0.0,0.03000000000000025,0.050000000000000266,0.0012525249991828247,0.015990579501079516,-0.0007632268392612218,0.0076949001897048674,-0.0010614391278105373,-8.622350722120586e-05,0.002997005240269246,0.005125331552278567,0.017169630722091433,0.04650661700557279,-1.0399999999999991
2018-09-20,2.81,3.07,0.92,1.92,2930.75,8028.23,11.8,113.4989,70.77,1203.0,0.2599999999999998,0.0,0.20000000000000018,-0.010000000000000231,0.25,-0.010000000000000009,0.19000000000000006,0.0,0.0,-0.010000000000000231,0.04999999999999982,0.0078099973940757295,0.025493240095684655,0.009787120149532313,0.0188316269511688,-0.0013585612788302726,-0.005222513002657081,0.0,0.013136615302931531,-0.004370821198757646,0.02344639213051991,0.05000000000000071
2018-09-21,2.81,3.07,0.92,1.92,2929.67,7986.96,11.68,113.5099,70.8,1207.6,0.2599999999999998,0.0,0.18000000000000016,0.0,0.25,0.0,0.19000000000000006,0.0,0.0,0.0,0.06999999999999984,-0.000368574270180666,0.018944946350912595,-0.005153868465169964,0.005144071384927784,9.691254267352178e-05,-0.0007802441873119292,0.003816481858005538,0.014723629416562467,0.00042381861198048654,0.01551522120136628,-0.120000000000001
2018-09-24,2.83,3.08,0.92,1.93,2919.37,7993.25,12.2,113.5301,73.23,1198.75,0.25,0.020000000000000018,0.16000000000000014,0.010000000000000231,0.22999999999999998,0.0,0.18000000000000005,0.010000000000000009,0.010000000000000009,-0.009999999999999787,0.06999999999999984,-0.0035219491222058252,0.007781872832983261,0.0007872237379658031,-0.0030791066819482182,0.00017794221329570092,0.0022751111875178864,-0.007355571635035751,,0.033746172373304795,0.0455385943151736,0.5199999999999996
2018-09-25,2.83,3.1,0.94,1.93,2915.56,8007.47,12.42,113.7202,73.4,1199.45,0.27,0.0,0.16000000000000014,0.020000000000000018,0.2200000000000002,0.019999999999999907,0.16999999999999993,0.0,0.010000000000000009,0.020000000000000018,0.06000000000000005,-0.001305928448663174,0.006206712418646454,0.0017774204840375063,-0.002814653259823885,0.0016730454863393973,0.0033100742530880467,0.0005837711782827881,-0.011027389749394878,0.0023187625474916373,0.06850641917400768,0.22000000000000064
2018-09-26,2.83,3.06,0.92,1.93,2905.97,7990.37,12.89,113.6739,72.22,1198.8,0.22999999999999998,0.0,0.16000000000000014,-0.040000000000000036,0.16999999999999993,-0.019999999999999907,0.15000000000000002,0.0,0.010000000000000009,-0.040000000000000036,0.009999999999999787,-0.0032946695026323525,-0.002773192888646747,-0.002137789415627367,-0.014822576391583908,-0.0004072225325097989,0.0002445891266811273,-0.0005420619334230992,-0.0045774288239259775,-0.01620691977115829,0.03580368330506456,0.47000000000000064
2018-09-27,2.83,3.06,0.91,2.18,2914.0,8041.97,12.41,113.9784,72.18,1196.0,0.22999999999999998,0.0,0.18999999999999995,0.0,0.20000000000000018,-0.010000000000000009,0.15000000000000002,0.2500000000000002,0.26000000000000023,0.0,0.010000000000000231,0.002759466146894596,0.004426391504032345,0.006437011461942532,-0.005751913060564107,0.002675133803542451,-0.0009777773490080577,-0.0023384009319311616,-0.005295319563902723,-0.000554016634668919,0.027102691000787438,-0.4800000000000004
2018-09-28,2.81,3.05,0.91,2.18,2913.98,8046.35,12.12,113.8077,73.16,1183.5,0.23999999999999977,-0.020000000000000018,0.18999999999999995,-0.010000000000000231,0.18999999999999995,0.0,0.13,0.0,0.27000000000000024,0.009999999999999787,0.0,-6.863441535109871e-06,0.004285106720321785,0.0005444944044139532,-0.007822573962814161,-0.001498774788751156,-0.004102017649303846,-0.010506505556538315,-0.019537509358570126,0.013485824308022032,0.04644191199131775,-0.2900000000000009
2018-10-01,2.82,3.09,0.95,2.18,2924.59,8037.3,12.0,113.8235,75.37,1185.3,0.27,0.009999999999999787,,0.040000000000000036,,0.039999999999999925,,0.0,,0.03000000000000025,,0.003634455587306462,,-0.001125366562330754,,0.0001388210405730561,,0.0015197571314162772,-0.013741313831799218,0.029760494332713883,,-0.11999999999999922
2018-10-02,2.82,3.05,0.93,2.18,2923.43,7999.55,12.05,113.8954,75.16,1192.65,0.22999999999999998,0.0,0.1599999999999997,-0.040000000000000036,0.1499999999999999,-0.019999999999999907,0.13,0.0,0.26000000000000023,-0.040000000000000036,-0.009999999999999787,-0.00039671547471265,0.009178522036600079,-0.004707915797142803,-0.011397940779838578,0.0006314803241123101,-0.00841958200357329,0.006181814930147134,-0.0025958815448046124,-0.0027901433101140682,0.07369867286837462,0.05000000000000071
2018-10-03,2.85,3.15,0.99,2.18,2925.51,8025.09,11.61,114.1569,76.4,1203.5,0.2999999999999998,0.03000000000000025,0.18999999999999995,0.10000000000000009,0.25,0.05999999999999994,0.17999999999999994,0.0,0.26000000000000023,0.06999999999999984,0.06000000000000005,0.000711240015347947,0.01269686877449061,0.0031875938087182476,0.003735274557049806,0.0022933345957110163,-0.005161987237270793,0.009056256207524704,0.007338870399948405,0.016363521627209998,0.10637906794668428,-0.4400000000000013
2018-10-04,2.87,3.19,1.03,2.18,2901.61,7879.51,14.22,114.6867,74.44,1199.45,0.31999999999999984,0.020000000000000018,0.22999999999999998,0.040000000000000036,0.31000000000000005,0.040000000000000036,0.22999999999999998,0.0,0.26000000000000023,0.020000000000000018,0.08000000000000007,-0.008203069104388838,0.008152773864949836,-0.01830716471121896,-0.005470124206434335,0.0046302448181982925,0.0003383702273467293,-0.0033708598471955398,-0.004035366890502878,-0.02598926439842497,0.093283755078299,2.610000000000001
2018-10-05,2.88,3.23,1.07,2.18,2885.57,7788.45,14.82,114.561,74.26,1201.1,0.3500000000000001,0.009999999999999787,0.16999999999999993,0.040000000000000036,0.29000000000000004,0.040000000000000036,0.2300000000000001,0.0,0.26000000000000023,0.03000000000000025,0.1200000000000001,-0.005543301253227106,0.00482522973637689,-0.011623852152711223,-0.014542359741630762,-0.0010966305232047446,-0.00017980070100875878,0.0013746851845137797,0.00029144201551112303,-0.0024209830251153974,0.09204323552212212,0.5999999999999996
2018-10-08,,,,,2884.43,7735.95,15.69,,74.27,1194.8,,,,,,,,,,,,-0.0003951473188328336,0.0025340372768196673,-0.006763572200947365,-0.02403802561317825,,,-0.005258996218490353,-0.0008366101048498109,0.0001346529322709955,0.09483903727499765,0.8699999999999992
2018-10-09,2.88,3.21,1.04,2.18,2880.34,7738.02,15.95,114.6583,74.95,1187.4,0.33000000000000007,,0.1200000000000001,,0.22999999999999998,,0.18000000000000005,,0.26000000000000023,,0.10999999999999988,-0.0014189640475690268,-0.0026177889271279398,0.0002675460805914298,-0.02984851603772931,,-0.0004080860385693441,-0.006212764505379553,-0.005542972115972766,0.009114122867400987,0.07852062890931677,0.2599999999999998
2018-10-10,2.88,3.22,1.06,2.18,2785.68,7422.05,22.96,114.6072,73.18,1186.4,0.3400000000000003,0.0,0.13999999999999968,0.010000000000000231,0.25,0.020000000000000018,0.21000000000000008,0.0,0.26000000000000023,0.010000000000000231,0.11000000000000032,-0.033416333989062075,-0.036390721111704494,-0.04169054157781815,-0.069248563291616,-0.00044577139470369787,0.0033912203473498437,-0.0008425310128528096,-0.009563029006639745,-0.023899064957545235,0.03915512361260376,7.010000000000002
2018-10-11,2.85,3.14,1.02,2.18,2728.37,7329.06,24.98,114.4074,70.97,1201.1,0.29000000000000004,-0.029999999999999805,0.0900000000000003,-0.08000000000000007,0.16999999999999993,-0.040000000000000036,0.15000000000000002,0.0,0.26000000000000023,-0.050000000000000266,0.07999999999999963,-0.020787647463574643,-0.06244671722996298,-0.01260803177840586,-0.0893065573199241,-0.0017448673638442713,0.004209625274913975,0.012314291736722716,-0.004610121341177553,-0.030664907054169355,0.03396471780505195,2.0199999999999996
2018-10-12,2.85,3.15,1.03,2.18,2767.13,7496.89,21.31,114.3691,71.41,1218.75,0.2999999999999998,0.0,0.07000000000000028,0.009999999999999787,0.1599999999999997,0.010000000000000009,0.14,0.0,0.26000000000000023,0.009999999999999787,0.08999999999999941,0.014106320709680986,-0.0486158236061458,0.02264100031164773,-0.0662074869480005,-0.00033482460268263736,0.002656339387892892,0.014587939751612211,0.010350821295170398,0.006180663024126787,0.03462130805232366,-3.6700000000000017
2018-10-15,2.85,3.16,1.03,2.18,2750.79,7430.74,21.3,114.045,71.84,1233.0,0.31000000000000005,0.0,0.07000000000000028,0.010000000000000231,0.16999999999999993,0.0,0.14,0.0,0.26000000000000023,0.010000000000000231,0.09999999999999964,-0.005922538841602432,-0.04895304783026688,-0.008862817875813889,-0.06070425603103935,-0.002837830217186088,0.0011335283420130793,0.011624480852287178,0.029798895944131765,0.0060035084329257415,0.04236596608356624,-0.00999999999999801
2018-10-16,2.87,3.16,1.03,2.18,2809.92,7645.49,17.62,113.8963,71.93,1228.85,0.29000000000000004,0.020000000000000018,0.06000000000000005,0.0,0.11000000000000032,0.0,0.10999999999999999,0.0,0.26000000000000023,-0.020000000000000018,0.050000000000000266,0.02126787003864994,-0.03303982738704825,0.0284904815044964,-0.03982425543310164,-0.0013047220586557273,0.0010752396386761731,-0.003371451494589728,0.024257340935345262,0.0012519998853202097,0.029057051314905102,-3.6799999999999997
2018-10-17,2.89,3.19,1.06,2.19,2809.21,7642.7,17.4,114.1755,69.63,1226.75,0.2999999999999998,0.020000000000000018,0.08000000000000007,0.029999999999999805,0.10999999999999988,0.030000000000000027,0.13,0.009999999999999787,0.27,0.009999999999999787,0.029999999999999805,-0.0002527081607928139,-0.03454506054702389,-0.00036498761867420626,-0.039426016212514625,0.00244835301401114,0.00458503178049785,-0.0017103766997417225,0.019549958995334293,-0.032497914924809024,-0.020610494331995355,-0.22000000000000242
2018-10-18,2.87,3.17,1.07,2.19,2768.78,7485.14,20.06,114.8164,68.63,1224.6,0.2999999999999998,-0.020000000000000018,0.06000000000000005,-0.020000000000000018,0.10000000000000009,0.010000000000000009,0.15000000000000002,0.0,0.27,0.0,0.040000000000000036,-0.014496515061646065,-0.05685157300274568,-0.02083122211612043,-0.07004435847816737,0.0055975925213482824,0.011541185580676405,-0.0017541359261583622,0.01779582306917593,-0.014465752033911983,-0.03070542516714969,2.66
2018-10-19,2.92,3.2,1.09,2.19,2767.78,7449.03,19.89,114.8567,69.16,1228.25,0.28000000000000025,0.04999999999999982,0.10999999999999988,0.03000000000000025,0.13000000000000034,0.020000000000000018,0.17000000000000004,0.0,0.27,-0.019999999999999574,0.020000000000000462,-0.00036123513910180094,-0.056844233871666816,-0.00483589919923233,-0.06972638921222973,0.00035093356961368727,0.01179520660761657,0.00297613200490332,0.016955473216073713,0.007692903894546355,-0.023436339884583823,-0.16999999999999815
2018-10-22,2.92,3.2,1.09,2.19,2755.88,7468.63,19.64,115.1782,69.25,1222.9,0.28000000000000025,0.0,0.08999999999999986,0.0,0.1200000000000001,0.0,0.17000000000000004,0.0,0.26,0.0,0.03000000000000025,-0.004308743988789665,-0.057631028738250656,0.0026277594848469477,-0.06788585346534859,0.0027952298484406057,0.014412494242761476,-0.004365304853433116,0.01994573999767635,0.0013004842523578475,-0.05588202800553077,-0.25
2018-10-23,2.89,3.17,1.08,2.2,2740.69,7437.54,20.71,115.1651,66.49,1235.6,0.2799999999999998,-0.029999999999999805,0.06000000000000005,-0.03000000000000025,0.06999999999999984,-0.010000000000000009,0.14000000000000012,0.010000000000000231,0.27000000000000024,-4.440892098500626e-16,0.009999999999999787,-0.005527097324213415,-0.0618521976138009,-0.004171433048556494,-0.07383470699794259,-0.000113743269408495,0.012625705487013583,0.010331594849102288,0.029693563668495848,-0.04067158465308385,-0.09887237520610626,1.0700000000000003
2018-10-24,2.84,3.1,1.03,2.2,2656.1,7108.4,25.23,115.3755,66.56,1231.65,0.26000000000000023,-0.050000000000000266,0.009999999999999787,-0.06999999999999984,0.040000000000000036,-0.050000000000000044,0.10999999999999999,0.0,0.27000000000000024,-0.019999999999999574,0.03000000000000025,-0.03135083200711897,-0.08990836011828751,-0.04526296567935262,-0.11695988326166784,0.0018252755342409444,0.014858203553764326,-0.003201948221519757,0.02703367738039919,0.0010522360985891765,-0.08161321933635879,4.52
2018-10-25,2.86,3.14,1.09,2.2,2705.57,7318.34,24.22,115.4831,67.25,1232.15,0.28000000000000025,0.020000000000000018,0.029999999999999805,0.040000000000000036,0.08000000000000007,0.06000000000000005,0.18000000000000005,0.0,0.020000000000000018,0.020000000000000018,0.050000000000000266,0.018453729479332104,-0.07421409678585,0.029106342970186105,-0.09429055175342427,0.0009321724015611821,0.013115242151783058,0.00040587710598671833,0.02977795541831707,0.010313221968995201,-0.07074598073269467,-1.0100000000000016
2018-10-26,2.81,3.08,1.02,2.2,2658.69,7167.21,24.16,115.473,67.58,1236.05,0.27,-0.04999999999999982,0.0,-0.06000000000000005,0.03000000000000025,-0.07000000000000006,0.10999999999999999,0.0,0.020000000000000018,-0.010000000000000231,0.03000000000000025,-0.017479090705259992,-0.09168632404957489,-0.020867068754116147,-0.11570211491195437,-8.746250916402687e-05,0.014526554431370187,0.0031602003449719973,0.04344466131982738,0.004895062804195938,-0.07933674223652076,-0.05999999999999872
2018-10-29,2.81,3.08,1.02,2.2,2641.25,7050.29,24.7,115.8936,67.0,1230.75,0.27,0.0,-0.009999999999999787,0.0,-0.009999999999999787,0.0,0.07000000000000006,0.0,0.020000000000000018,0.0,0.0,-0.006581230333774002,-0.10190200997065535,-0.016447706815323926,-0.13102445516494754,0.0036357924032710542,0.018023525794068185,-0.004297071635555483,0.03762783255285562,-0.008619461895178482,-0.11771669846441313,0.5399999999999991
2018-10-30,2.84,3.12,1.07,2.2,2682.63,7161.65,23.35,116.2357,66.18,1220.0,0.28000000000000025,0.029999999999999805,0.020000000000000018,0.040000000000000036,0.07000000000000028,0.050000000000000044,0.14,0.0,0.020000000000000018,0.010000000000000231,0.050000000000000266,0.015545366655689286,-0.08595992784025341,0.015671650621174038,-0.1106448887466307,0.00294749734456623,0.020339542814522105,-0.008772880911007697,0.022673136711700792,-0.012314316897499289,-0.12724087205179835,-1.3499999999999979
2018-10-31,2.87,3.15,1.1,2.2,2711.74,7305.9,21.23,116.5281,65.31,1217.7,0.2799999999999998,0.03000000000000025,0.020000000000000018,0.029999999999999805,0.0,0.030000000000000027,0.1100000000000001,0.0,0.020000000000000018,-4.440892098500626e-16,-0.020000000000000018,0.010792838671998872,-0.07587832918360249,0.01994183954806772,-0.09389064300728123,0.0025124194897010454,0.020558627708512134,-0.0018870252143408095,0.011729855289835278,-0.01323313857890085,-0.1568375322579092,-2.120000000000001
2018-11-01,2.84,3.14,1.12,2.2,2740.37,7434.06,19.34,115.8657,63.67,1223.25,0.30000000000000027,-0.03000000000000025,-0.03000000000000025,-0.009999999999999787,-0.04999999999999982,0.020000000000000018,0.09000000000000008,0.0,0.020000000000000018,0.020000000000000462,-0.019999999999999574,0.010502452503905246,-0.057172807575308404,0.017389901968327237,-0.05819357632773503,-0.005700683872610135,0.010227699017703706,0.00454741765627098,0.019648132793301798,-0.025431669885631614,-0.15627993774511584,-1.8900000000000006
2018-11-02,2.91,3.22,1.16,2.19,2723.06,7356.99,19.51,115.643,63.12,1235.5,0.31000000000000005,0.07000000000000028,0.03000000000000025,0.08000000000000007,-0.009999999999999787,0.039999999999999813,0.08999999999999986,-0.010000000000000231,0.009999999999999787,0.009999999999999787,-0.040000000000000036,-0.006336699810106872,-0.05796620613218817,-0.010421261168000129,-0.05699098534302394,-0.0019239023733614857,0.009400427167546965,0.009964495259431772,0.02823794286821979,-0.008675817491314852,-0.1625347722113153,0.1700000000000017
2018-11-05,2.91,3.2,1.14,2.2,2738.31,7328.85,19.96,115.703,63.12,1231.6,0.29000000000000004,0.0,,-0.020000000000000018,,-0.020000000000000018,,0.010000000000000231,,-0.020000000000000018,,0.00558469381702853,-0.051986364996326806,-0.0038322676046185222,-0.054059680746695093,0.0005187035984652866,,-0.003161609378319774,0.03033532970839037,0.0,-0.1626694251435863,0.4499999999999993
2018-11-06,2.93,3.22,1.15,2.2,2755.45,7375.96,19.91,115.5622,62.16,1234.85,0.29000000000000004,0.020000000000000018,0.050000000000000266,0.020000000000000018,0.010000000000000231,0.010000000000000009,0.10999999999999988,0.0,0.020000000000000018,0.0,-0.040000000000000036,0.006239826862748821,-0.04432757408600896,0.006407449151204503,-0.04791977767608202,-0.0012176498443920991,0.007852512219210794,0.002635368145296191,0.03918346235906611,-0.015325970478227369,-0.18710951848921464,-0.05000000000000071
2018-11-07,2.96,3.22,1.15,2.2,2813.89,7570.75,16.36,115.2519,61.69,1235.05,0.26000000000000023,0.029999999999999805,0.08000000000000007,0.0,0.0,0.0,0.08999999999999986,0.0,0.020000000000000018,-0.029999999999999805,-0.08000000000000007,0.020987099015789212,0.010075858918842329,0.026066074592854704,0.019836838494590836,-0.0026887455050532694,0.005609538108861223,0.00016194987686724005,0.04018794324878616,-0.00758986283784413,-0.17080031636951354,-3.5500000000000007
2018-11-08,2.98,3.24,1.17,2.2,2806.83,7530.88,16.72,115.6478,60.71,1223.45,0.26000000000000023,0.020000000000000018,0.1299999999999999,0.020000000000000018,0.10000000000000009,0.020000000000000018,0.1499999999999999,0.0,0.020000000000000018,0.0,-0.029999999999999805,-0.0025121349979597696,0.028351371384457202,-0.005280236985576892,0.027164633287419804,0.0034291979414620144,0.010783603414167509,-0.00943671839181448,0.018436933120248966,-0.016013414079204757,-0.15614882339454894,0.35999999999999943
2018-11-09,2.94,3.19,1.15,2.19,2781.01,7406.9,17.36,116.4778,60.19,1219.05,0.25,-0.040000000000000036,0.08999999999999986,-0.050000000000000266,0.040000000000000036,-0.020000000000000018,0.11999999999999988,-0.010000000000000231,0.009999999999999787,-0.010000000000000231,-0.04999999999999982,-0.009241561593021252,0.005003489081754964,-0.016599902655897836,-0.012076269680125762,0.0071513313248239285,0.018269759341674074,-0.003602869813370546,0.0002461235552662089,-0.008602203582663392,-0.17093169000133912,0.6400000000000006
2018-11-12,,,,,2726.22,7200.87,20.45,,59.85,1207.05,,,,,,,,,,,,-0.01989813672759233,-0.008972108804234935,-0.0282101461418911,-0.031423597946202975,,,-0.00989250060707203,-0.021270857904093,-0.005664793555697045,-0.1825999919899619,3.09
2018-11-13,2.89,3.14,1.12,2.2,2722.18,7200.87,20.02,116.6694,55.63,1197.55,0.25,,0.020000000000000018,,-0.020000000000000018,,0.09000000000000008,,0.020000000000000018,,-0.040000000000000036,-0.0014830044565128375,-0.03172298329939771,0.0,-0.059914079450699376,,0.02405590882247921,-0.007901563193395411,-0.025800969602898682,-0.0731188079167806,-0.2569707997920627,-0.4299999999999997
2018-11-14,2.86,3.12,1.12,2.2,2701.58,7136.39,21.25,116.498,56.16,1201.45,0.26000000000000023,-0.03000000000000025,-0.03000000000000025,-0.020000000000000018,-0.06999999999999984,0.0,0.06000000000000005,0.0,0.010000000000000231,0.010000000000000231,-0.03999999999999959,-0.007596242848709522,-0.03906651798731442,-0.008994805804899642,-0.06854389763692481,-0.0014701886359134164,0.020137367172554654,0.0032513575953982965,-0.020839235307758663,0.009482135630353383,-0.2149907492369003,1.2300000000000004
2018-11-15,2.86,3.11,1.11,2.2,2730.2,7259.03,19.98,116.3861,56.45,1210.6,0.25,0.0,-0.010000000000000231,-0.010000000000000231,-0.06000000000000005,-0.010000000000000009,0.040000000000000036,0.0,0.010000000000000231,-0.010000000000000231,-0.04999999999999982,0.010538079545353796,-0.01403192338031456,0.017039164844140586,-0.030673510676663795,-0.0009609931172773756,0.013578781533928996,0.007586943795332424,-0.011498155586267877,0.005150530878116122,-0.1953744663248722,-1.2699999999999996
2018-11-16,2.81,3.08,1.06,2.2,2736.27,7247.87,18.14,115.9258,56.49,1215.8,0.27,-0.04999999999999982,-0.10999999999999988,-0.029999999999999805,-0.1200000000000001,-0.050000000000000044,-0.030000000000000027,0.0,0.010000000000000231,0.020000000000000018,-0.010000000000000231,0.00222081251512396,-0.011449875726088798,-0.0015385784973389605,-0.027376189974770426,-0.003962781091843226,0.009265066872472083,0.004286191857035604,-0.010188095734135594,0.0007083407414993914,-0.20235902947791917,-1.8399999999999999
2018-11-19,2.79,3.06,1.07,2.2,2690.73,7028.48,20.1,115.9859,57.16,1223.55,0.27,-0.020000000000000018,-0.1299999999999999,-0.020000000000000018,-0.14000000000000012,0.010000000000000009,-0.020000000000000018,0.0,0.010000000000000231,0.0,-0.010000000000000231,-0.0167831468390931,-0.023924278576392233,-0.03073716636922441,-0.060741115828841785,0.0005183007269184969,0.006988137750949974,0.006354173100077354,0.0005313822193748763,0.01179072172449569,-0.19186879200578133,1.9600000000000009
2018-11-20,2.79,3.06,1.09,2.2,2641.89,6908.82,22.48,116.2367,53.39,1223.1,0.27,0.0,-0.10000000000000009,0.0,-0.10999999999999988,0.020000000000000018,0.010000000000000009,0.0,0.0,0.0,-0.009999999999999787,-0.01831796215430881,-0.03671514340648763,-0.017171610035369156,-0.07374129281565445,0.002159997325934526,0.009261878346292995,-0.0003678499213819464,-0.010168062551109358,-0.06823089054957165,-0.21942809790226914,2.379999999999999
2018-11-21,2.81,3.06,1.09,2.2,2649.93,6972.25,20.8,116.092,54.41,1224.0,0.25,0.020000000000000018,-0.029999999999999805,0.0,-0.040000000000000036,0.0,0.06000000000000005,0.0,0.0,-0.020000000000000018,-0.010000000000000231,0.0030386544464438003,-0.0023256569529248594,0.009139128538590668,-0.01933919859771116,-0.0012456491058596697,0.006190953706192381,0.0007355645789539622,-0.006230549750635639,0.01892449798573903,-0.20155583601511928,-1.6799999999999997
2018-11-22,,,,,,,,,,1228.25,,,,,,,,,,,,,,,,,,0.003466207976486224,-0.003170218880136133,,,
2018-11-23,2.81,3.05,1.09,2.2,2632.56,6938.98,21.52,116.4713,,1222.15,0.23999999999999977,,0.0,,-0.03000000000000025,,0.07000000000000006,,0.0,,-0.03000000000000025,,-0.009876763492851381,,-0.032361667891697365,,0.00860815432430595,-0.0049787892594972405,-0.011309208484605371,,,
2018-11-26,2.84,3.07,1.11,2.2,2673.45,7081.85,18.9,116.6208,51.46,1226.65,0.22999999999999998,0.029999999999999805,0.029999999999999805,0.020000000000000018,-0.010000000000000231,0.020000000000000018,0.09000000000000008,0.0,0.0,-0.009999999999999787,-0.040000000000000036,0.015413016366781385,0.012117483207704005,0.020380383354337894,0.004466422277964455,0.0012827549324896381,0.006255116853524534,0.0036752736567811084,-0.0033368631922687797,,-0.2638878125373676,-2.620000000000001
2018-11-27,2.83,3.06,1.15,2.2,2682.17,7082.7,19.02,116.9001,51.31,1225.05,0.22999999999999998,-0.009999999999999787,-0.009999999999999787,-0.009999999999999787,-0.06000000000000005,0.039999999999999813,0.07999999999999985,0.0,0.0,0.0,-0.050000000000000266,0.0032563952280595387,-0.0001714882199257417,0.0001200179322360384,-0.011085210410973545,0.0023920782523569883,0.005699697761315292,-0.0013052169736473829,0.004130800745091534,-0.002919141899724753,-0.25449263753959306,0.120000000000001
2018-11-28,2.81,3.06,1.12,2.2,2743.79,7291.59,18.49,116.8343,50.06,1213.2,0.25,-0.020000000000000018,-0.06000000000000005,0.0,-0.08999999999999986,-0.029999999999999805,0.020000000000000018,0.0,0.0,0.020000000000000018,-0.029999999999999805,0.022714007938884784,0.01174968104696017,0.029066438294437447,-0.0019606116646038174,-0.0005630322429066581,0.0026242460287075886,-0.009720162657967713,-0.003702336698535369,-0.024663378950245285,-0.2659228779109375,-0.5300000000000011
2018-11-29,2.81,3.03,1.05,2.2,2737.76,7273.08,18.79,116.1961,51.46,1226.45,0.21999999999999975,0.0,-0.029999999999999805,-0.03000000000000025,-0.11000000000000032,-0.07000000000000006,-0.07000000000000006,0.0,0.0,-0.03000000000000025,-0.08000000000000052,-0.002200108521254407,-0.0009528799781994834,-0.0025417685351545316,-0.021892282168085586,-0.0054774106348958185,0.002847519266421905,0.010862320644665857,0.002612566289859508,0.027582520849970038,-0.21290868717533584,0.3000000000000007
2018-11-30,2.8,3.01,1.04,2.2,2760.17,7330.54,18.07,116.413,50.78,1220.45,0.20999999999999996,-0.010000000000000231,-0.11000000000000032,-0.020000000000000018,-0.2100000000000004,-0.010000000000000009,-0.11999999999999988,0.0,0.010000000000000231,-0.009999999999999787,-0.10000000000000009,0.008152204233589089,0.013536024065496477,0.007869322335578133,-0.0036016986645073246,0.001864931878110987,0.006636353517894378,-0.0049041742821192,-0.012256103251691464,-0.01330223057706581,-0.2175351002610868,-0.7199999999999989
2018-12-03,2.83,2.98,1.02,2.19,2790.37,7441.51,16.44,115.9057,52.98,1231.05,0.1499999999999999,0.03000000000000025,-0.08000000000000007,-0.029999999999999805,-0.2200000000000002,-0.020000000000000018,-0.11999999999999988,-0.010000000000000231,-0.010000000000000231,-0.06000000000000005,-0.14000000000000012,0.010881931492828123,0.01883326174129607,0.015024602206262117,0.015255171146373314,-0.004367283445696479,0.001750366473732612,0.008647820566856979,-0.00044667330651471104,0.04241190756739144,-0.17512319269369536,-1.629999999999999
2018-12-04,2.8,2.91,0.97,2.2,2700.06,7158.43,20.74,116.0028,53.21,1239.25,0.11000000000000032,-0.03000000000000025,-0.13000000000000034,-0.06999999999999984,-0.31000000000000005,-0.050000000000000044,-0.17999999999999994,0.010000000000000231,0.0,-0.03999999999999959,-0.17999999999999972,-0.03290020854234488,-0.020306773663797628,-0.03878310205572788,-0.02993538006055907,0.0008373992818215825,0.0038054155999462935,0.006638894156853148,0.003556852705042246,0.004331864764353988,-0.155465357451114,4.299999999999997
2018-12-05,,,,2.2,,,,,52.64,1236.15,,,,,,,,0.0,0.0,,,,,,,,,-0.0025046470231808726,0.0008902558049941334,-0.010770061591216074,-0.15864555620448595,
2018-12-06,2.75,2.87,0.97,2.2,2695.95,7188.26,21.19,116.3991,51.54,1236.45,0.1200000000000001,,-0.22999999999999998,,-0.3700000000000001,,-0.19999999999999996,0.0,0.0,,-0.14000000000000012,,-0.04030508578320635,,-0.0465627611894579,,0.006475437726137123,0.00024265954984414861,0.010569633746652762,-0.02111808179284269,-0.16375022391812388,
2018-12-07,2.72,2.85,0.96,2.19,2633.08,6969.25,23.23,116.0847,52.76,1241.2,0.1299999999999999,-0.029999999999999805,-0.21999999999999975,-0.020000000000000018,-0.33999999999999986,-0.010000000000000009,-0.18999999999999995,-0.010000000000000231,0.0,0.009999999999999787,-0.1200000000000001,-0.02359638323855595,-0.05465990742874105,-0.03094152469842726,-0.060904383231987325,-0.0027047062347094197,-0.003380599833396225,0.0038342831468787253,0.018006786706902034,0.02339512262489496,-0.13175289771056553,2.039999999999999
2018-12-10,2.72,2.85,0.99,2.2,2637.72,7020.52,22.64,116.6746,51.07,1246.8,0.1299999999999999,0.0,,0.0,,0.030000000000000027,,0.010000000000000231,,0.0,,0.0017606440003854473,-0.03300112670076327,0.007329674402956954,-0.02536456268713927,0.005068766429480398,,0.004501615318956986,0.03240090263293105,-0.03255608718956138,-0.15864419134442986,-0.5899999999999999
2018-12-11,2.78,2.89,1.06,2.19,2636.78,7031.83,21.76,116.7564,51.65,1248.25,0.11000000000000032,0.05999999999999961,-0.11000000000000032,0.040000000000000036,-0.25,0.07000000000000006,-0.06000000000000005,-0.010000000000000231,-0.010000000000000231,-0.019999999999999574,-0.13999999999999968,-0.0003564318930520116,-0.03187455413730245,0.0016096955231166277,-0.02375486716402264,0.0007008495302534001,0.0007454189213742524,0.0011623014875361548,0.041464767313862616,0.011292954906095165,-0.0742324285215541,-0.879999999999999
2018-12-12,2.77,2.91,1.08,2.19,2651.07,7098.31,21.46,116.2214,51.04,1244.75,0.14000000000000012,-0.009999999999999787,-0.08999999999999986,0.020000000000000018,-0.20999999999999996,0.020000000000000018,-0.040000000000000036,0.0,-0.010000000000000231,0.029999999999999805,-0.1200000000000001,0.005404856335625041,-0.018873454952967883,0.009409742653494035,-0.005350318705628965,-0.004592720339872791,-0.0023771127825851224,-0.0028078638584263516,0.03540554586003797,-0.011880556529113129,-0.0955951206810206,-0.3000000000000007
2018-12-13,2.75,2.91,1.08,2.19,2650.54,7070.33,20.65,116.3974,52.69,1244.45,0.16000000000000014,-0.020000000000000018,-0.10999999999999988,0.0,-0.19999999999999973,0.0,-0.030000000000000027,0.0,-0.010000000000000231,0.020000000000000018,-0.08999999999999986,-0.00019993926439898502,-0.029611473762720664,-0.003949572629688092,-0.026339056179457643,0.0015132055842741465,9.708591896639973e-05,-0.00024104129957613907,0.027577560765129405,0.031816045184659636,-0.06892960637447709,-0.8100000000000023
2018-12-14,2.73,2.89,1.07,2.19,2599.95,6910.66,21.63,116.79,51.26,1239.15,0.16000000000000014,-0.020000000000000018,-0.08000000000000007,-0.020000000000000018,-0.18999999999999995,-0.010000000000000009,0.010000000000000009,0.0,-0.010000000000000231,0.0,-0.10999999999999988,-0.019271178750727813,-0.05110346502857244,-0.02284200794874458,-0.04764248563086326,0.0033672520123655403,0.007427119023175166,-0.004268004546092108,0.019023364362001693,-0.027514963285269367,-0.09715291040124585,0.9800000000000004
2018-12-17,2.7,2.86,1.05,2.2,2545.94,6753.73,24.52,116.4532,49.8,1239.1,0.1599999999999997,-0.029999999999999805,-0.08999999999999986,-0.03000000000000025,-0.20000000000000018,-0.020000000000000018,-0.020000000000000018,0.010000000000000231,0.0,-4.440892098500626e-16,-0.11000000000000032,-0.020992280594401613,-0.05531259878388095,-0.022970202112654547,-0.0398755213742934,-0.002887974732701082,0.004020843563555587,-4.03510541762131e-05,0.012628840207748127,-0.02889573690531755,-0.1378393690310591,2.8900000000000006
2018-12-18,2.65,2.82,1.01,2.2,2546.16,6783.91,25.58,116.4127,46.12,1248.8,0.16999999999999993,-0.050000000000000266,-0.14000000000000012,-0.040000000000000036,-0.2400000000000002,-0.040000000000000036,-0.08000000000000007,0.0,0.0,0.010000000000000231,-0.10000000000000009,8.640835809892167e-05,-0.03690822827147322,0.004458687038198406,-0.018245224300725837,-0.00034783968291041134,0.0015130065547106497,0.007797780578775004,0.020794470707905077,-0.07676828862974894,-0.14637676711123637,1.0599999999999987
2018-12-19,2.63,2.77,0.97,2.2,2506.96,6636.83,25.58,116.0676,47.96,1248.6,0.14000000000000012,-0.020000000000000018,-0.18000000000000016,-0.04999999999999982,-0.29000000000000004,-0.040000000000000036,-0.1200000000000001,0.0,0.0,-0.029999999999999805,-0.10999999999999988,-0.01551547811321008,-0.0554623608311271,-0.02191919203864323,-0.04930354487795974,-0.002968855885672639,-0.0002102002251023194,-0.00016016657357909025,0.019898739555372025,0.039120634758455175,-0.12618063033852023,0.0
2018-12-20,2.67,2.79,1.03,2.4,2467.42,6528.41,28.38,116.0183,45.64,1255.0,0.1200000000000001,0.040000000000000036,,0.020000000000000018,,0.06000000000000005,,0.19999999999999973,,-0.020000000000000018,,-0.015897793403096827,,-0.016471017791406695,,-0.00042484270471820906,,0.005112648938240483,0.021545180517126283,-0.04958280516543878,,2.8000000000000007
2018-12-21,2.63,2.79,1.02,2.4,2416.62,6332.99,30.11,116.2227,45.38,1257.6,0.16000000000000014,-0.040000000000000036,-0.18000000000000016,0.0,-0.2599999999999998,-0.010000000000000009,-0.07000000000000006,0.0,0.19999999999999973,0.040000000000000036,-0.07999999999999963,-0.020803200653483067,-0.08558688712185258,-0.030390943559545747,-0.09138231115099593,0.0017602408943888648,-0.0021367125459423875,0.002069570109058283,0.028593539885681807,-0.005713045642179004,,1.7300000000000004
2018-12-24,2.55,2.74,0.99,2.4,2351.1,6192.92,36.07,116.2182,,1261.25,0.1900000000000004,-0.08000000000000007,-0.29000000000000004,-0.04999999999999982,-0.3299999999999996,-0.030000000000000027,-0.1200000000000001,0.0,0.19999999999999973,0.03000000000000025,-0.03999999999999959,-0.02748656592240728,-0.12848646941104125,-0.02236577444051413,-0.13412846894584796,-3.8719519676710945e-05,-0.0034581869981087365,0.002898149992876853,0.02781641622177755,,,5.960000000000001
2018-12-25,,,,,,,,,,,,,,,,,,,,,,,,,,,,,,,,
2018-12-26,2.61,2.81,1.04,2.4,2467.7,6554.36,30.41,116.1162,46.04,,0.20000000000000018,,-0.20000000000000018,,-0.25,,-0.08000000000000007,,0.19999999999999973,,-0.04999999999999982,,-0.1060536335838762,,-0.10659115217839066,,-0.006165277813262371,,,,-0.08371170214994628,
2018-12-27,2.56,2.77,1.03,2.4,2488.83,6579.49,29.96,115.9927,44.48,1271.1,0.20999999999999996,-0.04999999999999982,-0.25,-0.040000000000000036,-0.2599999999999998,-0.010000000000000009,-0.020000000000000018,0.0,0.19999999999999973,0.009999999999999787,-0.009999999999999787,0.00852617779166831,-0.09532734727095349,0.0038267576783841406,-0.10022262596485199,-0.0010641557618393804,-0.0017520229402059329,,0.03575884984153088,-0.03447093391135514,-0.14576515691127145,-0.4499999999999993
2018-12-28,2.52,2.72,0.99,2.4,2485.74,6584.52,28.34,115.7232,45.15,1277.25,0.20000000000000018,-0.040000000000000036,-0.2799999999999998,-0.04999999999999982,-0.2899999999999996,-0.040000000000000036,-0.050000000000000044,0.0,0.19999999999999973,-0.009999999999999787,-0.009999999999999787,-0.0012423185913208457,-0.10472187009586342,0.0007642048653568878,-0.10732774343507323,-0.00232612541063304,-0.00594308022894996,0.004826661910284358,0.04548968603393444,0.014950629920667868,-0.11751229641353778,-1.620000000000001
2018-12-31,2.48,2.69,0.98,2.4,2506.85,6635.28,25.42,115.5674,,1281.65,0.20999999999999996,-0.040000000000000036,-0.3500000000000001,-0.03000000000000025,-0.29000000000000004,-0.010000000000000009,-0.040000000000000036,0.0,0.20999999999999996,0.009999999999999787,0.06000000000000005,0.008456582977787619,-0.10714721861090393,0.007679427745975076,-0.11467291789536027,-0.0013472231345756924,-0.0029230199178291727,0.0034389810750052874,0.04028084654208275,,,-2.919999999999998
2019-01-01,,,,,,,,,,,,,,,,,,,,,,,,,,,,,,,,
2019-01-02,2.5,2.66,0.96,2.4,2510.03,6665.94,23.22,115.7689,46.31,1287.2,0.16000000000000014,,,,,,,,0.19999999999999973,,,,,,,,,,0.040467605800671436,,-0.12811836652440123,
2019-01-03,2.39,2.56,0.88,2.4,2447.89,6463.5,25.45,115.4622,46.92,1287.95,0.16999999999999993,-0.10999999999999988,-0.3599999999999999,-0.10000000000000009,-0.31000000000000005,-0.07999999999999996,-0.08999999999999997,0.0,0.19999999999999973,0.009999999999999787,0.04999999999999982,-0.025068276263535694,-0.09652421788405086,-0.0308400122030843,-0.10627817292204966,-0.002652758905331787,-0.008081599639513826,0.0005824903568374395,0.04080743660766473,0.013086103292614393,-0.09391418143894414,2.2300000000000004
2019-01-04,2.5,2.67,0.91,2.4,2531.94,6738.86,21.38,114.9821,47.76,1290.35,0.16999999999999993,0.10999999999999988,-0.2200000000000002,0.10999999999999988,-0.18000000000000016,0.030000000000000027,-0.04999999999999993,0.0,0.20999999999999996,0.0,0.040000000000000036,0.033759378318729105,-0.0391684563267658,0.041719804410782046,-0.03361684381284036,-0.004166739594889002,-0.009543632999693408,0.001861692350138,0.038834845810924,0.01774444529907182,-0.09956485876476728,-4.07
2019-01-07,2.53,2.7,0.92,2.4,2549.69,6823.47,21.4,114.5628,48.27,1291.5,0.17000000000000037,0.029999999999999805,-0.1900000000000004,0.03000000000000025,-0.1499999999999999,0.010000000000000009,-0.06999999999999995,0.0,0.19999999999999973,4.440892098500626e-16,0.04000000000000048,0.006985975834124858,-0.03394312449302639,0.012477368963043745,-0.028469149252753567,-0.0036533198198469563,-0.018265719249020762,0.0008908341507458672,0.03522406464271288,0.010621780588055074,-0.05638699098715083,0.019999999999999574
2019-01-08,2.58,2.73,0.91,2.4,2574.41,6897.0,20.47,114.7281,49.58,1283.9,0.1499999999999999,0.050000000000000266,-0.19999999999999973,0.029999999999999805,-0.16000000000000014,-0.010000000000000009,-0.15000000000000002,0.0,0.20999999999999996,-0.020000000000000462,0.03999999999999959,0.009648598495866523,-0.023938094104107854,0.010718394333462555,-0.01936045044240764,0.0014418367989019742,-0.017524731980372188,-0.005902012938856949,0.02815975021631978,0.026777276934642824,-0.04090266895860317,-0.9299999999999997
2019-01-09,2.56,2.74,0.91,2.4,2584.96,6957.08,19.98,114.1406,52.19,1281.3,0.18000000000000016,-0.020000000000000018,-0.20999999999999996,0.010000000000000231,-0.16999999999999993,0.0,-0.17000000000000004,0.0,0.20999999999999996,0.03000000000000025,0.040000000000000036,0.004089652304170244,-0.025253298135562652,0.00867331163566476,-0.020096881460236915,-0.005133959256293785,-0.018065970896793182,-0.0020271330815075927,0.028940480993238538,0.05130337904827709,0.022281266618787043,-0.48999999999999844
2019-01-10,2.56,2.74,0.93,2.4,2596.64,6986.07,19.5,114.0496,52.42,1292.4,0.18000000000000016,0.0,-0.18999999999999995,0.0,-0.16999999999999993,0.020000000000000018,-0.15000000000000002,0.0,0.20999999999999996,0.0,0.020000000000000018,0.004508267632578722,-0.020545091238584945,0.0041583202897008675,-0.011988988540847956,-0.0007975803064645959,-0.020376756787531924,0.008625767434812914,0.03780728972762759,0.004397292239938455,-0.0051374863259341375,-0.4800000000000004
2019-01-11,2.55,2.71,0.88,2.4,2596.26,6971.48,18.19,114.0404,51.44,1292.8,0.16000000000000014,-0.010000000000000231,-0.18000000000000016,-0.03000000000000025,-0.18000000000000016,-0.050000000000000044,-0.19000000000000006,0.0,0.20999999999999996,-0.020000000000000018,0.0,-0.00014635367547111144,-0.0014202661633282432,-0.002090625548760272,0.008762393859136353,-8.06699110436071e-05,-0.023824678710941072,0.00030945381648717074,0.04238474809020687,-0.018872117965896162,0.003505358993439067,-1.3099999999999987
2019-01-14,2.53,2.71,0.9,2.4,2582.61,6905.92,19.07,,50.31,1293.7,0.18000000000000016,-0.020000000000000018,-0.17000000000000037,0.0,-0.1499999999999999,0.020000000000000018,-0.15000000000000002,0.0,0.19999999999999973,0.020000000000000018,0.020000000000000462,-0.0052714324201366125,0.014300582010936758,-0.009448526054796957,0.022284069916993943,,,0.0006959211570256585,0.04312102030140874,-0.022212215426136606,0.01018888047262001,0.879999999999999
2019-01-15,2.53,2.72,0.91,2.4,2610.3,7023.83,18.6,114.3402,51.8,1289.35,0.1900000000000004,0.0,-0.1200000000000001,0.010000000000000231,-0.09999999999999964,0.010000000000000009,-0.09999999999999998,0.0,0.19999999999999973,0.010000000000000231,0.020000000000000462,0.010664641768124206,0.02487881542096204,0.01692963853547802,0.03475502141427356,,-0.017963420871422997,-0.003368114525286181,0.031955125197347556,0.02918628476220997,0.11614345386457892,-0.46999999999999886
2019-01-16,2.55,2.73,0.91,2.4,2616.1,7034.69,19.04,114.137,52.08,1290.5,0.18000000000000016,0.020000000000000018,-0.08000000000000007,0.009999999999999787,-0.040000000000000036,0.0,-0.05999999999999994,0.0,0.19999999999999973,-0.010000000000000231,0.040000000000000036,0.0022195019060893273,0.04261379544026145,0.0015449709016550628,0.05821918435457185,-0.0017787337517720658,-0.016773298737522424,0.0008915247600986831,0.03300681653102533,0.005390848634876377,0.08241366774100012,0.4399999999999977
2019-01-17,2.56,2.75,0.96,2.4,2635.96,7084.46,18.06,114.4115,51.83,1294.0,0.18999999999999995,0.010000000000000231,-0.10999999999999988,0.020000000000000018,-0.040000000000000036,0.04999999999999993,-0.07000000000000006,0.0,0.0,0.009999999999999787,0.06999999999999984,0.007562782854257932,0.06607437169761621,0.007050028669237207,0.08174023081521575,0.002402117117307867,-0.013946338915496348,0.0027084559021766097,0.030602623494961456,-0.004811865698698625,0.12718460720774027,-0.9800000000000004
2019-01-18,2.62,2.79,0.96,2.4,2670.71,7157.23,17.8,114.558,53.6,1285.05,0.16999999999999993,0.06000000000000005,-0.009999999999999787,0.040000000000000036,0.0,0.0,-0.06000000000000005,0.0,0.0,-0.020000000000000018,0.009999999999999787,0.013096912647037051,0.09997448499813633,0.010219381732753163,0.12235055610751466,0.0012796465904072463,-0.014426933219477966,-0.0069405679826823885,0.021592485403220785,0.03357993587514141,0.1664775887250607,-0.259999999999998
2019-01-21,,,,,,,,,,1278.7,,,,,,,,,,,,,,,,,,-0.004953691261040838,0.013740644149303094,,,
2019-01-22,2.58,2.74,0.95,2.4,2632.9,7020.36,20.8,114.7541,52.59,1284.75,0.16000000000000014,,,,,,,,,,,,,,,,,0.0047202100552166115,,,,
2019-01-23,2.58,2.76,0.96,2.4,2638.7,7025.77,19.52,114.5759,52.44,1284.9,0.17999999999999972,0.0,-0.029999999999999805,0.019999999999999574,-0.050000000000000266,0.010000000000000009,-0.08000000000000007,0.0,0.0,0.019999999999999574,-0.020000000000000462,0.0022004713333094728,0.06699982889626632,0.0007703189800345456,0.06945434069796974,-0.0015540926687807044,-0.013353928372408674,0.0001167474170964411,,-0.002856328705754141,0.13015907504181712,-1.2800000000000011
2019-01-24,2.56,2.72,0.95,2.4,2642.33,7073.46,18.89,114.617,52.94,1279.75,0.16000000000000014,-0.020000000000000018,0.0,-0.03999999999999959,-0.04999999999999982,-0.010000000000000009,-0.08000000000000007,0.0,0.0,-0.019999999999999574,-0.04999999999999982,0.0013747320396557683,0.05984838314425378,0.006764934237537545,0.07239251725712315,0.0003586498573087127,-0.011931122753260581,-0.0040161479517424326,0.0067820790370696216,0.009489537903456302,0.17411954685662856,-0.629999999999999
2019-01-25,2.6,2.76,0.97,2.4,2664.76,7164.86,17.42,114.0197,53.53,1282.95,0.1599999999999997,0.040000000000000036,0.08000000000000007,0.03999999999999959,0.03999999999999959,0.020000000000000018,-0.020000000000000018,0.0,0.0,-4.440892098500626e-16,-0.04000000000000048,0.008452893602496125,0.06954359533807075,0.012838769669770045,0.0844670820615363,-0.005224894855754059,-0.0148298921983816,0.002497367357207736,0.004452784483993,0.011083047606334606,0.1702519645422953,-1.4699999999999989
2019-01-28,2.6,2.75,0.97,2.4,2643.85,7085.68,18.87,114.0522,51.79,1301.0,0.1499999999999999,0.0,0.1200000000000001,-0.009999999999999787,0.06000000000000005,0.0,-0.010000000000000009,0.0,0.0,-0.009999999999999787,-0.06000000000000005,-0.007877809121116464,0.05320920323916667,-0.011112675707281028,0.0656749786082802,0.00028499784690705354,-0.013197671216898854,0.013971085817604312,0.014984889226592024,-0.03304516396948998,,1.4499999999999993
2019-01-29,2.56,2.72,0.94,2.4,2640.0,7028.29,19.13,114.026,53.07,1308.35,0.16000000000000014,-0.040000000000000036,,-0.029999999999999805,,-0.030000000000000027,,0.0,,0.010000000000000231,,-0.0014572709979780996,,-0.008132412963290037,,-0.00022974576364820365,,0.005633601808258781,,0.024414716404003833,,0.259999999999998
2019-01-30,2.52,2.7,0.86,2.4,2681.05,7183.08,17.66,114.0731,54.18,1312.95,0.18000000000000016,-0.040000000000000036,0.020000000000000018,-0.020000000000000018,0.040000000000000036,-0.07999999999999996,-0.09999999999999998,0.0,0.0,0.020000000000000018,0.020000000000000018,0.01542959167924618,0.06591380357397014,0.02178482744751875,0.0747172814934629,0.00041297839990939167,-0.014756491608705957,0.0035097125257932404,0.019807197168383084,0.0207000398171453,0.15695391616428855,-1.4699999999999989
2019-01-31,2.45,2.63,0.78,2.4,2704.1,7281.74,16.57,113.5504,53.84,1322.5,0.17999999999999972,-0.06999999999999984,0.06000000000000005,-0.07000000000000028,0.06999999999999984,-0.07999999999999996,-0.09999999999999998,0.0,0.0,-4.440892098500626e-16,0.009999999999999787,0.008560630907941125,0.09954271074544696,0.013641584200616563,0.11919887789716377,-0.0045926797431974364,-0.016696412446571607,0.007247370885897553,0.026472077697443197,-0.006295151320476755,0.1375726615511974,-1.0899999999999999
2019-02-01,2.52,2.7,0.82,2.4,2706.53,7263.87,16.14,113.7548,55.29,1320.75,0.18000000000000016,0.06999999999999984,0.020000000000000018,0.07000000000000028,0.03000000000000025,0.039999999999999925,-0.09000000000000008,0.0,0.0,4.440892098500626e-16,0.010000000000000231,0.000898231874432831,0.06668156430115069,-0.002457099975952559,0.07502197351042916,0.0017984635203580623,-0.010731209331324543,-0.001324127688029364,0.023286257659275833,0.02657537501336904,0.14640359126549463,-0.4299999999999997
2019-02-04,2.53,2.73,0.86,2.4,2724.87,7347.54,15.73,113.8766,54.57,1311.0,0.20000000000000018,0.009999999999999787,0.0,0.029999999999999805,0.029999999999999805,0.040000000000000036,-0.06000000000000005,0.0,0.0,0.020000000000000018,0.029999999999999805,0.00675334893535684,0.06644893740238267,0.011452818661620512,0.07399742320900593,0.0010701512324224893,-0.006007738279055097,-0.007409552280725151,0.014985871227804815,-0.013107779151700694,0.12267403152573886,-0.41000000000000014
2019-02-05,2.53,2.71,0.84,2.4,2737.7,7402.08,15.57,114.0431,53.69,1314.0,0.18000000000000016,0.0,-0.050000000000000266,-0.020000000000000018,-0.020000000000000018,-0.020000000000000018,-0.07000000000000006,0.0,0.0,-0.020000000000000018,0.03000000000000025,0.004697431279442554,0.0614977701859587,0.007395478470622052,0.07067450734616543,0.0014610411440356685,-0.005988533933921403,0.002285715280855527,0.02317359944751729,-0.016257516763662494,0.07963923782743354,-0.16000000000000014
2019-02-06,2.52,2.7,0.84,2.4,2731.61,7375.28,15.38,114.2305,53.94,1313.35,0.18000000000000016,-0.009999999999999787,-0.040000000000000036,-0.009999999999999787,-0.040000000000000036,0.0,-0.07000000000000006,0.0,0.0,0.0,0.0,-0.0022269728784429788,0.05518114500334548,-0.003627174188434168,0.0583740215220665,0.0016418897507151087,0.0007873150730874912,-0.0004947951458778022,0.02470593738314708,0.004645553277105918,0.03298141205626237,-0.1899999999999995
2019-02-07,2.48,2.65,0.81,2.4,2706.05,7288.35,16.37,114.4339,52.68,1306.6,0.16999999999999993,-0.040000000000000036,-0.08000000000000007,-0.050000000000000266,-0.0900000000000003,-0.029999999999999916,-0.12,0.0,0.0,-0.010000000000000231,-0.010000000000000231,-0.009401171920809581,0.041271705449957174,-0.011856684653062999,0.04235901657930263,0.001779026850227794,0.003363922229779881,-0.0051527814920273585,0.010927388456306808,-0.023636440836503514,0.004947678979820402,0.9900000000000002
2019-02-08,2.45,2.63,0.81,2.4,2707.88,7298.2,15.72,114.5003,52.75,1311.1,0.17999999999999972,-0.029999999999999805,-0.09999999999999964,-0.020000000000000018,-0.08000000000000007,0.0,-0.06999999999999995,0.0,0.0,0.009999999999999787,0.019999999999999574,0.0006760338865472448,0.04209409301197553,0.0013505594533604892,0.045800201581423394,0.0005800793578414343,0.004024671498664922,0.003438136098705691,0.014056070738525328,0.0013278954810953536,0.02514769242681192,-0.6500000000000004
2019-02-11,2.48,2.65,0.83,2.4,2709.8,7307.9,15.97,115.031,52.43,1306.75,0.16999999999999993,0.029999999999999805,-0.04999999999999982,0.020000000000000018,-0.06000000000000005,0.019999999999999907,-0.07000000000000006,0.0,0.0,-0.009999999999999787,-0.010000000000000231,0.0007087905082547863,0.04807431594036693,0.001328212380583338,0.05657694001680369,0.00462421417626846,,-0.0033233409123250013,0.010036808669174668,-0.0060848257717345255,0.041275082081214,0.25
2019-02-12,2.5,2.68,0.85,2.4,2744.73,7414.62,15.43,114.7297,53.14,1311.6,0.18000000000000016,0.020000000000000018,-0.029999999999999805,0.03000000000000025,-0.040000000000000036,0.020000000000000018,-0.06000000000000005,0.0,0.0,0.010000000000000231,-0.010000000000000231,0.012807878037835785,0.05021755221007851,0.014497772017591615,0.054145073498917284,-0.002622730281663266,0.0034007119693635346,0.003704627377461911,0.01710955057192276,0.013450993747226025,0.025539791066230055,-0.5400000000000009
2019-02-13,2.53,2.71,0.85,2.4,2753.03,7420.38,15.65,114.9407,53.84,1311.15,0.18000000000000016,0.029999999999999805,-0.020000000000000018,0.029999999999999805,-0.020000000000000018,0.0,-0.06000000000000005,0.0,0.0,0.0,0.0,0.0030194138361174794,0.05101746414010666,0.0007765420005991786,0.0533766445978614,0.0018374162222301038,0.007016861943365704,-0.00034315127588602223,0.015874874535938055,0.01308674500480489,0.03323568743615857,0.22000000000000064
2019-02-14,2.5,2.66,0.81,2.4,2745.73,7426.95,16.22,115.1007,54.4,1305.65,0.16000000000000014,-0.029999999999999805,-0.06000000000000005,-0.04999999999999982,-0.08999999999999986,-0.039999999999999925,-0.1499999999999999,0.0,0.0,-0.020000000000000018,-0.029999999999999805,-0.002655145628696509,0.04079953565715222,0.0008850076651931715,0.047211623593817365,0.0013910541824246891,0.006005799008482526,-0.004203613649431226,0.00896280498433022,0.010347468525424564,0.048395021660281756,0.5699999999999985
2019-02-15,2.52,2.66,0.8,2.4,2775.6,7472.41,14.91,114.9923,55.58,1318.0,0.14000000000000012,0.020000000000000018,-0.10000000000000009,0.0,-0.1299999999999999,-0.010000000000000009,-0.15999999999999992,0.0,0.0,-0.020000000000000018,-0.029999999999999805,0.010819962367806468,0.038522585377921637,0.006102294470347047,0.04309453633141125,-0.0009422277776351962,0.003783924640440084,0.009414435017276901,0.02531780798428951,0.021459270452460988,0.036274356237601335,-1.3099999999999987
2019-02-18,,,,,,,,,,1323.95,,,,,,,,,,,,,,,,,,0.004504256370957194,0.03477575561628754,,,
2019-02-19,2.5,2.65,0.78,2.4,2779.76,7486.77,14.88,114.57,56.12,1329.55,0.1499999999999999,,-0.08000000000000007,,-0.0900000000000003,,-0.16999999999999993,,0.0,,-0.010000000000000231,,0.05427869273870645,,0.06432296408804028,,-0.0016055882443186675,0.004220846665851319,0.03427639222692225,,0.06496626763300695,
2019-02-20,2.5,2.65,0.76,2.4,2784.7,7489.07,14.02,,56.9,1345.75,0.1499999999999999,0.0,-0.08000000000000007,0.0,-0.10999999999999988,-0.020000000000000018,-0.19999999999999996,0.0,0.0,0.0,-0.029999999999999805,0.0017755546082875995,0.05385377601368457,0.0003071614037128967,0.06385980651171863,,,0.01211093934180596,0.046270584151631766,0.013803085898024925,0.08162568223678601,-0.8600000000000012
2019-02-21,2.53,2.69,0.78,2.4,2774.88,7459.71,14.46,114.5091,56.95,1335.05,0.16000000000000014,0.029999999999999805,-0.03000000000000025,0.040000000000000036,-0.03000000000000025,0.020000000000000018,-0.16999999999999993,0.0,0.0,0.010000000000000231,0.0,-0.0035326446287138324,0.04894639934531497,-0.003928084800458365,0.05316678747372272,,-0.000941839519602361,-0.00798273412454975,0.04230399797882445,0.0008783487609065332,0.07301449309423624,0.4400000000000013
2019-02-22,2.48,2.65,0.74,2.4,2792.67,7527.54,13.51,114.2716,57.01,1322.25,0.16999999999999993,-0.04999999999999982,-0.1200000000000001,-0.040000000000000036,-0.10999999999999988,-0.040000000000000036,-0.22999999999999998,0.0,0.0,0.009999999999999787,0.010000000000000231,0.006390624438174619,0.046884130180993466,0.009051755743435308,0.049379773547387984,-0.0020762248329173616,0.002206830503234336,-0.009633913370428182,0.03017271725118853,0.0010530011502991599,0.0629844466382008,-0.9500000000000011
2019-02-25,2.51,2.67,0.75,2.4,2796.11,7554.46,14.85,114.1457,55.32,1329.15,0.16000000000000014,0.029999999999999805,-0.0900000000000003,0.020000000000000018,-0.08000000000000007,0.010000000000000009,-0.21999999999999997,0.0,0.0,-0.009999999999999787,0.010000000000000231,0.0012310380564022338,0.055992977358512164,0.0035698221175177736,0.06406227137218679,-0.0011023684523863153,0.0008194642039409672,0.005204809215332062,0.02140644064891628,-0.03009218424693305,0.06593742636075772,1.3399999999999999
2019-02-26,2.48,2.64,0.72,2.4,2793.9,7549.3,15.17,114.0687,55.4,1327.55,0.16000000000000014,-0.029999999999999805,-0.08000000000000007,-0.029999999999999805,-0.08000000000000007,-0.030000000000000027,-0.21999999999999997,0.0,0.0,0.0,0.0,-0.0007906963011299339,0.05665955205536033,-0.0006832735955484281,0.0715114107399284,-0.0006748040695230273,0.00037440589806614355,-0.0012045019712001448,0.014568336869457355,0.0014450869566804414,0.04296779691343433,0.3200000000000003
2019-02-27,2.5,2.69,0.76,2.4,2792.38,7554.51,14.7,114.0363,56.92,1326.45,0.18999999999999995,0.020000000000000018,-0.020000000000000018,0.04999999999999982,-0.010000000000000231,0.040000000000000036,-0.09999999999999998,0.0,0.0,0.029999999999999805,0.009999999999999787,-0.0005441904227900807,0.04068576995332407,0.0006898921804019409,0.050416475472811584,-0.0002840797020491337,-0.0003226522038923818,-0.0008289375003673882,0.010229686843296726,0.027067179468413194,0.049334936564702225,-0.47000000000000064
2019-02-28,2.52,2.73,0.78,2.4,2784.49,7532.53,14.78,114.1991,57.21,1325.45,0.20999999999999996,0.020000000000000018,0.06999999999999984,0.040000000000000036,0.10000000000000009,0.020000000000000018,0.0,0.0,0.0,0.020000000000000018,0.03000000000000025,-0.0028295460586900134,0.02929559298669293,-0.0029137611553817777,0.03386113011681324,0.0014265975182699009,0.0056966250575749555,-0.0007541762867360191,0.002228139670663154,0.005081935058786513,0.060712022943965493,0.08000000000000007
2019-03-01,2.55,2.76,0.8,2.4,2803.69,7595.35,13.57,114.537,55.76,1309.95,0.20999999999999996,0.029999999999999805,0.029999999999999805,0.029999999999999805,0.05999999999999961,0.020000000000000018,-0.019999999999999907,0.0,0.0,0.0,0.029999999999999805,0.006871673980360704,0.035269035092620804,0.008305243179416166,0.04462347327218197,0.002954498619113899,0.006852660156330792,-0.011763055875266382,-0.008210788516573864,-0.02567194182816923,0.008464706102427222,-1.209999999999999
2019-03-04,2.55,2.72,0.78,2.4,2792.81,7577.57,14.63,114.6925,56.6,1287.45,0.17000000000000037,0.0,0.020000000000000018,-0.03999999999999959,-0.009999999999999787,-0.020000000000000018,-0.07999999999999996,0.0,0.0,-0.03999999999999959,-0.029999999999999805,-0.0038881492742657286,0.024627536882998236,-0.002343650152818455,0.030827004457743,0.0013567191295384973,0.0071392280534468,-0.0173254506955125,-0.018126686931361213,0.014952218756868696,0.03652470401099661,1.0600000000000005
2019-03-05,2.55,2.72,0.79,2.4,2789.65,7576.36,14.74,114.804,56.55,1285.0,0.17000000000000037,0.0,0.020000000000000018,0.0,0.010000000000000231,0.010000000000000009,-0.04999999999999993,0.0,0.0,0.0,-0.009999999999999787,-0.0011321175028617958,0.018797988100693885,-0.00015969454822162277,0.023271831438899326,0.000971692455205897,0.0066498793646170284,-0.0019047995030181397,-0.02231720171523488,-0.0008837826470076138,0.05189843812765149,0.10999999999999943
2019-03-06,2.52,2.69,0.78,2.4,2771.45,7505.92,15.74,114.9714,56.22,1285.55,0.16999999999999993,-0.029999999999999805,0.0,-0.03000000000000025,-0.010000000000000231,-0.010000000000000009,-0.05999999999999994,0.0,0.0,-4.440892098500626e-16,-0.010000000000000231,-0.006545490992497349,0.014479469986639515,-0.00934083071834202,0.017558174908991475,0.001457075297153665,0.006465064911055585,0.0004279239916691324,-0.021394482577687945,-0.00585263708374395,0.04140024776680162,1.0
2019-03-07,2.47,2.64,0.74,2.4,2748.93,7421.46,16.59,115.4919,56.6,1286.4,0.16999999999999993,-0.04999999999999982,-0.009999999999999787,-0.04999999999999982,-0.009999999999999787,-0.040000000000000036,-0.07000000000000006,0.0,0.0,0.0,0.0,-0.0081589038889609,0.015721738018488196,-0.011316239193726929,0.018098620368327545,0.004516995851319372,0.009203033912147163,0.0006609771037124901,-0.015580723981948097,0.006736419730751564,0.0717731083340567,0.8499999999999996
2019-03-08,2.45,2.62,0.72,2.4,2743.07,7408.14,16.05,115.3599,55.77,1294.1,0.16999999999999993,-0.020000000000000018,0.0,-0.020000000000000018,-0.009999999999999787,-0.020000000000000018,-0.09000000000000008,0.0,0.0,0.0,-0.009999999999999787,-0.0021340139198384733,0.012911690212102478,-0.0017964076687242425,0.014951653246242813,-0.001143590947835449,0.0074793636064702795,0.005967853402921719,-0.013051006677732069,-0.014772894807674852,0.055672318045286495,-0.5399999999999991
2019-03-11,2.47,2.64,0.73,2.4,2783.3,7558.06,14.33,115.2967,56.79,1296.35,0.16999999999999993,0.020000000000000018,-0.009999999999999787,0.020000000000000018,-0.009999999999999787,0.010000000000000009,-0.09999999999999998,0.0,0.0,0.0,0.0,0.014559542940995485,0.026762442644843176,0.020035147850459012,0.03365858871611849,-0.0005480008079681298,0.00230714862223369,0.001737150352886907,-0.00799051541252016,0.018124163487878597,0.07988130730489962,-1.7200000000000006
2019-03-12,2.45,2.61,0.71,2.4,2791.52,7591.03,13.77,114.939,56.89,1296.95,0.1599999999999997,-0.020000000000000018,-0.04999999999999982,-0.03000000000000025,-0.07000000000000028,-0.020000000000000018,-0.14,0.0,0.0,-0.010000000000000231,-0.020000000000000462,0.002948976274417703,0.016903540881425094,0.004352743571416795,0.023513560269943667,-0.0031072530263562825,0.0018226258775406734,0.0004627308916864692,-0.011232411898295602,0.0017593248732152844,0.06818963843088888,-0.5600000000000005
2019-03-13,2.45,2.61,0.69,2.4,2810.92,7643.41,13.41,114.7372,58.27,1308.4,0.1599999999999997,0.0,-0.07999999999999963,0.0,-0.10000000000000009,-0.020000000000000018,-0.16000000000000003,0.0,0.0,0.0,-0.020000000000000462,0.006925581547047699,0.020809708592355314,0.006876551603790304,0.029613569873134793,-0.0017572569724597642,-0.0017720473171491946,0.008789662592031178,-0.0020995980303784023,0.023967802392427018,0.079070695818511,-0.35999999999999943
2019-03-14,2.46,2.63,0.69,2.4,2808.48,7630.91,13.5,114.79,58.59,1299.2,0.16999999999999993,0.009999999999999787,-0.040000000000000036,0.020000000000000018,-0.03000000000000025,0.0,-0.1200000000000001,0.0,0.0,0.010000000000000231,0.009999999999999787,-0.0008684201706037342,0.02259643405044809,-0.001636734439310672,0.02709182776863095,0.00046007619952082024,-0.0027030253000530635,-0.007056326256814849,-0.004952310637762025,0.0054766524017138,0.07419987969480024,0.08999999999999986
2019-03-15,2.43,2.59,0.65,2.4,2822.48,7688.53,12.88,114.5815,58.51,1302.65,0.1599999999999997,-0.029999999999999805,-0.08999999999999986,-0.040000000000000036,-0.07000000000000028,-0.039999999999999925,-0.15000000000000002,0.0,0.0,-0.010000000000000231,0.019999999999999574,0.004972519373935391,0.01674899105657701,0.007522503657673596,0.028512036955957498,-0.0018180118927348943,-0.0035788094151527616,0.0026519607371344733,-0.011714784917904453,-0.00136635375655203,0.051374255485787224,-0.6199999999999992
2019-03-18,2.45,2.6,0.64,2.4,2832.94,7714.48,13.1,114.4375,59.09,1305.35,0.1499999999999999,0.020000000000000018,,0.010000000000000231,,-0.010000000000000009,,0.0,,-0.009999999999999787,,0.003699110562036978,,0.0033694744795500498,,-0.0012575377499404183,,0.002070552886976884,-0.014148488401884762,0.00986402555743826,,0.21999999999999886
2019-03-19,2.46,2.61,0.66,2.4,2832.57,7723.95,13.56,114.2324,59.12,1308.35,0.1499999999999999,0.009999999999999787,-0.040000000000000036,0.009999999999999787,-0.040000000000000036,0.020000000000000018,-0.12,0.0,0.0,0.0,0.0,-0.00013061489628451994,0.01881983372502205,0.0012268088384299602,0.03118842835327129,-0.0017938526670926436,-0.0029510201378970535,0.002295597289238671,-0.01607373777849741,0.0005075712823634504,0.05207702140568671,0.46000000000000085
2019-03-20,2.4,2.54,0.58,2.41,2824.23,7728.97,13.91,114.1509,60.12,1303.0,0.14000000000000012,-0.06000000000000005,-0.10000000000000009,-0.06999999999999984,-0.10999999999999988,-0.08000000000000007,-0.18000000000000005,0.010000000000000231,0.010000000000000231,-0.009999999999999787,-0.009999999999999787,-0.0029486656918287224,0.014095613424905729,0.0006497154164524233,0.03153098236601082,-0.0007137124602332179,,-0.004097503195918506,-0.032282180316221876,0.016773288244826823,0.055047223752488605,0.34999999999999964
2019-03-21,2.41,2.54,0.58,2.41,2854.88,7838.96,13.63,114.1684,59.98,1317.3,0.1299999999999999,0.010000000000000231,-0.11999999999999966,0.0,-0.1499999999999999,0.0,-0.20000000000000007,0.0,0.010000000000000231,-0.010000000000000231,-0.03000000000000025,0.010794049627223856,0.028422307680843417,0.014130565870010159,0.04958963303647934,0.00015329409326536592,-0.0029797444181092203,0.010914889110936521,-0.013384557080735604,-0.002331391563910934,0.05183748342767114,-0.27999999999999936
2019-03-22,2.31,2.44,0.54,2.41,2800.71,7642.67,16.48,114.6856,58.87,1311.1,0.1299999999999999,-0.10000000000000009,-0.16999999999999993,-0.10000000000000009,-0.20999999999999996,-0.039999999999999925,-0.19999999999999996,0.0,0.010000000000000231,0.0,-0.040000000000000036,-0.01915685423505309,0.002874829007615709,-0.02535915393634447,0.015178723356699564,0.004519919953496654,0.003616400368304795,-0.00471770773042568,-0.008468351440733102,-0.01867955028069268,0.0321049319966793,2.8499999999999996
2019-03-25,2.26,2.43,0.55,2.4,2798.36,7637.54,16.33,114.4171,58.71,1319.35,0.17000000000000037,-0.050000000000000266,-0.25,-0.009999999999999787,-0.23999999999999977,0.010000000000000009,-0.19999999999999996,-0.010000000000000231,0.0,0.04000000000000048,0.010000000000000231,-0.0008394251681052012,0.000804365783108274,-0.0006714567656782577,0.010937444473503533,-0.002343928054346023,0.0023748407663450877,0.006272711552003152,-0.007400449104062012,-0.002721552964075613,0.059475563279536736,-0.15000000000000213
2019-03-26,2.24,2.41,0.55,2.4,2818.46,7691.52,14.68,114.6414,59.87,1315.25,0.16999999999999993,-0.019999999999999574,-0.23999999999999977,-0.020000000000000018,-0.22999999999999998,0.0,-0.16999999999999993,0.0,0.0,-4.440892098500626e-16,0.009999999999999787,0.00715710519489221,0.008752167279130418,0.007042861483443019,0.01866357955249498,0.001958452287887269,0.005008097123755384,-0.0031124294464426328,-0.0093083765793045,0.019565474861166443,0.07759595118402274,-1.6499999999999986
2019-03-27,2.22,2.39,0.55,2.41,2805.37,7643.38,15.15,115.1243,59.39,1318.25,0.16999999999999993,-0.020000000000000018,-0.2799999999999998,-0.020000000000000018,-0.2999999999999998,0.0,-0.20999999999999996,0.010000000000000231,0.010000000000000231,0.0,-0.020000000000000018,-0.0046551989086820456,0.0046411587932384535,-0.006278509561656875,0.011695177810436164,0.004203418621830046,0.009495595447634564,0.0022783377996624665,-0.006201101279274646,-0.008049682909492262,0.04247908880611728,0.47000000000000064
2019-03-28,2.23,2.39,0.56,2.41,2815.44,7669.17,14.43,115.2581,59.29,1306.9,0.16000000000000014,0.009999999999999787,-0.29000000000000004,0.0,-0.33999999999999986,0.010000000000000009,-0.21999999999999997,0.0,0.010000000000000231,-0.009999999999999787,-0.04999999999999982,0.0035831172994038596,0.011053822151332326,0.0033684819818891043,0.017977420947707046,0.0011615471932184818,0.009230545122583145,-0.008647178807589029,-0.014094103800127655,-0.001685204308492061,0.03571194943883871,-0.7200000000000006
2019-03-29,2.27,2.41,0.53,2.43,2834.4,7729.32,13.71,115.1371,60.19,1291.15,0.14000000000000012,0.040000000000000036,-0.2799999999999998,0.020000000000000018,-0.34999999999999964,-0.030000000000000027,-0.27,0.020000000000000018,0.03000000000000025,-0.020000000000000018,-0.06999999999999984,0.006711719685688067,0.01089386785665969,0.0078124940741517435,0.017484671842442623,-0.0010503692014820487,0.005225677301987197,-0.012124626504991909,-0.014455674429853183,0.015065567840403027,0.07644945910741097,-0.7199999999999989
2019-04-01,2.33,2.49,0.59,2.41,2867.19,7828.91,13.4,114.9362,61.59,1291.9,0.16000000000000014,0.06000000000000005,-0.21999999999999975,0.08000000000000007,-0.22999999999999998,0.05999999999999994,-0.19000000000000006,-0.020000000000000018,0.010000000000000231,0.020000000000000018,-0.010000000000000231,0.011502181500052444,0.026284198630977862,0.012802402360962972,0.03263072435622405,-0.0017464003955325325,0.0021225577769161674,0.0005807088682576733,0.0034504851339169917,0.022993294139272535,0.0844905344898148,-0.3100000000000005
2019-04-02,2.3,2.48,0.58,2.41,2867.24,7848.69,13.36,115.1173,62.53,1287.2,0.18000000000000016,-0.03000000000000025,-0.25,-0.010000000000000231,-0.2400000000000002,-0.010000000000000009,-0.21000000000000008,0.0,0.010000000000000231,0.020000000000000018,0.009999999999999787,1.7438524841040248e-05,0.027433754658680698,0.0025233467489140793,0.03531376565335975,0.001574416710974802,0.0027252820326850724,-0.0036446862880818998,0.0017105983488532317,0.01514692188025446,0.10052123901707688,-0.040000000000000924
2019-04-03,2.33,2.52,0.61,2.41,2873.4,7895.55,13.74,114.7211,62.46,1291.85,0.18999999999999995,0.03000000000000025,-0.18999999999999995,0.040000000000000036,-0.16999999999999993,0.030000000000000027,-0.17000000000000004,0.0,0.010000000000000231,0.009999999999999787,0.020000000000000018,0.002146103000463029,0.036125348651641076,0.005952670738102128,0.0506072671098039,-0.003447643147916679,-0.0021794364123852716,0.0036059828531467275,0.004888657210330827,-0.0011200897242735763,0.10525378637654725,0.3800000000000008
2019-04-04,2.33,2.51,0.61,2.41,2879.39,7891.78,13.58,114.9697,62.12,1291.6,0.17999999999999972,0.0,-0.14000000000000012,-0.010000000000000231,-0.13000000000000034,0.0,-0.13,0.0,0.010000000000000231,-0.010000000000000231,0.009999999999999787,0.002082468563852302,0.04636672110445428,-0.00047759818432524526,0.06144590811920558,0.0021646500170859895,-0.004531782246618654,-0.00019353964720014716,0.0040341404594181896,-0.005458353574447017,0.09305901307134867,-0.16000000000000014
2019-04-05,2.35,2.5,0.6,2.41,2892.74,7938.69,12.82,114.9726,63.1,1288.9,0.1499999999999999,0.020000000000000018,-0.10000000000000009,-0.009999999999999787,-0.1200000000000001,-0.010000000000000009,-0.12,0.0,0.010000000000000231,-0.029999999999999805,-0.020000000000000018,0.004625683691842575,0.053126418716135326,0.005926562800228297,0.06916887858815812,2.5223719169353842e-05,-0.0033629675796138514,-0.002092618473386487,-0.004026331416890017,0.015652771266681853,0.12348467914570538,-0.7599999999999998
2019-04-08,2.36,2.52,0.61,2.41,2895.77,7953.88,13.18,114.6893,64.37,1297.1,0.16000000000000014,0.009999999999999787,-0.11000000000000032,0.020000000000000018,-0.1200000000000001,0.010000000000000009,-0.12,0.0,0.010000000000000231,0.010000000000000231,-0.009999999999999787,0.0010469016298637612,0.0396137774050036,0.0019115856813041177,0.05104531641900323,-0.0024671061564394137,-0.005282072928085135,0.006341861935893256,0.0005783801661163324,0.019926916517357007,0.1252874321751838,0.35999999999999943
2019-04-09,2.35,2.51,0.6,2.41,2878.2,7909.28,14.28,114.5321,64.05,1301.85,0.1599999999999997,-0.009999999999999787,-0.10000000000000009,-0.010000000000000231,-0.10000000000000009,-0.010000000000000009,-0.10999999999999999,0.0,0.010000000000000231,-4.440892098500626e-16,0.0,-0.006085952726104793,0.030578848404481107,-0.005623106306490655,0.04106946654109578,-0.0013715998998771184,-0.003546419801605971,0.0036553264117360484,0.0037709756861659116,-0.004983657721781221,0.11854444958018728,1.0999999999999996
2019-04-10,2.31,2.48,0.54,2.41,2888.21,7964.24,13.3,114.4269,64.62,1304.8,0.16999999999999993,-0.040000000000000036,-0.14000000000000012,-0.029999999999999805,-0.1299999999999999,-0.05999999999999994,-0.1499999999999999,0.0,0.010000000000000231,0.010000000000000231,0.010000000000000231,0.003471834314500377,0.027125101171933785,0.00692476774173123,0.041117682679036704,-0.0009189418839445906,-0.0027081047130907976,0.002263442548440686,-0.00275524435742458,0.008859932053608688,0.10343657924136895,-0.9799999999999986
2019-04-11,2.35,2.51,0.57,2.41,2888.32,7947.36,13.02,114.6303,63.61,1304.65,0.1599999999999997,0.040000000000000036,-0.10999999999999988,0.029999999999999805,-0.1200000000000001,0.029999999999999916,-0.12,0.0,0.010000000000000231,-0.010000000000000231,-0.010000000000000231,3.808514800862639e-05,0.028031606490546146,-0.0021217233128538737,0.0406326938054935,0.001775976074638308,-0.0013922048379733098,-0.00011496675557332026,0.004186115143816949,-0.015753269705639283,0.08220665713401587,-0.28000000000000114
2019-04-12,2.4,2.56,0.61,2.41,2907.41,7984.16,12.01,114.3531,63.86,1296.15,0.16000000000000014,0.04999999999999982,-0.03000000000000025,0.050000000000000266,-0.029999999999999805,0.040000000000000036,-0.040000000000000036,0.0,0.010000000000000231,4.440892098500626e-16,4.440892098500626e-16,0.0065876322869362625,0.029646719403547017,0.0046197808432495435,0.03772997099106945,-0.0024211373873388453,-0.001995330332577261,-0.006536473595712522,-0.005002319189030047,0.003922496595922809,0.08749550748649071,-1.0099999999999998
2019-04-15,2.4,2.55,0.61,2.41,2905.58,7976.01,12.32,114.495,63.43,1286.75,0.1499999999999999,0.0,-0.050000000000000266,-0.010000000000000231,-0.050000000000000266,0.0,-0.030000000000000027,0.0,0.010000000000000231,-0.010000000000000231,0.0,-0.0006296243621459752,0.025317984479364064,-0.0010212924684882552,0.033339204043031145,0.0012401240664505764,0.0005023314838137338,-0.007278672422653898,-0.014351544498660829,-0.006756251640830158,0.07087523028822229,0.3100000000000005
2019-04-16,2.41,2.6,0.64,2.41,2907.06,8000.23,12.18,114.6756,64.01,1283.75,0.18999999999999995,0.010000000000000231,-0.04999999999999982,0.050000000000000266,-0.009999999999999787,0.030000000000000027,-0.020000000000000018,0.0,0.010000000000000231,0.040000000000000036,0.040000000000000036,0.0005092350573869808,0.025957834433035565,0.0030320048465277694,0.035144400051128954,0.0015761187288987344,0.003872302879805112,-0.0023341772900957736,-0.018981319077995273,0.009102385508106714,0.07947004451396555,-0.14000000000000057
2019-04-17,2.4,2.59,0.65,2.42,2900.45,7996.08,12.6,114.5141,63.74,1276.1,0.18999999999999995,-0.010000000000000231,0.0,-0.010000000000000231,0.04999999999999982,0.010000000000000009,0.07000000000000006,0.009999999999999787,0.009999999999999787,0.0,0.04999999999999982,-0.0022763638303944234,0.026630136294469864,-0.0005188696759574896,0.03397581495871904,-0.0014093131299572903,0.0031767022100810394,-0.005976930502837874,-0.02086074638491464,-0.004227012164721877,0.058469744104416854,0.41999999999999993
2019-04-18,2.38,2.57,0.62,2.43,2905.03,7998.06,12.09,114.7073,64.02,1276.5,0.18999999999999995,-0.020000000000000018,-0.03000000000000025,-0.020000000000000018,0.029999999999999805,-0.030000000000000027,0.040000000000000036,0.010000000000000231,0.020000000000000018,0.0,0.06000000000000005,0.0015778199046989627,0.01741390657194497,0.00024759068135082885,0.02009283977005971,0.001685706882079252,0.0047091149988949255,0.00031340594160766955,-0.03146222955424349,0.004383225552526682,0.06518436122085447,-0.5099999999999998
2019-04-19,,,,2.44,,7998.063,,114.6977,,,,,,,,,,0.009999999999999787,0.029999999999999805,,,,,3.750908899036176e-07,0.045452368797294085,-8.369477566461114e-05,0.00010550026973366045,,,,,
2019-04-22,2.38,2.59,0.64,2.44,2907.97,8015.27,12.42,114.7694,65.66,,0.20999999999999996,,0.1200000000000001,,0.1599999999999997,,0.08999999999999997,0.0,0.040000000000000036,,0.03999999999999959,,0.038421711951596826,0.0021490849684617785,0.04827291053143412,0.0006249262080135765,0.0030743545320932597,,,,0.1118798419973519,
2019-04-23,2.36,2.57,0.62,2.44,2933.68,8120.82,12.28,115.1578,66.24,1273.45,0.20999999999999996,-0.020000000000000018,0.11999999999999966,-0.020000000000000018,0.1599999999999997,-0.020000000000000018,0.06999999999999995,0.0,0.040000000000000036,0.0,0.040000000000000036,0.008802364401891971,0.04006697115859659,0.013082661965288622,0.054312711013279724,0.003378463874075699,0.00449436611828169,,-0.032297008838890306,0.008794598003557752,0.10110896513974321,-0.14000000000000057
2019-04-24,2.32,2.53,0.57,2.44,2927.25,8102.01,13.14,115.4187,65.96,1273.8,0.20999999999999996,-0.040000000000000036,0.09999999999999964,-0.040000000000000036,0.13999999999999968,-0.050000000000000044,0.019999999999999907,0.0,0.029999999999999805,0.0,0.040000000000000036,-0.002194191904615117,0.042527978162663516,-0.0023189552537150604,0.05827226532122154,0.002263024300786398,0.0025539717972380416,0.0002748061652395606,-0.03430054047331321,-0.004236012385606003,0.10492263566362947,0.8600000000000012
2019-04-25,2.33,2.54,0.56,2.44,2926.17,8106.29,13.25,115.7709,65.23,1277.85,0.20999999999999996,0.010000000000000231,0.10000000000000009,0.010000000000000231,0.1499999999999999,-0.009999999999999898,0.0,0.0,0.029999999999999805,0.0,0.04999999999999982,-0.0003690150415502913,0.038575845821709365,0.0005281244917085814,0.055431907831041016,0.0030468522153679345,0.004439276819387494,0.003174419219693192,-0.02247894244603099,-0.011129011883393325,0.09547882808872821,0.10999999999999943
2019-04-26,2.28,2.51,0.54,2.44,2939.88,8133.96,12.73,115.4767,63.29,1281.5,0.22999999999999998,-0.050000000000000266,0.009999999999999787,-0.03000000000000025,0.09999999999999964,-0.020000000000000018,0.010000000000000009,0.0,0.009999999999999787,0.020000000000000018,0.08999999999999986,0.0046743634859041094,0.03653848962192541,0.0034075863086489022,0.051027000065538175,-0.002544460212583033,0.00294518580828651,0.0028522886471664677,-0.007502027293872615,-0.03019214702079065,0.05022111322753453,-0.5199999999999996
2019-04-29,2.3,2.54,0.58,2.45,2943.03,8149.39,13.11,115.5227,63.39,1282.15,0.2400000000000002,0.020000000000000018,-0.03000000000000025,0.03000000000000025,0.04999999999999982,0.039999999999999925,-0.010000000000000009,0.010000000000000231,0.040000000000000036,0.010000000000000231,0.08000000000000007,0.0010708986882486116,0.026107206810121575,0.0018951879826172302,0.04011978568719243,0.0003982694379986995,0.005089855641817742,0.0005070895121637164,-0.007575646649966572,0.0015787815088605939,0.02880660059712259,0.379999999999999
2019-04-30,2.27,2.51,0.56,2.45,2945.83,8095.39,13.12,115.3281,63.83,1285.15,0.23999999999999977,-0.029999999999999805,-0.029999999999999805,-0.03000000000000025,0.029999999999999805,-0.019999999999999907,-0.019999999999999907,0.0,0.040000000000000036,-4.440892098500626e-16,0.05999999999999961,0.000950948132915741,0.027040716418196276,-0.006648313969190411,0.030948124969087942,-0.001685937809996929,0.001829501120846011,0.002337086717947301,-0.0015938736439373713,0.006917178971891147,0.020576857688759276,0.009999999999999787
2019-05-01,2.31,2.52,0.59,2.45,2923.73,8049.64,14.8,115.0022,63.55,1281.8,0.20999999999999996,0.040000000000000036,-0.020000000000000018,0.010000000000000231,0.0,0.029999999999999916,-0.020000000000000018,0.0,0.040000000000000036,-0.029999999999999805,0.020000000000000018,-0.007530412649501272,0.017364200768231974,-0.0056673939230798,0.019328060307906014,-0.002829851022513985,0.002447293246248705,-0.002610102964109906,-0.007809959461194005,-0.004396301632502819,0.017300645780530033,1.6800000000000015
2019-05-02,2.35,2.55,0.66,2.41,2917.52,8036.77,14.42,115.5617,61.75,1271.45,0.19999999999999973,0.040000000000000036,0.020000000000000018,0.029999999999999805,0.040000000000000036,0.07000000000000006,0.050000000000000044,-0.040000000000000036,0.0,-0.010000000000000231,0.020000000000000018,-0.0021262580234031603,0.013155474180976512,-0.0016001087558965565,0.018205549736334703,0.004853327847436084,0.0051359710765988,-0.00810735861464984,-0.015723778428643698,-0.028733022127376273,-0.005974022772399223,-0.3800000000000008
2019-05-03,2.33,2.54,0.63,2.4,2945.64,8164.0,12.87,115.2646,61.98,1270.05,0.20999999999999996,-0.020000000000000018,-0.020000000000000018,-0.009999999999999787,0.040000000000000036,-0.030000000000000027,0.030000000000000027,-0.010000000000000231,-0.010000000000000231,0.010000000000000231,0.06000000000000005,0.00959217064148099,0.018121961130614928,0.01570698376990798,0.027985970706014385,-0.002574231481119682,0.002536515876309764,-0.0011017116990812426,-0.014732871654338453,0.0037177768515155307,-0.017909017187565546,-1.5500000000000007
2019-05-06,2.31,2.51,0.6,2.4,2932.47,8123.29,15.44,115.3811,62.3,,0.19999999999999973,-0.020000000000000018,-0.04999999999999982,-0.03000000000000025,-0.010000000000000231,-0.030000000000000027,-0.010000000000000009,0.0,-0.010000000000000231,-0.010000000000000231,0.03999999999999959,-0.004481039666655029,0.012594019834096137,-0.004999000420395916,0.02107538460431435,0.0010102075166154023,0.00601382954936458,,,0.005149673433805013,-0.03268626027111754,2.5700000000000003
2019-05-07,2.28,2.45,0.58,2.4,2884.05,7963.76,19.32,115.6116,61.41,1281.3,0.17000000000000037,-0.03000000000000025,-0.07000000000000028,-0.05999999999999961,-0.05999999999999961,-0.020000000000000018,-0.020000000000000018,0.0,-0.010000000000000231,-0.02999999999999936,0.010000000000000675,-0.016649515009818927,0.0020304575503820033,-0.01983399438958422,0.0068644965212207865,0.0019957347267336445,0.009381164175975343,,-0.015911142242832632,-0.014388737452099676,-0.042091340001435995,3.880000000000001
2019-05-08,2.3,2.49,0.62,2.39,2879.42,7943.32,19.4,115.5171,62.13,1287.75,0.1900000000000004,0.020000000000000018,-0.010000000000000231,0.040000000000000036,0.010000000000000231,0.040000000000000036,0.07999999999999996,-0.009999999999999787,-0.020000000000000018,0.020000000000000018,0.020000000000000462,-0.0016066713268170218,-0.0030480480909353957,-0.00256992625292618,-0.002630197473436624,-0.0008177262734214708,0.009482379786498463,0.00502132193016358,-0.013153262861109738,0.011656275734295285,-0.0392949963207494,0.0799999999999983
2019-05-09,2.26,2.45,0.6,2.38,2870.72,7910.59,19.1,115.8421,61.58,1284.1,0.1900000000000004,-0.040000000000000036,-0.0900000000000003,-0.040000000000000036,-0.05999999999999961,-0.020000000000000018,0.030000000000000027,-0.010000000000000231,-0.03000000000000025,0.0,0.030000000000000693,-0.0030260155887189555,-0.006112148827662978,-0.0041289557590733494,-0.0046374299196561,0.002809485974834658,0.010515889686694813,-0.002838425608466366,-0.015876721714002784,-0.008891821579248393,-0.03243354819435851,-0.29999999999999716
2019-05-10,2.26,2.47,0.59,2.38,2881.4,7916.94,16.04,115.5334,61.65,1285.4,0.2100000000000004,0.0,-0.14000000000000012,0.020000000000000018,-0.08999999999999986,-0.010000000000000009,-0.020000000000000018,0.0,-0.03000000000000025,0.020000000000000018,0.050000000000000266,0.0037134177564537296,-0.00898636335814551,0.0008023994066927997,-0.008454811356212844,-0.002668391278851878,0.01026863579518178,0.0010118700999584007,-0.008328378018331861,0.0011360871139984852,-0.03521995767628283,-3.0600000000000023
2019-05-13,2.18,2.4,0.55,2.38,2811.87,7647.02,20.55,115.915,60.97,1282.95,0.21999999999999975,-0.07999999999999963,-0.21999999999999975,-0.07000000000000028,-0.1499999999999999,-0.039999999999999925,-0.05999999999999994,0.0,-0.03000000000000025,0.009999999999999343,0.06999999999999984,-0.024426544706444453,-0.03278328370244399,-0.034688738068908265,-0.04212225695663285,0.0032974982395819197,0.012326009968313123,-0.00190784024228563,-0.0029575458379635933,-0.011091289690628336,-0.03955499572608101,4.510000000000002
2019-05-14,2.2,2.42,0.56,2.38,2834.41,7734.49,18.06,115.9425,61.82,1297.6,0.21999999999999975,0.020000000000000018,-0.20999999999999996,0.020000000000000018,-0.18000000000000016,0.010000000000000009,-0.07999999999999996,0.0,-0.03000000000000025,0.0,0.029999999999999805,0.007984060207655297,-0.025308458552175672,0.011373518321946108,-0.033780743481214515,0.0002372146696050237,0.010987105909019412,0.011354290666248268,0.010730922118380448,0.013844996784246,-0.034812384449941725,-2.490000000000002
2019-05-15,2.16,2.37,0.54,2.4,2850.96,7822.15,16.44,115.8565,62.03,1298.9,0.20999999999999996,-0.040000000000000036,-0.23999999999999977,-0.04999999999999982,-0.21999999999999975,-0.020000000000000018,-0.10999999999999999,0.020000000000000018,-0.020000000000000018,-0.009999999999999787,0.020000000000000018,0.00582197702081011,-0.01721011770097114,0.01126990504525871,-0.021991968759998315,-0.0007420222170582136,0.011654396821918489,0.0010013480520898455,0.017709200673308167,0.0033912022810556053,-0.027194170004164242,-1.6199999999999974
2019-05-16,2.2,2.4,0.56,2.39,2876.32,7898.05,15.29,116.0346,62.93,1295.55,0.19999999999999973,0.040000000000000036,-0.17999999999999972,0.029999999999999805,-0.16999999999999993,0.020000000000000018,-0.05999999999999994,-0.009999999999999787,-0.040000000000000036,-0.010000000000000231,0.009999999999999787,0.008855919648712351,-0.00993201795695775,0.009656440730449134,-0.01258311871090001,0.001536066153629001,0.011504756093468238,-0.00258243701883476,0.014813357712865738,0.014404858553816347,-0.017172537002874577,-1.1500000000000021
2019-05-17,2.2,2.39,0.58,2.39,2859.53,7816.28,15.96,116.448,62.77,1285.8,0.18999999999999995,0.0,,-0.009999999999999787,,0.019999999999999907,,0.0,-0.04999999999999982,-0.009999999999999787,,-0.005854423653127938,,-0.01040715551136806,-0.022990649313157974,0.003556398936717109,0.015144849805849958,-0.007554222686817269,,-0.002545745209402206,,0.6700000000000017
2019-05-20,2.21,2.41,0.6,2.39,2840.23,7702.38,16.31,116.3119,63.12,1275.25,0.20000000000000018,0.009999999999999787,-0.16999999999999993,0.020000000000000018,-0.17999999999999972,0.020000000000000018,-0.040000000000000036,0.0,-0.04999999999999982,0.010000000000000231,-0.009999999999999787,-0.006772240853415212,-0.023570208439994467,-0.014679366039713315,-0.03981910032133307,-0.0011694455575117502,0.013350478040324631,-0.008238854904551118,,0.005560424208178816,-0.03945223553582711,0.34999999999999787
2019-05-21,2.26,2.43,0.6,2.39,2864.36,7785.72,14.95,116.2844,63.02,1276.0,0.17000000000000037,0.04999999999999982,-0.10000000000000009,0.020000000000000018,-0.13999999999999968,0.0,-0.020000000000000018,0.0,-0.04999999999999982,-0.029999999999999805,-0.03999999999999959,0.008459904713623345,-0.023912668128263093,0.010761914548595541,-0.04213984773802615,-0.00023646120018305794,0.009735552966065875,0.0005879471016996263,0.0020004321327089514,-0.0015855402084907766,-0.049832373747875636,-1.3599999999999994
2019-05-22,2.23,2.39,0.6,2.38,2856.27,7750.84,14.75,116.2412,61.42,1274.0,0.16000000000000014,-0.029999999999999805,-0.08999999999999986,-0.040000000000000036,-0.13999999999999968,0.0,0.030000000000000027,-0.010000000000000231,-0.06000000000000005,-0.010000000000000231,-0.04999999999999982,-0.0028283616990023575,-0.024546837922650333,-0.004490061969997683,-0.04431095445430877,-0.00037157199462800605,0.00710095667065147,-0.001568627772626563,0.00015699819484282784,-0.025716621316451693,-0.07131298267872133,-0.1999999999999993
2019-05-23,2.12,2.31,0.58,2.38,2822.24,7628.28,16.92,116.2368,57.65,1275.95,0.18999999999999995,-0.10999999999999988,-0.20999999999999996,-0.08000000000000007,-0.22999999999999998,-0.020000000000000018,0.019999999999999907,0.0,-0.06000000000000005,0.029999999999999805,-0.020000000000000018,-0.011985681943016857,-0.0361635048241169,-0.015938830654652847,-0.0607779096006702,-3.78530441640379e-05,0.004016251411119498,0.0015294420518978669,-0.0014879789729524973,-0.063345268297609,-0.123529239092937,2.1700000000000017
2019-05-24,2.16,2.32,0.56,2.38,2826.06,7637.01,15.85,116.0806,58.4,1281.5,0.1599999999999997,0.040000000000000036,-0.11999999999999966,0.009999999999999787,-0.18999999999999995,-0.019999999999999907,0.020000000000000018,0.0,-0.06000000000000005,-0.03000000000000025,-0.07000000000000028,0.001352619578427472,-0.039485248731593536,0.0011437713861610632,-0.06304172452315804,-0.0013447122216190266,0.005215999402083504,0.004340267620118965,0.0,0.012925643119113595,-0.08041144895303276,-1.070000000000002
2019-05-27,,,,,,,,,,,,,,,,,,,,,,,,,,,,,,,,
2019-05-28,2.12,2.26,0.53,2.39,2802.39,7607.35,17.5,116.3174,58.91,1283.9,0.13999999999999968,,-0.1499999999999999,,-0.25,,-0.030000000000000027,,-0.06000000000000005,,-0.10000000000000009,,-0.04991798648741064,,-0.062179878646228204,,0.008541551765785194,,-0.0009731224371982705,,-0.08021244373436964,
2019-05-29,2.09,2.25,0.5,2.39,2783.02,7547.31,17.9,116.5535,58.84,1283.5,0.16000000000000014,-0.03000000000000025,-0.2200000000000002,-0.009999999999999787,-0.27,-0.030000000000000027,-0.08999999999999997,0.0,-0.06000000000000005,0.020000000000000462,-0.04999999999999982,-0.006935955517473502,-0.04932352935538287,-0.007923676827090276,-0.06443616155023868,0.0020277336575569294,0.013399136445856108,-0.0003115992858431227,0.0013253812410685128,-0.0011889598003591573,-0.07700510190222598,0.3999999999999986
2019-05-30,2.06,2.22,0.48,2.39,2788.86,7567.72,17.3,116.3989,56.47,1276.45,0.16000000000000014,-0.029999999999999805,-0.29000000000000004,-0.029999999999999805,-0.3299999999999996,-0.020000000000000018,-0.18000000000000005,0.0,-0.020000000000000018,0.0,-0.03999999999999959,0.0020962411748000065,-0.0451010301571797,0.00270062479595623,-0.06013542799838589,-0.0013273099800414911,0.007218498618378533,-0.005507934001192538,0.003924805854525815,-0.04111237204849161,-0.08938445182334132,-0.5999999999999979
2019-05-31,1.95,2.14,0.4,2.4,2752.06,7453.15,18.71,116.7273,53.49,1296.0,0.19000000000000017,-0.1100000000000001,-0.3800000000000001,-0.08000000000000007,-0.3999999999999999,-0.07999999999999996,-0.22999999999999998,0.009999999999999787,0.0,0.030000000000000027,-0.019999999999999796,-0.013283188023120118,-0.06797638882178081,-0.015255071358566852,-0.09109748312686072,0.002817360015505699,0.012610090115003914,0.015199810602217312,0.02022632815582437,-0.054214803141586554,-0.1473170318164434,1.4100000000000001
2019-06-03,1.82,2.07,0.34,2.38,2744.45,7333.02,18.86,116.4764,53.25,1313.95,0.24999999999999978,-0.1299999999999999,-0.49,-0.07000000000000028,-0.43999999999999995,-0.06,-0.25999999999999995,-0.020000000000000018,-0.020000000000000018,0.05999999999999961,0.050000000000000044,-0.0027690315718498226,-0.0662643807269756,-0.016249325316094243,-0.10234780802255905,-0.0021517677190177054,0.009448114879370806,0.013755269657969471,,-0.004496915953624114,-0.15696362120387253,0.14999999999999858
2019-06-04,1.88,2.12,0.38,2.38,2803.27,7527.12,16.97,116.091,53.5,1323.6,0.2400000000000002,0.05999999999999983,-0.3999999999999999,0.050000000000000266,-0.33000000000000007,0.03999999999999998,-0.19999999999999996,0.0,-0.020000000000000018,-0.009999999999999565,0.06999999999999984,0.02120590232217978,-0.028408963394976894,0.026125062027286816,-0.056388751605688014,-0.003314311058132624,0.004138069094504537,0.007317429477267545,0.03248010953192626,0.004683849312426158,-0.1378910344393467,-1.8900000000000006
2019-06-05,1.83,2.12,0.37,2.38,2826.15,7575.48,16.09,116.03,51.57,1337.75,0.29000000000000004,-0.04999999999999982,-0.46999999999999975,0.0,-0.3700000000000001,-0.010000000000000009,-0.25,0.0,-0.010000000000000231,0.04999999999999982,0.09999999999999964,0.008128768500641037,-0.018673523567518835,0.00640421719257489,-0.047414608160186944,-0.0005255879597640956,0.0044302074081619125,0.010633801143956845,0.038092588745719524,-0.03674154583909317,-0.18628885601273515,-0.879999999999999
2019-06-06,1.88,2.12,0.39,2.37,2843.49,7615.55,15.93,115.9771,52.59,1336.65,0.2400000000000002,0.04999999999999982,-0.3799999999999999,0.0,-0.33000000000000007,0.020000000000000018,-0.20999999999999996,-0.009999999999999787,-0.009999999999999787,-0.04999999999999982,0.04999999999999982,0.006116809555866354,-0.009530698422933526,0.00527549388445081,-0.038010158516662784,-0.0004560205348607127,0.001164700898466542,-0.0008226144645746558,0.040108399889611235,0.01958587953838542,-0.15781115489510134,-0.16000000000000014
2019-06-07,1.85,2.09,0.35,2.37,2873.34,7742.1,16.3,115.7368,53.95,1334.3,0.23999999999999977,-0.029999999999999805,-0.4099999999999997,-0.03000000000000025,-0.38000000000000034,-0.040000000000000036,-0.24,0.0,-0.009999999999999787,-4.440892098500626e-16,0.02999999999999936,0.010442945224567346,-0.0028011709548199093,0.016480759022112323,-0.02233179890124326,-0.0020741102380670284,0.0017589819392513917,-0.0017596739784639936,0.03733685581118884,0.02553170410289063,-0.1334155379062092,0.370000000000001
2019-06-10,1.9,2.15,0.42,2.37,2886.73,7823.17,15.94,115.5001,53.33,1328.6,0.25,0.04999999999999982,-0.28000000000000025,0.06000000000000005,-0.25,0.07,-0.13000000000000006,0.0,-0.009999999999999787,0.010000000000000231,0.03000000000000025,0.004649257428951614,0.026274631180576158,0.010416874629578743,0.022773813797243747,-0.0020472518241865245,-0.0035857681245170525,-0.004281053517233957,0.03496364253624051,-0.011558667091633001,-0.13388291530721386,-0.3600000000000012
2019-06-11,1.93,2.15,0.43,2.37,2885.72,7822.57,15.99,115.3794,53.3,1322.65,0.21999999999999997,0.030000000000000027,-0.27000000000000024,0.0,-0.27,0.010000000000000009,-0.13000000000000006,0.0,-0.009999999999999787,-0.030000000000000027,2.220446049250313e-16,-0.0003499380714622191,0.017940632901458642,-7.669819392219779e-05,0.011323597281375442,-0.0010455671551259371,-0.004868549949248013,-0.004488456380329353,0.019120895489662892,-0.0005626934407119144,-0.14829060553217177,0.05000000000000071
2019-06-12,1.88,2.13,0.42,2.37,2879.84,7792.72,15.91,115.438,51.13,1336.65,0.25,-0.050000000000000044,-0.28000000000000025,-0.020000000000000018,-0.2400000000000002,-0.010000000000000009,-0.12000000000000005,0.0,-0.029999999999999805,0.030000000000000027,0.040000000000000036,-0.002039698498872866,0.010078957381775666,-0.003823180531268733,-0.0037694882951520015,0.0005077606909971166,-0.003618767041192683,0.010529183876027304,0.02864873131360035,-0.04156492207989082,-0.1932467298931182,-0.08000000000000007
2019-06-13,1.83,2.1,0.42,2.37,2891.64,7837.13,15.82,115.6275,52.38,1335.8,0.27,-0.04999999999999982,-0.3700000000000001,-0.029999999999999805,-0.2999999999999998,0.0,-0.14000000000000007,0.0,-0.020000000000000018,0.020000000000000018,0.07000000000000028,0.004089078171241489,0.005312115904304804,0.005682731377786965,-0.007743197647814171,0.0016402279222562655,-0.0035146052725654187,-0.0006361204353035887,0.030595047897131522,0.024153429987658015,-0.18349815845927653,-0.08999999999999986
2019-06-14,1.84,2.09,0.46,2.36,2886.98,7796.66,15.28,115.9057,52.47,1352.45,0.24999999999999978,0.010000000000000009,-0.3600000000000001,-0.010000000000000231,-0.30000000000000027,0.040000000000000036,-0.11999999999999994,-0.010000000000000231,-0.03000000000000025,-0.02000000000000024,0.05999999999999983,-0.001612842169983253,0.009553697387449489,-0.00517725905189792,-0.0025133011883440304,0.002403112243794858,-0.004667891965487669,0.012387399169036861,0.05053666975298565,0.0017167386190544143,-0.1792356746308199,-0.5400000000000009
2019-06-17,1.86,2.09,0.48,2.38,2889.67,7845.02,15.35,115.9684,51.94,1333.2,0.22999999999999976,0.020000000000000018,-0.34999999999999987,0.0,-0.3200000000000003,0.019999999999999962,-0.12,0.020000000000000018,-0.010000000000000231,-0.020000000000000018,0.029999999999999583,0.000931335703024061,0.017257273943888762,0.006183498714920077,0.018349563566289362,0.0005408107376219107,-0.0029576356703540085,-0.014335695026987949,0.04443982963054882,-0.010152371464017929,-0.19494847030301665,0.07000000000000028
2019-06-18,1.86,2.06,0.42,2.37,2917.75,7953.88,15.15,115.8797,53.86,1344.55,0.19999999999999996,0.0,-0.3999999999999997,-0.029999999999999805,-0.3700000000000001,-0.06,-0.18,-0.009999999999999787,-0.020000000000000018,-0.029999999999999805,0.029999999999999583,0.009670462557011206,0.018467831787276623,0.013780924346622925,0.021368573364316745,-0.0007651561891384162,-0.003486330659309367,0.008477317129785611,0.052329199658634806,0.03629888114885027,-0.1570640489456756,-0.1999999999999993
2019-06-19,1.74,2.03,0.36,2.37,2926.46,7987.32,14.33,115.7889,53.74,1342.4,0.2899999999999998,-0.1200000000000001,-0.49,-0.03000000000000025,-0.3600000000000003,-0.06,-0.24,0.0,-0.009999999999999787,0.08999999999999986,0.12999999999999967,0.00298073014106226,0.02427692362734124,0.004195424315575735,0.030054059649890164,-0.0007838783905071978,-0.0038986370551885585,-0.0016003278504284069,0.05229749958083296,-0.002230484196107607,-0.13357791182533152,-0.8200000000000003
2019-06-20,1.72,2.01,0.27,2.37,2954.18,8051.34,14.75,114.8046,56.88,1381.65,0.2899999999999998,-0.020000000000000018,-0.40000000000000013,-0.020000000000000018,-0.30000000000000027,-0.08999999999999997,-0.30999999999999994,0.0,-0.009999999999999787,0.0,0.09999999999999987,0.009427615127716393,0.04569022069807449,0.007983252966472065,0.053976143271015076,-0.008537152853129726,-0.012397936864154246,0.028819380389412785,0.07958743791834788,0.056786182307640765,-0.013446461220081751,0.41999999999999993
2019-06-21,1.77,2.07,0.34,2.38,2950.46,8031.71,15.4,114.8377,57.35,1388.35,0.2999999999999998,0.050000000000000044,-0.3900000000000001,0.06000000000000005,-0.25,0.07,-0.22000000000000003,0.009999999999999787,0.0,0.010000000000000009,0.14000000000000012,-0.0012600261801480883,0.04307757493949893,-0.0024410804850738543,0.05039129139978016,0.00028827441833900735,-0.010764950224196213,0.004837554560342738,0.08008472485857165,0.00822905808039387,-0.018143046258801476,0.6500000000000004
2019-06-24,1.72,2.02,0.31,2.38,2945.35,8005.7,15.26,114.6559,57.73,1405.45,0.30000000000000004,-0.050000000000000044,,-0.04999999999999982,,-0.030000000000000027,,0.0,,2.220446049250313e-16,,-0.0017334348561242052,,-0.0032436687476469217,,-0.0015843582394401423,,0.012241544522463066,,0.006604125497462476,,-0.14000000000000057
2019-06-25,1.71,2.0,0.33,2.38,2917.38,7884.72,16.28,114.6363,57.63,1429.55,0.29000000000000004,-0.010000000000000009,-0.41000000000000014,-0.020000000000000018,-0.2599999999999998,0.020000000000000018,-0.2,0.0,-0.010000000000000231,-0.010000000000000009,0.15000000000000036,-0.009541702315563505,0.04021332870246397,-0.015227078650628556,0.03581182411114803,-0.0001709608966002918,-0.014558153351940106,0.01700217323029385,0.10745738881841582,-0.0017337036242670578,-0.021967590085020916,1.0200000000000014
2019-06-26,1.77,2.05,0.35,2.38,2913.78,7909.97,16.21,114.5608,59.17,1406.75,0.2799999999999998,0.06000000000000005,-0.31999999999999984,0.04999999999999982,-0.20000000000000018,0.019999999999999962,-0.15000000000000002,0.0,-0.010000000000000231,-0.010000000000000231,0.11999999999999966,-0.0012347459021464502,0.04591453831779102,0.003197279783275775,0.04693278072151408,-0.0006588216232303878,-0.017244708632727423,-0.016077630102065754,0.09169135800219319,0.026371391240027187,0.005592760955365428,-0.07000000000000028
2019-06-27,1.74,2.01,0.33,2.38,2924.92,7967.76,15.82,114.665,59.18,1402.25,0.2699999999999998,-0.030000000000000027,-0.32000000000000006,-0.040000000000000036,-0.2100000000000004,-0.019999999999999962,-0.14999999999999997,0.0,-0.010000000000000231,-0.010000000000000009,0.10999999999999965,0.0038159225573179967,0.04763421970030901,0.007279410241876505,0.05151156616743435,0.0009091472877589268,-0.015008251364927006,-0.0032039899249420856,0.09399530207844364,0.0001689902834609569,0.04687412328731799,-0.39000000000000057
2019-06-28,1.75,2.0,0.31,2.4,2941.76,8006.24,15.08,114.5821,58.2,1413.2,0.25,0.010000000000000009,-0.19999999999999996,-0.009999999999999787,-0.14000000000000012,-0.020000000000000018,-0.09000000000000002,0.020000000000000018,0.0,-0.019999999999999796,0.05999999999999983,0.005740911810812932,0.06665831953424206,0.0048178382911885365,0.07158447581718974,-0.0007232370975565061,-0.01854884847798921,0.007778547096544131,0.08657403857277046,-0.01669829223467101,0.08439063419423354,-0.7400000000000002
2019-07-01,1.78,2.03,0.34,2.39,2964.33,8091.16,14.06,114.7239,58.91,1390.05,0.24999999999999978,0.030000000000000027,-0.040000000000000036,0.029999999999999805,-0.040000000000000036,0.030000000000000027,0.0,-0.009999999999999787,0.010000000000000231,-2.220446049250313e-16,0.0,0.007642995575579903,0.07707034668167179,0.01055087005095956,0.09838467118424354,0.0012367754709856627,-0.015160305287985842,-0.01651691878418049,0.0563018501306205,0.01212550079620378,0.10101305094406143,-1.0199999999999996
2019-07-02,1.77,1.98,0.33,2.4,2973.01,8109.09,12.93,114.8258,56.0,1393.1,0.20999999999999996,-0.010000000000000009,-0.10999999999999988,-0.04999999999999982,-0.14000000000000012,-0.010000000000000009,-0.04999999999999999,0.009999999999999787,0.020000000000000018,-0.039999999999999813,-0.03000000000000025,0.0029238703472564964,0.0587883147067485,0.002213546991077564,0.07447315614803429,0.0008878252221062866,-0.010958169007746932,0.0021917620113693914,0.05117618266472235,-0.050659164798446454,0.04567003683318882,-1.1300000000000008
2019-07-03,1.77,1.96,0.31,2.41,2995.82,8170.23,12.57,114.8135,57.06,1425.1,0.18999999999999995,0.0,-0.06000000000000005,-0.020000000000000018,-0.16000000000000014,-0.020000000000000018,-0.06,0.010000000000000231,0.03000000000000025,-0.020000000000000018,-0.10000000000000009,0.007643076127193282,0.058302622333300747,0.007511405570479468,0.07558034452593887,-0.00010712452103600612,-0.010539705569018842,0.02271050696698751,0.06325288848775301,0.018751655050204263,0.10116323772248625,-0.35999999999999943
2019-07-04,,,,,,,,,,1415.25,,,,,,,,,,,,,,,,,,-0.006935792762397419,0.05713971018993025,,,
2019-07-05,1.87,2.04,0.35,2.42,2990.41,8161.79,13.28,115.1132,,1414.4,0.16999999999999993,,0.020000000000000018,,-0.04999999999999982,,0.0,,0.04999999999999982,,-0.06999999999999984,,0.03993538555739651,,0.05279053903355724,,-0.00540265554981989,-0.0006007810333903407,0.0582986031350039,,,
2019-07-08,1.88,2.05,0.35,2.41,2975.95,8098.38,13.96,115.0254,57.35,1404.9,0.16999999999999993,0.009999999999999787,-0.020000000000000018,0.009999999999999787,-0.10000000000000009,0.0,-0.07,-0.009999999999999787,0.040000000000000036,0.0,-0.08000000000000007,-0.0048471859933751915,0.030438942135069702,-0.007799465988899357,0.03457419841507914,-0.0007630184963298703,-0.004118422221963236,-0.006739287025773422,0.05584036962646444,,0.07267381896286906,0.6800000000000015
2019-07-09,1.92,2.07,0.36,2.41,2979.63,8141.73,14.09,115.1017,57.57,1387.9,0.1499999999999999,0.040000000000000036,-0.010000000000000009,0.020000000000000018,-0.08000000000000007,0.010000000000000009,-0.07,0.0,0.040000000000000036,-0.020000000000000018,-0.07000000000000006,0.0012358159804266577,0.03202469618695858,0.0053386464698022,0.039989543078803536,0.0006631118438100714,-0.0024097432230272275,-0.012174312495811357,0.04815451351098243,0.003828755112338378,0.07706526751591936,0.129999999999999
2019-07-10,1.82,2.07,0.33,2.41,2993.07,8202.53,13.03,115.0879,60.28,1395.45,0.24999999999999978,-0.09999999999999987,-0.05999999999999983,0.0,-0.06000000000000005,-0.02999999999999997,-0.08999999999999997,0.0,0.040000000000000036,0.09999999999999987,-2.220446049250313e-16,0.0045004847673171255,0.03856487945314857,0.007439955122421793,0.05125267873249406,-0.00011990115988336214,-0.0030374050739077063,0.005425130520882782,0.04305046015583791,0.04599877507057659,0.16462896466638677,-1.0600000000000005
2019-07-11,1.85,2.13,0.36,2.4,2999.91,8196.04,12.93,114.8361,59.93,1423.1,0.2799999999999998,0.030000000000000027,0.020000000000000018,0.06000000000000005,0.029999999999999805,0.02999999999999997,-0.06,-0.010000000000000231,0.029999999999999805,0.030000000000000027,0.009999999999999787,0.0022826717159194487,0.03675847299782653,-0.0007915324737268747,0.04477841488098022,-0.0021902898406844784,-0.00686792283684845,0.019620646806937536,0.06330722739807904,-0.005823159288200763,0.134652375390528,-0.09999999999999964
2019-07-12,1.84,2.12,0.35,2.38,3013.77,8244.14,12.39,114.7685,59.99,1405.6,0.28,-0.010000000000000009,0.0,-0.009999999999999787,0.03000000000000025,-0.010000000000000009,-0.11000000000000004,-0.020000000000000018,0.020000000000000018,2.220446049250313e-16,0.03000000000000025,0.00460949852364223,0.04298081369145201,0.0058515341373457375,0.05580720807022388,-0.0005888383939458564,-0.009859873474589165,-0.012373332816727256,0.03854649541231492,0.0010006671949076562,0.13393630396638123,-0.5399999999999991
2019-07-15,1.83,2.09,0.32,2.4,3014.3,8258.19,12.68,114.6819,59.3,1416.25,0.2599999999999998,-0.010000000000000009,-0.030000000000000027,-0.03000000000000025,0.0,-0.02999999999999997,-0.15999999999999998,0.020000000000000018,0.020000000000000018,-0.02000000000000024,0.030000000000000027,0.0001758440102275216,0.042225321998655474,0.0017027902599000555,0.05132649961520386,-0.0007548472707998855,-0.011155531483010961,0.007548275469329013,0.06043046590863188,-0.011568575661321745,0.13252009976907742,0.28999999999999915
2019-07-16,1.87,2.13,0.33,2.41,3004.04,8222.8,12.86,115.0111,57.44,1416.1,0.2599999999999998,0.040000000000000036,0.010000000000000009,0.040000000000000036,0.06999999999999984,0.010000000000000009,-0.08999999999999997,0.010000000000000231,0.040000000000000036,0.0,0.05999999999999983,-0.0034095813595058644,0.029145278082138404,-0.0042946515220876336,0.0332509237464933,0.00286643672558462,-0.0075239385682879245,-0.00010591911320290137,0.05184722966564337,-0.0318683812637115,0.06435283735651565,0.17999999999999972
2019-07-17,1.83,2.06,0.31,2.41,2984.42,8185.21,13.97,114.8819,56.5,1400.8,0.22999999999999998,-0.040000000000000036,0.09000000000000008,-0.06999999999999984,0.03000000000000025,-0.020000000000000018,-0.04999999999999999,0.0,0.040000000000000036,-0.029999999999999805,-0.05999999999999983,-0.006552626285154517,0.019611921655921627,-0.004581916486344539,0.024473582944573025,-0.0011240012840962876,-0.007864061461877014,-0.010863112257371021,0.042584445258700754,-0.016500286587572965,0.05008303496505029,1.1100000000000012
2019-07-18,1.77,2.04,0.25,2.41,2995.11,8207.24,13.53,114.8744,55.08,1420.9,0.27,-0.06000000000000005,0.050000000000000044,-0.020000000000000018,0.03000000000000025,-0.06,-0.020000000000000018,0.0,0.040000000000000036,0.040000000000000036,-0.019999999999999796,0.0035755356654512127,0.013759842193656446,0.0026878243658252643,0.019178154343926224,-6.528656670301558e-05,0.0006078048245496959,0.014246971672386977,0.028012036541674945,-0.025453964291941134,-0.03215711163453161,-0.4400000000000013
2019-07-19,1.8,2.05,0.25,2.41,2976.61,8146.49,14.45,114.8695,55.42,1437.05,0.24999999999999978,0.030000000000000027,0.030000000000000027,0.009999999999999787,-0.020000000000000018,0.0,-0.09000000000000002,0.0,0.03000000000000025,-0.02000000000000024,-0.050000000000000044,-0.006195889687755418,0.008823978686049117,-0.007429531909764364,0.014189702919235714,-4.265619240140239e-05,0.0002768742138092861,0.011301927540877443,0.03447640952220965,0.006153865574377804,-0.034232304140547676,0.9199999999999999
2019-07-22,1.8,2.05,0.26,2.4,2985.03,8204.14,13.53,115.0018,55.87,1424.45,0.24999999999999978,0.0,0.08000000000000007,0.0,0.029999999999999805,0.010000000000000009,-0.04999999999999999,-0.010000000000000231,0.020000000000000018,0.0,-0.050000000000000266,0.0028247279603137443,0.013382141502487066,0.007051745271850152,0.024485116938732787,0.0011510790134128257,0.003012311466662254,-0.008806626898063996,0.013428238101682588,0.008087024036225188,-0.032749405601784964,-0.9199999999999999
2019-07-23,1.83,2.08,0.27,2.4,3005.47,8251.4,12.61,115.2995,56.58,1417.55,0.25,0.030000000000000027,0.1200000000000001,0.03000000000000025,0.08000000000000007,0.010000000000000009,-0.06,0.0,0.020000000000000018,2.220446049250313e-16,-0.040000000000000036,0.0068241647017259766,0.029748008519776548,0.005743978008437622,0.045456173597798966,0.0025853103374977593,0.005768582700760305,-0.004855744938419448,-0.00842968006703071,0.012628002402363947,-0.01838769957515396,-0.9199999999999999
2019-07-24,1.83,2.05,0.26,2.4,3019.56,8321.5,12.07,115.2436,55.9,1425.55,0.21999999999999975,0.0,0.06000000000000005,-0.03000000000000025,0.0,-0.010000000000000009,-0.08999999999999997,0.0,0.020000000000000018,-0.03000000000000025,-0.06000000000000005,0.004677163660893768,0.035659918082816766,0.008459644125260013,0.050718537939783204,-0.00048494187069980654,0.0059424624532908865,0.005627674801311322,0.013275624836346367,-0.012091185712368002,-0.05685027652754915,-0.5399999999999991
2019-07-25,1.86,2.08,0.28,2.4,3003.67,8238.54,12.74,115.2982,55.88,1426.35,0.21999999999999997,0.030000000000000027,0.1200000000000001,0.03000000000000025,0.07000000000000028,0.020000000000000018,-0.04999999999999999,0.0,0.020000000000000018,2.220446049250313e-16,-0.04999999999999982,-0.005276251069020077,0.026567744456478692,-0.010019383288305761,0.03341974440960094,0.0004736668232903085,0.005506981988822268,0.000561029503828081,0.017040644265116534,-0.00035784577229236447,-0.05737711258330247,0.6699999999999999
2019-07-26,1.86,2.08,0.3,2.4,3025.86,8330.21,12.16,115.5449,56.04,1418.25,0.21999999999999997,0.0,0.1100000000000001,0.0,0.08000000000000007,0.019999999999999962,-0.010000000000000009,0.0,0.0,0.0,-0.030000000000000027,0.007360474259664684,0.028187306905330445,0.011065522188676624,0.039667428307089025,0.002137383304233964,0.008367602390612738,-0.005695016446885859,0.003567080721686544,0.002859187080045622,-0.03781963326858584,-0.5800000000000001
2019-07-29,1.85,2.06,0.29,2.4,3020.97,8293.33,12.83,115.5885,56.85,1418.95,0.20999999999999996,-0.010000000000000009,0.07000000000000006,-0.020000000000000018,0.03000000000000025,-0.010000000000000009,-0.050000000000000044,0.0,0.009999999999999787,-0.010000000000000009,-0.039999999999999813,-0.001617376729949882,0.01892693459980066,-0.004437088671487288,0.024679469584642177,0.00037727131186748863,0.007508098231494564,0.000493444250812658,0.020577443756679692,0.014350498727738525,-0.035594635337051095,0.6699999999999999
2019-07-30,1.85,2.06,0.28,2.39,3013.18,8273.61,13.94,115.6211,58.04,1428.45,0.20999999999999996,0.0,0.08000000000000007,0.0,0.08000000000000007,-0.009999999999999953,-0.04999999999999999,-0.009999999999999787,-0.009999999999999787,0.0,0.0,-0.002581972383094211,0.013421091869449953,-0.002380645950736948,0.020085276642827665,0.0002819952131405401,0.006902268222528818,0.00667277885067552,0.02505846059598582,0.020716207819441834,0.035780737280837194,1.1099999999999994
2019-07-31,1.89,2.02,0.26,2.4,2980.38,8175.42,16.12,115.4946,58.53,1430.55,0.13000000000000012,0.039999999999999813,0.11999999999999988,-0.040000000000000036,0.06000000000000005,-0.020000000000000018,-0.04999999999999999,0.009999999999999787,-0.010000000000000231,-0.07999999999999985,-0.05999999999999983,-0.010945190319276321,-0.005167174577019651,-0.011938839712394511,0.0006350313599536861,-0.0010946899118717823,0.005914702831693042,0.001469045384865808,0.0038169990138641197,0.008407015287142272,0.025436097517775202,2.1800000000000015
2019-08-01,1.73,1.9,0.2,2.14,2953.56,8111.12,17.87,116.0499,53.64,1406.4,0.16999999999999993,-0.15999999999999992,,-0.1200000000000001,,-0.06,,-0.2599999999999998,,0.039999999999999813,,-0.009039586726804494,,-0.007896131908415427,,0.004796495400402279,,-0.017025737762118354,-0.006272945985856815,-0.08724438488965136,,1.75
2019-08-02,1.72,1.86,0.2,2.14,2932.05,8004.07,17.61,116.1864,55.67,1436.05,0.14000000000000012,-0.010000000000000009,-0.15000000000000013,-0.039999999999999813,-0.17999999999999994,0.0,-0.14999999999999997,0.0,-0.2799999999999998,-0.029999999999999805,-0.029999999999999805,-0.0073093853544552445,-0.01970866466280885,-0.013285797391551668,-0.01951334535419491,0.001175526958694384,0.009279805944518493,0.020863041012596284,0.01519087606012981,0.037146343781938373,,-0.26000000000000156
2019-08-05,1.59,1.75,0.15,2.13,2844.74,7726.04,24.59,116.5851,54.63,1457.45,0.15999999999999992,-0.1299999999999999,-0.2899999999999998,-0.1100000000000001,-0.2999999999999998,-0.05000000000000002,-0.19999999999999998,-0.010000000000000231,-0.28000000000000025,0.019999999999999796,-0.010000000000000009,-0.030230162083586087,-0.045091640753019746,-0.03535372075641874,-0.04706760012171429,0.003425680462640912,0.013468504903489276,0.014792044375373514,0.036722207461276746,-0.018858219787789565,-0.048589661167753206,6.98
2019-08-06,1.6,1.73,0.11,2.13,2881.77,7833.27,20.17,116.6904,53.6,1461.85,0.1299999999999999,0.010000000000000009,-0.31999999999999984,-0.020000000000000018,-0.33999999999999986,-0.039999999999999994,-0.25,0.0,-0.28000000000000025,-0.030000000000000027,-0.020000000000000018,0.012933013700776819,-0.033394443032669585,0.013783605788924902,-0.03862264080259159,0.0009027952541265094,0.013708188313805714,0.003014423547979206,0.05191094350506731,-0.0190341143308701,-0.07145253061096168,-4.419999999999998
2019-08-07,1.59,1.71,0.09,2.12,2883.98,7862.83,19.49,116.7987,51.14,1487.65,0.11999999999999988,-0.010000000000000009,-0.22999999999999998,-0.020000000000000018,-0.3599999999999999,-0.020000000000000004,-0.24000000000000002,-0.009999999999999787,-0.29000000000000004,-0.010000000000000009,-0.1299999999999999,0.0007665958837028697,-0.03712833191628384,0.003766545185996506,-0.04229605073901688,0.0009276664972075466,0.014755755970896622,0.01749493680501324,0.06398074978919777,-0.046982098213715684,-0.16443340389525396,-0.6800000000000033
2019-08-08,1.62,1.72,0.07,2.12,2938.09,8039.16,16.91,116.474,52.6,1497.4,0.09999999999999987,0.030000000000000027,-0.22999999999999998,0.010000000000000009,-0.4099999999999999,-0.01999999999999999,-0.29,0.0,-0.2799999999999998,-0.020000000000000018,-0.17999999999999994,0.018588425780335704,-0.020822577851867585,0.022178007591836746,-0.019326510673453257,-0.0027838680625711376,0.014162177749009963,0.006532577124709782,0.05089268010697001,0.028149149880623447,-0.13046109472642975,-2.5799999999999983
2019-08-09,1.63,1.74,0.08,2.12,2918.65,7959.14,17.97,116.4419,54.41,1503.5,0.1100000000000001,0.009999999999999787,-0.2100000000000002,0.020000000000000018,-0.3800000000000001,0.009999999999999995,-0.26999999999999996,0.0,-0.2599999999999998,0.010000000000000231,-0.16999999999999993,-0.006638529760062184,-0.032070606135572,-0.010003646302244817,-0.03518169111304381,-0.00027563597163826614,0.014475380171317553,0.0040654526319992,0.06733146555569647,0.03383184075416956,-0.09762992116716784,1.0599999999999987
2019-08-12,1.58,1.65,0.04,2.12,2883.75,7863.41,21.09,116.7548,54.98,1501.95,0.06999999999999984,-0.04999999999999982,-0.25,-0.09000000000000008,-0.43999999999999995,-0.04,-0.28,0.0,-0.2799999999999998,-0.04000000000000026,-0.18999999999999995,-0.012029650100344291,-0.04427610024614381,-0.01210059922055784,-0.048985080593501706,0.00268357303324418,0.01791380047536162,-0.0010314596066622883,0.058751730479705166,0.010421522239266068,-0.07563982326658003,3.120000000000001
2019-08-13,1.66,1.68,0.05,2.12,2926.32,8016.36,17.52,116.7267,57.05,1527.2,0.020000000000000018,0.07999999999999985,-0.2100000000000002,0.030000000000000027,-0.44999999999999996,0.010000000000000002,-0.28,0.0,-0.29000000000000004,-0.04999999999999982,-0.23999999999999977,0.01465413043215591,-0.02621238845448204,0.01926409891575176,-0.025426330155662313,-0.00024070429679134975,0.014806659452985649,0.016671729589616824,0.07552937918252489,0.03695859357098463,-0.0068128484318839,-3.5700000000000003
2019-08-14,1.58,1.59,0.02,2.12,2840.6,7773.94,22.1,117.0913,55.16,1500.35,0.010000000000000009,-0.07999999999999985,-0.25,-0.08999999999999986,-0.47,-0.030000000000000002,-0.29,0.0,-0.29000000000000004,-0.010000000000000009,-0.21999999999999997,-0.029730363473091437,-0.04939012564241896,-0.03070733914794488,-0.05155175281726265,0.0031186674722292196,0.019049328209311156,-0.017737579205891585,0.06865491223400433,-0.03369002338298355,-0.024002585227294482,4.580000000000002
2019-08-15,1.48,1.52,-0.02,2.13,2847.6,7766.62,21.18,117.2239,54.51,1517.65,0.040000000000000036,-0.10000000000000009,-0.29000000000000004,-0.07000000000000006,-0.52,-0.04,-0.27,0.009999999999999787,-0.28000000000000025,0.030000000000000027,-0.22999999999999998,0.0024612367826906123,-0.05050442452517956,-0.00094205106397105,-0.05518162824705897,0.001131808898056974,0.020246423674071146,0.011464671630464274,0.06587261219208163,-0.011853881848911563,-0.010402502784264911,-0.9200000000000017
2019-08-16,1.48,1.55,0.01,2.13,2888.68,7895.99,18.47,117.0786,54.83,1509.05,0.07000000000000006,0.0,-0.32000000000000006,0.030000000000000027,-0.4999999999999998,0.03,-0.24,0.0,-0.28000000000000025,0.030000000000000027,-0.17999999999999972,0.014323116131046199,-0.029985418706377942,0.01651997236454328,-0.031232123972751324,-0.0012402771513420063,0.01904880271513054,-0.005682772091022414,0.04888791256018177,0.005853318339767988,-0.010703050018874727,-2.710000000000001
2019-08-19,1.53,1.6,0.04,2.13,2923.65,8002.81,16.88,117.3886,56.24,1499.35,0.07000000000000006,0.050000000000000044,-0.27,0.050000000000000044,-0.44999999999999973,0.03,-0.22,0.0,-0.27,0.0,-0.17999999999999972,0.01203318530199482,-0.020776961364696866,0.013437694339650363,-0.024846174904951113,0.0026442946444893423,0.020542018346207058,-0.006448632904141327,0.05124590655410444,0.02539075808645208,0.006600684031352166,-1.5899999999999999
2019-08-20,1.5,1.55,0.02,2.13,2900.51,7948.56,17.5,117.3726,56.18,1502.65,0.050000000000000044,-0.030000000000000027,-0.33000000000000007,-0.050000000000000044,-0.53,-0.02,-0.25,0.0,-0.27,-0.020000000000000018,-0.19999999999999996,-0.007946252081149296,-0.03554737814757214,-0.00680194982162341,-0.037392102735012145,-0.0001363087258434703,0.01782039928286583,0.0021985351960207566,0.05830018668854464,-0.0010674258263119185,-0.007094744197323699,0.620000000000001
2019-08-21,1.56,1.59,0.05,2.12,2924.43,8020.21,15.8,117.1764,55.65,1499.65,0.030000000000000027,0.06000000000000005,-0.27,0.040000000000000036,-0.45999999999999974,0.030000000000000002,-0.21000000000000002,-0.009999999999999787,-0.2799999999999998,-0.020000000000000018,-0.18999999999999972,0.008213006299500059,-0.03201153550896585,0.008973825889894371,-0.03687792097037779,-0.001672998356525568,0.016632342797040067,-0.0019984685064571295,0.05067404338077619,-0.009478743954543845,-0.0044823024394995414,-1.6999999999999993
2019-08-22,1.61,1.62,0.07,2.12,2922.95,7991.39,16.68,117.3558,55.33,1498.7,0.010000000000000009,0.050000000000000044,-0.25,0.030000000000000027,-0.45999999999999996,0.020000000000000004,-0.21000000000000002,0.0,-0.2799999999999998,-0.020000000000000018,-0.20999999999999996,-0.0005062096294770058,-0.027241494069422778,-0.003599893967344059,-0.030458431649416084,0.0015298541947741384,0.017688530168523897,-0.0006336818795604771,0.04947933199738763,-0.005766820811535567,-0.009891277478742744,0.879999999999999
2019-08-23,1.51,1.52,-0.02,2.12,2847.11,7751.77,19.87,117.3009,54.08,1495.5,0.010000000000000009,-0.10000000000000009,-0.3500000000000001,-0.10000000000000009,-0.56,-0.09000000000000001,-0.32,0.0,-0.2799999999999998,0.0,-0.20999999999999996,-0.02628893555806666,-0.060890903887154124,-0.03044350772125526,-0.07196746155934797,-0.00046791760901498947,0.015083229255274944,-0.002137466580947489,0.053036881863326,-0.022850825175309453,-0.03560128973409782,3.1900000000000013
2019-08-26,1.54,1.54,0.0,2.12,2878.38,7853.74,19.32,117.6658,53.54,,0.0,0.030000000000000027,-0.31000000000000005,0.020000000000000018,-0.52,0.02,-0.29,0.0,-0.2799999999999998,-0.010000000000000009,-0.20999999999999996,0.010923191173948688,-0.048350335983255555,0.013068647071444062,-0.05446172581641662,0.0031059745347015166,0.01781193247810897,,,-0.010035393642502388,-0.05998718210433873,-0.5500000000000007
2019-08-27,1.53,1.49,-0.06,2.12,2869.16,7826.95,20.31,117.75,54.99,1531.85,-0.040000000000000036,-0.010000000000000009,-0.32000000000000006,-0.050000000000000044,-0.5700000000000001,-0.06,-0.34,0.0,-0.27,-0.040000000000000036,-0.25,-0.0032083318806845895,-0.04897669548084593,-0.0034169447984204737,-0.05549802466410014,0.0007153300975586419,0.018245267362527073,,0.06988621497159997,0.02672231242751666,-0.05398107749626391,0.9899999999999984
2019-08-28,1.5,1.47,-0.08,2.12,2887.94,7856.88,19.35,117.8767,55.76,1541.75,-0.030000000000000027,-0.030000000000000027,-0.3899999999999999,-0.020000000000000018,-0.55,-0.020000000000000004,-0.34,0.0,-0.2799999999999998,0.010000000000000009,-0.16000000000000014,0.0065241411868015575,-0.031507363974768055,0.0038166744133967256,-0.039742510538308906,0.0010754300103616998,0.020415387284760556,0.0064419795918375655,0.07485914917857173,0.013905415932545573,-0.048482676850860607,-0.9599999999999973
2019-08-29,1.53,1.5,-0.09,2.12,2924.58,7973.39,17.88,118.0625,56.67,1536.65,-0.030000000000000027,0.030000000000000027,-0.19999999999999996,0.030000000000000027,-0.3999999999999999,-0.009999999999999995,-0.29000000000000004,0.0,-0.020000000000000018,0.0,-0.19999999999999996,0.0126074354387411,-0.009860341809222462,0.014720166340389085,-0.017126212289504394,0.0015749823548398822,0.01719387423919816,-0.003313412594820875,0.0885714743458692,0.016188203729259776,0.05494991176805053,-1.4700000000000024
2019-08-30,1.5,1.5,-0.05,2.13,2926.46,7962.88,18.98,118.1575,55.07,1526.55,0.0,-0.030000000000000027,-0.21999999999999997,0.0,-0.3600000000000001,0.039999999999999994,-0.25,0.009999999999999787,-0.010000000000000231,0.030000000000000027,-0.14000000000000012,0.0006426208211518514,-0.0019083356336153656,-0.001319003948069053,-0.005159418846021779,0.0008043349853670279,0.016822682265870803,-0.0065944349707312,0.06111399836254172,-0.028639866907138156,-0.010836298921026,1.1000000000000014
2019-09-02,,,,,,,,,,1523.35,,,,,,,,,,,,,,,,,,-0.0020984302267237354,0.04422352376044447,,,
2019-09-03,1.47,1.47,-0.03,2.13,2906.27,7874.16,19.66,118.3113,53.91,1532.45,0.0,,-0.13000000000000012,,-0.26,,-0.14,,0.0,,-0.1299999999999999,,0.00846578334808612,,0.005206465012800976,,0.013795012589367772,0.00595590477137975,0.047165004983845016,,0.005766921386821,
2019-09-04,1.43,1.47,-0.04,2.13,2937.78,7976.88,17.33,117.6729,56.22,1538.8,0.040000000000000036,-0.040000000000000036,-0.16000000000000014,0.0,-0.24,-0.010000000000000002,-0.13,0.0,0.009999999999999787,0.040000000000000036,-0.07999999999999985,0.010783722026351583,0.018482909490734833,0.012960845210763239,0.014400765037567709,-0.00541054492102333,0.007456801171136895,0.004135130027433931,0.03380519820626571,0.04195657601480818,0.09470559561534486,-2.330000000000002
2019-09-05,1.55,1.57,0.01,2.13,2976.0,8116.83,16.27,117.4776,56.33,1542.6,0.020000000000000018,0.1200000000000001,-0.07000000000000006,0.10000000000000009,-0.1499999999999999,0.05,-0.060000000000000005,0.0,0.009999999999999787,-0.020000000000000018,-0.07999999999999985,0.01292592289421357,0.0128204066046127,0.01739232629480547,0.009615083740536434,-0.00166106425378576,0.008579604979922273,0.002466412621758174,0.0297390337033141,0.001954687428236568,0.06851113316295798,-1.0599999999999987
2019-09-06,1.53,1.55,0.01,2.12,2978.71,8103.07,15.0,117.1292,56.45,1504.95,0.020000000000000018,-0.020000000000000018,-0.09999999999999987,-0.020000000000000018,-0.18999999999999995,0.0,-0.07,-0.009999999999999787,0.0,0.0,-0.09000000000000008,0.000910203918275343,0.020369140282950227,-0.0016966816442689492,0.017922048398512302,-0.0029700780720212094,0.00588516287953933,-0.024709629460167193,0.0009639516111477064,0.0021280376890491226,0.03680733009783754,-1.2699999999999996
2019-09-09,1.58,1.63,0.06,2.13,2978.43,8087.44,15.27,117.0601,57.88,1509.95,0.04999999999999982,0.050000000000000044,0.0,0.07999999999999985,-0.020000000000000018,0.049999999999999996,0.019999999999999997,0.009999999999999787,0.009999999999999787,0.029999999999999805,-0.020000000000000018,-9.400484131827369e-05,0.032304785541976244,-0.0019307612737975433,0.0280918863452726,-0.0005901209150485087,0.002611468931246641,0.0033168626382238386,0.005312273856033833,0.025016611167611558,0.05140241902618303,0.2699999999999996
2019-09-10,1.67,1.72,0.12,2.13,2979.39,8084.16,15.2,117.0887,57.37,1494.6,0.050000000000000044,0.08999999999999986,0.010000000000000009,0.09000000000000008,0.040000000000000036,0.06,0.06999999999999999,0.0,0.009999999999999787,2.220446049250313e-16,0.030000000000000027,0.00032226552944081277,0.017972920639261147,-0.00040564941564014134,0.008422138013880698,0.0002442891028460181,0.003096462330884009,-0.010217925181765786,-0.021577380915348776,-0.008850383149503038,0.005593442305695362,-0.07000000000000028
2019-09-11,1.68,1.75,0.15,2.13,3000.93,8169.68,14.61,117.3125,55.66,1493.65,0.07000000000000006,0.010000000000000009,0.09999999999999987,0.030000000000000027,0.15999999999999992,0.03,0.13,0.0,0.009999999999999787,0.020000000000000018,0.06000000000000005,0.007203659050794897,0.05490694316314748,0.010523148890580813,0.04965262605240639,0.001909547118400745,0.0018873419770555344,-0.0006358236640204851,-0.004475625373477676,-0.030259762516035238,0.009023703172643671,-0.5899999999999999
2019-09-12,1.72,1.79,0.16,2.13,3009.57,8194.47,14.22,116.8375,55.13,1502.95,0.07000000000000006,0.040000000000000036,0.24,0.040000000000000036,0.27,0.010000000000000009,0.18,0.0,0.0,0.0,0.030000000000000027,0.002874970784835895,0.055320677165292764,0.0030297961047338617,0.0536244732211113,-0.004057233838025809,-0.0033017007590272485,0.006207054567719084,-0.009733242436222866,-0.009567723496152425,0.011309861525402809,-0.3899999999999988
2019-09-13,1.79,1.9,0.23,2.14,3007.39,8176.71,13.74,116.7677,54.76,1506.3,0.10999999999999988,0.07000000000000006,0.31000000000000005,0.10999999999999988,0.34999999999999987,0.07,0.22,0.010000000000000231,0.010000000000000231,0.039999999999999813,0.039999999999999813,-0.0007246184436624503,0.040272942590584115,-0.0021696673015654255,0.0349348335550026,-0.0005975894550056537,-0.002659013062690896,0.0022264693088818177,-0.0018240010363186343,-0.006734032181344496,-0.0012774889957096747,-0.4800000000000004
2019-09-16,1.74,1.84,0.17,2.25,2997.96,8153.54,14.67,117.0251,63.1,1502.05,0.10000000000000009,-0.050000000000000044,0.20999999999999996,-0.05999999999999983,0.24,-0.06,0.13,0.10999999999999988,0.1200000000000001,-0.009999999999999787,0.030000000000000027,-0.003140535605966832,0.025099221682622463,-0.002837680445541224,0.01865945876981101,0.002201950650338347,-0.0031013570568418913,-0.002825470990685197,0.0017991608771374956,0.14176076912692004,0.11509252204475828,0.9299999999999997
2019-09-17,1.72,1.81,0.15,2.3,3005.7,8186.02,14.44,116.9826,59.26,1499.3,0.09000000000000008,-0.020000000000000018,0.21999999999999997,-0.030000000000000027,0.26,-0.020000000000000018,0.13,0.04999999999999982,0.16999999999999993,-0.010000000000000009,0.040000000000000036,0.002578428587945325,0.035623902351717085,0.003975632487119185,0.029437041078553605,-0.00036323591460707405,-0.003328284245605495,-0.0018325092172268853,-0.0022318835361101463,-0.062786227401749,0.053373720469321206,-0.23000000000000043
2019-09-18,1.77,1.8,0.21,2.25,3006.73,8177.39,13.95,116.9766,58.19,1502.2,0.030000000000000027,0.050000000000000044,0.20999999999999996,-0.010000000000000009,0.20999999999999996,0.06,0.15999999999999998,-0.04999999999999982,0.1299999999999999,-0.06000000000000005,0.0,0.00034262353493552666,0.027753519587152553,-0.0010547924668671271,0.019408422721792107,-5.129099433887063e-05,-0.0017065768834187978,0.001932367751053654,0.0016989527214006372,-0.018221023476840514,0.04463144094702454,-0.4900000000000002
2019-09-19,1.74,1.79,0.18,1.9,3006.79,8182.88,14.05,117.0861,58.19,1498.4,0.050000000000000044,-0.030000000000000027,0.1299999999999999,-0.010000000000000009,0.16999999999999993,-0.03,0.10999999999999999,-0.3500000000000001,-0.2200000000000002,0.020000000000000018,0.040000000000000036,1.995503465579418e-05,0.028279684251285353,0.0006711380932049593,0.023679454782341125,0.0009356467988137496,-0.0023007842793791866,-0.0025328281220327042,-0.00020019352107158994,0.0,0.0503982617585601,0.10000000000000142
2019-09-20,1.69,1.74,0.13,1.9,2992.07,8117.67,15.32,117.1819,57.92,1504.1,0.050000000000000044,-0.050000000000000044,0.17999999999999994,-0.050000000000000044,0.21999999999999997,-0.04999999999999999,0.15,0.0,-0.2200000000000002,0.0,0.040000000000000036,-0.0049076089603001805,0.049661010849051834,-0.008000999705313205,0.04612196279828318,0.0008178667623415237,-0.0010149999080226735,0.003796840531288481,0.00573411359116438,-0.0046507705911169595,0.0685983163427526,1.2699999999999996
2019-09-23,1.68,1.72,0.11,1.9,2991.78,8112.46,14.91,117.2986,58.69,1519.5,0.040000000000000036,-0.010000000000000009,0.1399999999999999,-0.020000000000000018,0.17999999999999994,-0.020000000000000004,0.11,0.0,-0.2200000000000002,-0.010000000000000009,0.040000000000000036,-9.692756343504527e-05,0.0386408921116681,-0.0006420158284559108,0.032411299898383206,0.0009953920230945101,-0.00312558241962968,0.01018662069568066,,0.013206606492781603,0.09184031647803659,-0.41000000000000014
2019-09-24,1.6,1.64,0.06,1.9,2966.6,7993.63,17.05,117.2227,57.22,1520.25,0.039999999999999813,-0.07999999999999985,0.07000000000000006,-0.08000000000000007,0.1499999999999999,-0.05,0.12,0.0,-0.2200000000000002,-2.220446049250313e-16,0.07999999999999985,-0.008452012089671612,0.03339721190268108,-0.014756176851069114,0.021072067845734566,-0.0006472759843134668,-0.004488188501501789,0.0004934616433711625,-0.007601360279545943,-0.02536586694827836,0.03975213710224157,2.1400000000000006
2019-09-25,1.68,1.73,0.13,1.9,2984.87,8077.38,15.96,117.6527,56.38,1530.85,0.050000000000000044,0.07999999999999985,0.17999999999999994,0.09000000000000008,0.26,0.07,0.21000000000000002,0.0,-0.2200000000000002,0.010000000000000231,0.08000000000000007,0.006139678900037637,0.03301274961591716,0.010422588020029266,0.027677981452367106,0.0036615199412768362,-0.0019020985705866522,0.006948341677961878,-0.007094998193421631,-0.014789001935997526,0.011057719233698471,-1.0899999999999999
2019-09-26,1.66,1.7,0.13,1.85,2977.62,8030.66,16.07,117.7267,56.24,1507.05,0.040000000000000036,-0.020000000000000018,0.1299999999999999,-0.030000000000000027,0.19999999999999996,0.0,0.22,-0.04999999999999982,-0.27,-0.010000000000000009,0.07000000000000006,-0.0024318711052062625,0.017973443071969797,-0.0058008461625220775,0.007156968949455944,0.0006287721222673071,-0.0028483088031592274,-0.01566903910174755,-0.019450624700348307,-0.002486238183557532,-0.007616722679118837,0.10999999999999943
2019-09-27,1.63,1.69,0.16,1.83,2961.79,7939.63,17.22,117.7218,55.95,1496.15,0.06000000000000005,-0.030000000000000027,0.1299999999999999,-0.010000000000000009,0.18999999999999995,0.03,0.21000000000000002,-0.020000000000000018,-0.2999999999999998,0.020000000000000018,0.06000000000000005,-0.005330508411847568,0.012000313838970378,-0.011400041684900941,-0.002924068787375944,-4.1622690318376954e-05,-0.0036942664788446322,-0.00725895568876922,-0.020115145418386327,-0.005169812744474811,0.01585333148354451,1.1499999999999986
2019-09-30,1.63,1.68,0.15,1.9,2976.74,7999.33,16.24,117.9461,54.09,1487.6,0.050000000000000044,0.0,,-0.010000000000000009,,-0.010000000000000009,,0.06999999999999984,,-0.010000000000000009,,0.005034926684707841,,0.007491113495577295,,0.0019035266807883033,,-0.005731058836749625,-0.023747774028412216,-0.03380910887459887,,-0.9800000000000004
2019-10-01,1.56,1.65,0.13,1.88,2940.25,7908.67,18.56,117.9595,53.6,1466.1,0.08999999999999986,-0.06999999999999984,0.09000000000000008,-0.030000000000000027,0.17999999999999994,-0.01999999999999999,0.16,-0.020000000000000018,-0.25,0.039999999999999813,0.08999999999999986,-0.01233413022605756,0.011624139698728442,-0.01139816212334921,0.004373113693523223,0.00011360476406174769,-0.002977941074258972,-0.014558269106696109,-0.044261947906488075,-0.009100257806579304,-0.005766921386821,2.3200000000000003
2019-10-02,1.48,1.6,0.1,1.85,2887.61,7785.23,20.56,117.9671,52.67,1484.05,0.1200000000000001,-0.08000000000000007,0.050000000000000044,-0.04999999999999982,0.13000000000000012,-0.03,0.14,-0.029999999999999805,-0.2799999999999998,0.03000000000000025,0.08000000000000007,-0.01806544138860655,-0.017225023716229693,-0.01573127720485168,-0.024319008722091695,6.44268175147289e-05,0.0024970306642790874,0.01216902293789257,-0.036228054996029435,-0.017503034581458632,-0.06522653198308781,2.0
2019-10-03,1.39,1.54,0.06,1.83,2910.63,7872.25,19.12,117.6608,52.41,1504.0,0.15000000000000013,-0.09000000000000008,-0.16000000000000014,-0.06000000000000005,-0.030000000000000027,-0.04000000000000001,0.049999999999999996,-0.020000000000000018,-0.2999999999999998,0.030000000000000027,0.13000000000000012,0.007940382236732546,-0.022210564373710717,0.011115568531346653,-0.030595766485550513,-0.0025998633653383507,0.0015582315527264967,0.013353388627674434,-0.025341078990113175,-0.004948620681223037,-0.07212984009254741,-1.4399999999999977
2019-10-04,1.4,1.52,0.02,1.82,2952.01,7982.46,17.04,117.5288,52.84,1509.5,0.1200000000000001,0.010000000000000009,-0.13000000000000012,-0.020000000000000018,-0.030000000000000027,-0.039999999999999994,0.01,-0.010000000000000009,-0.30000000000000004,-0.030000000000000027,0.10000000000000009,0.014116741669229604,-0.009004026622756456,0.013902717257010977,-0.014996367584270587,-0.0011224987317470791,0.003405810893000627,0.0036502446371082797,0.0030187951071622976,0.008171066840049868,-0.06608681094154667,-2.080000000000002
2019-10-07,1.46,1.56,0.05,1.82,2938.79,7956.28,17.86,117.5533,52.76,1502.15,0.10000000000000009,0.06000000000000005,-0.1200000000000001,0.040000000000000036,-0.06999999999999984,0.030000000000000002,-0.009999999999999995,0.0,-0.30999999999999983,-0.020000000000000018,0.050000000000000266,-0.004488362257589529,-0.013398384039027711,-0.0032850806957149814,-0.016350687006188025,0.00020843781886181745,0.004204369626910953,-0.0048810549649669355,-0.0051791224960284765,-0.0015151518050107171,-0.09261857391416894,0.8200000000000003
2019-10-08,1.42,1.54,0.06,1.82,2893.06,7823.76,20.28,117.7407,52.64,1500.0,0.1200000000000001,-0.040000000000000036,-0.25,-0.020000000000000018,-0.17999999999999994,0.009999999999999995,-0.06,0.0,-0.30999999999999983,0.020000000000000018,0.07000000000000006,-0.015683166513284164,-0.029403816081752687,-0.01679629652164394,-0.03274133411219182,0.0015929011332609377,0.005552981657325873,-0.00143230709162534,0.003606495594111969,-0.0022770408320522684,-0.08604523159671817,2.4200000000000017
2019-10-09,1.47,1.59,0.1,1.82,2919.4,7903.73,18.64,117.6835,52.63,1503.4,0.1200000000000001,0.050000000000000044,-0.20999999999999996,0.050000000000000044,-0.15999999999999992,0.04000000000000001,-0.04999999999999999,0.0,-0.30999999999999983,0.0,0.050000000000000044,0.009063350218849742,-0.027544124913697843,0.01016954252766844,-0.033094940475104195,-0.00048593136241414925,0.0031575031765109784,0.002264101653067563,0.006506420911200017,-0.0001899876513742349,-0.05597545673205717,-1.6400000000000006
2019-10-10,1.53,1.67,0.15,1.82,2938.13,7950.77,17.57,117.2801,53.57,1508.2,0.1399999999999999,0.06000000000000005,-0.18999999999999995,0.07999999999999985,-0.1200000000000001,0.04999999999999999,-0.010000000000000009,0.0,-0.30999999999999983,0.019999999999999796,0.06999999999999984,0.006395208846051048,-0.02402388685248269,0.005933979378900389,-0.030190757200937668,-0.003433726724960451,0.0037810102895763364,0.0031876770251777486,0.003487043368658682,0.017702910527181537,-0.02870482270872321,-1.0700000000000003
2019-10-11,1.63,1.76,0.2,1.82,2970.27,8057.04,15.58,116.8239,54.76,1498.35,0.13000000000000012,0.09999999999999987,-0.16000000000000014,0.09000000000000008,-0.1399999999999999,0.05000000000000002,-0.03,0.0,-0.32000000000000006,-0.009999999999999787,0.02000000000000024,0.010879533213144832,-0.012419735195675408,0.013277464087790847,-0.014743625811581396,-0.003897418048969925,0.00048118169561206514,-0.006552384122278099,-0.005291810062501234,0.021970790527378714,0.0,-1.9900000000000002
2019-10-14,,,,,2966.15,8048.65,14.57,,53.57,1494.2,,,,,,,,,,,,-0.0013880421740664062,-0.010667241763774982,-0.001041867906179661,-0.012947813272219832,,,-0.0027735561045680868,-0.005239895176384124,-0.021970790527378714,-0.16373155965429875,-1.0099999999999998
2019-10-15,1.61,1.77,0.21,1.9,2995.68,8148.71,13.54,116.8111,52.81,1494.75,0.15999999999999992,,-0.10999999999999988,,-0.040000000000000036,,0.06,,-0.3999999999999999,,0.06999999999999984,0.009906435272235115,-0.003339235079485192,0.012355257012643506,-0.004568188746695512,,-0.0014671056641937241,0.00036802221931342416,-0.0030393637398438145,-0.014288643174027005,-0.11523397542657676,-1.0300000000000011
2019-10-16,1.58,1.75,0.18,1.9,2989.69,8124.18,13.68,116.6425,53.42,1482.55,0.16999999999999993,-0.030000000000000027,-0.18999999999999995,-0.020000000000000018,-0.050000000000000044,-0.03,-0.03,0.0,-0.3500000000000001,0.010000000000000009,0.1399999999999999,-0.00200154777390793,-0.005683406388328649,-0.0030148324704288854,-0.00652822875025727,-0.0014443986240717521,-0.0028602132939266056,-0.008195390645053813,-0.013167122135951281,0.011484640962972748,-0.0855283109867635,0.14000000000000057
2019-10-17,1.6,1.76,0.17,1.85,2997.95,8156.85,13.79,116.2615,53.89,1484.45,0.15999999999999992,0.020000000000000018,-0.1399999999999999,0.010000000000000009,-0.030000000000000027,-0.009999999999999981,-0.009999999999999981,-0.04999999999999982,-0.04999999999999982,-0.010000000000000009,0.10999999999999988,0.002759018658343493,-0.0029443427646409503,0.004013264989914944,-0.003186101853547285,-0.00327173719524243,-0.007067597287982785,0.0012807551464240063,-0.00935353886749457,0.00875972426359084,-0.07676858672317266,0.10999999999999943
2019-10-18,1.58,1.76,0.16,1.85,2986.2,8089.54,14.25,116.1344,53.75,1487.5,0.17999999999999994,-0.020000000000000018,-0.10999999999999988,0.0,0.020000000000000018,-0.010000000000000009,0.03,0.0,-0.04999999999999982,0.020000000000000018,0.1299999999999999,-0.003927045645713889,-0.001963779450054659,-0.00828619590330959,-0.0034712980515436698,-0.0010938231928561137,-0.008979287243180423,0.002052525157401064,-0.011097854241381988,-0.002601264937633463,-0.07471908106968916,0.46000000000000085
2019-10-21,1.62,1.8,0.19,1.85,3006.72,8162.99,14.0,116.0436,53.28,1490.85,0.17999999999999994,0.040000000000000036,-0.05999999999999983,0.040000000000000036,0.08000000000000007,0.03,0.08,0.0,-0.04999999999999982,0.0,0.1399999999999999,0.006848107497875233,0.0049812556112556194,0.009038654296247728,0.006209372073159969,-0.0007821585561860189,-0.010756837822460952,0.002249568662339385,-0.019034906274723262,-0.008782640775638395,-0.09670832833810916,-0.25
2019-10-22,1.6,1.78,0.17,1.85,2995.99,8104.3,14.46,115.9851,54.21,1487.45,0.17999999999999994,-0.020000000000000018,0.0,-0.020000000000000018,0.14000000000000012,-0.01999999999999999,0.11000000000000001,0.0,-0.04999999999999982,0.0,0.14000000000000012,-0.003575055742610189,0.009858211958317042,-0.007215738411280981,0.013749810512948102,-0.000504247976561345,-0.01061380981470883,-0.002283182672662143,-0.021811550590756568,0.017304367040113178,-0.054038094349717625,0.46000000000000085
2019-10-23,1.58,1.77,0.16,1.85,3004.52,8119.79,14.01,116.0586,55.9,1494.25,0.18999999999999995,-0.020000000000000018,-0.09999999999999987,-0.010000000000000009,0.040000000000000036,-0.010000000000000009,0.03,0.0,-0.04999999999999982,0.010000000000000009,0.1399999999999999,0.0028430935856427197,0.006561626643922125,0.001909506752818757,0.0052367292457375925,0.0006335013832146075,-0.013641828372771059,0.0045611642949010545,-0.02419872797381739,0.030698986888806346,-0.008550105524913754,-0.45000000000000107
2019-10-24,1.58,1.77,0.15,1.85,3010.29,8185.8,13.71,116.1278,56.11,1488.85,0.18999999999999995,0.0,-0.07999999999999985,0.0,0.07000000000000006,-0.010000000000000009,0.01999999999999999,0.0,0.0,0.0,0.1499999999999999,0.0019185981834688448,0.010912095932597232,0.00809665404455373,0.0191342294528134,0.000596072828114913,-0.013674527666923453,-0.0036203988456824376,-0.012150087717752278,0.0037496696018273212,-0.0023141977395289004,-0.29999999999999893
2019-10-25,1.63,1.8,0.15,1.83,3022.55,8243.12,12.65,116.0774,56.52,1504.65,0.17000000000000015,0.04999999999999982,0.0,0.030000000000000027,0.1100000000000001,0.0,-0.010000000000000009,-0.020000000000000018,0.0,-0.019999999999999796,0.1100000000000001,0.004064426332368143,0.020307030676812943,0.006977967217004277,0.03751223835471862,-0.00043409881252820526,-0.014067003789133281,0.010556303138923084,0.005665171109940026,0.007280508053446155,0.010136123058392066,-1.0600000000000005
2019-10-28,1.64,1.85,0.21,1.83,3039.42,8325.99,13.11,116.0222,55.6,1505.05,0.2100000000000002,0.010000000000000009,0.010000000000000009,0.050000000000000044,0.17000000000000015,0.06,0.06,0.0,-0.06999999999999984,0.040000000000000036,0.16000000000000014,0.005565861774648795,0.020837965766753896,0.010003034683380818,0.04002415954252214,-0.00047565787309178376,-0.016446188343013368,0.0002658072248760135,0.011662037171565665,-0.016411356559790313,0.027533875373200623,0.4599999999999991
2019-10-29,1.64,1.84,0.23,1.82,3036.89,8276.85,13.2,115.9797,55.34,1492.75,0.20000000000000018,0.0,0.07999999999999985,-0.010000000000000009,0.19000000000000017,0.020000000000000018,0.1,-0.010000000000000009,-0.05999999999999983,-0.010000000000000009,0.11000000000000032,-0.0008327422880682889,0.03233935370474317,-0.005919486484241787,0.045502835181629564,-0.00036637631394764725,-0.016926169421022763,-0.008206063795378249,0.018014242482883525,-0.004687226897756247,0.03194690628202368,0.08999999999999986
2019-10-30,1.61,1.78,0.21,1.82,3046.77,8303.98,12.33,116.1636,54.85,1490.15,0.16999999999999993,-0.029999999999999805,0.13000000000000012,-0.06000000000000005,0.17999999999999994,-0.020000000000000018,0.10999999999999999,0.0,-0.030000000000000027,-0.03000000000000025,0.04999999999999982,0.003248047618049199,0.05365284271139892,0.0032724567119011283,0.06450656909838237,0.0015843665397108353,-0.015406229698826657,-0.001743270413657072,0.004101949131333882,-0.008893787637540562,0.04055615322594175,-0.8699999999999992
2019-10-31,1.52,1.69,0.15,1.58,3037.56,8292.36,13.22,115.9125,54.02,1506.4,0.16999999999999993,-0.09000000000000008,0.13000000000000012,-0.09000000000000008,0.1499999999999999,-0.06,0.09,-0.24,-0.25,0.0,0.019999999999999796,-0.0030274515138035696,0.0426850089608628,-0.0014003089715899364,0.05199069159544578,-0.002163946205445022,-0.014970312538933328,0.010845912329497942,0.0015944728331573899,-0.015247838356769794,0.030256935550394992,0.8900000000000006
2019-11-01,1.56,1.73,0.14,1.57,3066.91,8386.4,12.3,115.7312,56.04,1509.85,0.16999999999999993,0.040000000000000036,0.16000000000000014,0.040000000000000036,0.20999999999999996,-0.009999999999999981,0.12000000000000001,-0.010000000000000009,-0.25,0.0,0.04999999999999982,0.009615978507103051,0.03818424579873625,0.011276737185024643,0.04936471152345945,-0.001565335357875064,-0.015413149165061313,0.0022876097833615106,0.00023183797941062068,0.0367113731043367,0.05879724181468182,-0.9199999999999999
2019-11-04,1.6,1.79,0.15,1.56,3078.27,8433.2,12.83,115.8624,56.33,1509.2,0.18999999999999995,0.040000000000000036,0.14000000000000012,0.06000000000000005,0.22999999999999998,0.009999999999999981,0.09999999999999999,-0.010000000000000009,-0.26,0.020000000000000018,0.08999999999999986,0.003697210802720008,0.046369818859045786,0.005564950507475075,0.058214742726649504,0.001133019341082786,-0.014488567642840344,-0.00043059903614928174,0.004682293908228274,0.005161531437815725,0.06547392505750826,0.5299999999999994
2019-11-05,1.63,1.86,0.18,1.56,3074.62,8434.68,13.1,116.1138,57.04,1504.6,0.2300000000000002,0.029999999999999805,0.20999999999999996,0.07000000000000006,0.32000000000000006,0.03,0.12,0.0,-0.26,0.04000000000000026,0.1100000000000001,-0.001186434481407872,0.06086655089092208,0.00017548144803036791,0.07518652069632381,0.002167464579737377,-0.013914004196363905,-0.0030526269640338555,0.003061974035819759,0.012525523199418132,0.08027648908897866,0.2699999999999996
2019-11-06,1.61,1.81,0.15,1.55,3076.78,8410.63,12.62,116.1004,56.15,1488.55,0.19999999999999996,-0.019999999999999796,0.14000000000000012,-0.050000000000000044,0.21999999999999997,-0.03,0.04999999999999999,-0.010000000000000009,-0.27,-0.03000000000000025,0.07999999999999985,0.0007022791848285692,0.052505479856900905,-0.002855396112098063,0.06216158205655731,-0.00011541068560738665,-0.013543483519557142,-0.010724590371165021,-0.009926717988412825,-0.01572609492158783,0.06474038181876507,-0.4800000000000004
2019-11-07,1.68,1.92,0.23,1.55,3085.18,8434.52,12.73,116.1172,56.91,1484.1,0.24,0.06999999999999984,0.1499999999999999,0.10999999999999988,0.25,0.08000000000000002,0.08000000000000002,0.0,-0.27,0.040000000000000036,0.10000000000000009,0.002726406923544644,0.0488366779343945,0.002836426629253097,0.059064029306910015,0.00014469187545884665,-0.009965064919137845,-0.0029939638531839563,-0.01610835886677453,0.013444391430580183,0.060481862722163715,0.11000000000000121
2019-11-08,1.68,1.94,0.23,1.55,3093.08,8475.31,12.07,116.3436,57.02,1466.85,0.26,0.0,0.050000000000000044,0.020000000000000018,0.17999999999999994,0.0,0.03,0.0,-0.27,0.020000000000000018,0.1299999999999999,0.0025573557297846605,0.04051450045103433,0.004824422139753537,0.050610987358872705,0.0019478559101822057,-0.004119790959985714,-0.011691283475378178,-0.02124725821987461,0.0019310108694936545,0.040442083064278656,-0.6600000000000001
2019-11-11,,,,,3087.01,8464.28,12.69,,,1465.5,,,,,,,,,,,,-0.0019643733188008383,0.0399381693062999,-0.001302274914426249,0.05035058035062612,,,-0.0009207632754471007,-0.019394465390753624,,,0.6199999999999992
2019-11-12,1.66,1.92,0.22,1.55,3091.84,8486.09,12.68,116.5837,56.67,1455.0,0.26,,0.04999999999999982,,0.1499999999999999,,0.010000000000000009,,-0.34999999999999987,,0.10000000000000009,0.0015633980380798107,0.031595132072144594,0.0025733965731919994,0.04056871991117461,,-0.001948630149053443,-0.007190580545353598,-0.026953068155420645,,0.07054440346268631,-0.009999999999999787
2019-11-13,1.63,1.88,0.22,1.55,3094.04,8482.1,13.0,116.8397,56.88,1463.45,0.25,-0.030000000000000027,0.04999999999999982,-0.040000000000000036,0.1299999999999999,0.0,0.04000000000000001,0.0,-0.34999999999999987,-0.010000000000000009,0.08000000000000007,0.0007112973716782989,0.03430797721773082,-0.00047029177225610397,0.04311326060934739,0.0021934399262324433,0.0016892084012507524,0.005790761268993805,-0.012966916241373028,0.003698815313457615,0.06275857781317118,0.3200000000000003
2019-11-14,1.58,1.82,0.2,1.55,3096.63,8479.02,13.05,116.8022,56.57,1467.65,0.24,-0.04999999999999982,-0.020000000000000018,-0.05999999999999983,0.06000000000000005,-0.01999999999999999,0.03,0.0,-0.30000000000000004,-0.010000000000000009,0.08000000000000007,0.000836743083095115,0.032385701642482445,-0.000363183567342773,0.038736812052089675,-0.00032100406923607494,0.004639941527257108,0.0028658202548692557,-0.011381851132927778,-0.005464976139921696,0.04853387740965864,0.05000000000000071
2019-11-15,1.61,1.84,0.21,1.55,3120.46,8540.83,12.05,116.4401,57.54,1465.6,0.22999999999999998,0.030000000000000027,0.030000000000000027,0.020000000000000018,0.08000000000000007,0.009999999999999981,0.04999999999999999,0.0,-0.30000000000000004,-0.010000000000000009,0.050000000000000044,0.007666003452600378,0.04397875074079671,0.0072633156856092285,0.054286323641008494,-0.0031049281447179666,0.0026288365753952547,-0.0013977672095908389,-0.014832143499919681,0.017001548768337926,0.06813669111563003,-1.0
2019-11-18,1.6,1.81,0.18,1.55,3122.03,8549.94,12.46,116.3625,56.82,1458.4,0.20999999999999996,-0.010000000000000009,-0.020000000000000018,-0.030000000000000027,0.010000000000000009,-0.03,-0.010000000000000009,0.0,-0.30000000000000004,-0.020000000000000018,0.030000000000000027,0.0005030044207039452,0.037633647663625425,0.0010660726067701631,0.04631374195153093,-0.0006666592458506315,0.002744335885730642,-0.0049247705554122945,-0.02200648271767136,-0.01259198169736031,0.06432735019390812,0.41000000000000014
2019-11-19,1.6,1.79,0.16,1.55,3120.18,8570.66,12.86,116.5391,54.93,1464.9,0.18999999999999995,0.0,0.0,-0.020000000000000018,0.010000000000000009,-0.01999999999999999,-0.010000000000000009,0.0,-0.30000000000000004,-0.020000000000000018,0.010000000000000009,-0.0005927388069810746,0.04061596459925454,0.0024204770996387737,0.05594995746245068,0.0015165205721725528,0.00476510443446454,0.004447036371271196,-0.015276263673738022,-0.03382872907151313,0.013194254082281809,0.3999999999999986
2019-11-20,1.56,1.73,0.13,1.55,3108.46,8526.73,12.78,116.828,56.71,1475.7,0.16999999999999993,-0.040000000000000036,-0.020000000000000018,-0.06000000000000005,-0.040000000000000036,-0.03,-0.03,0.0,-0.30000000000000004,-0.020000000000000018,-0.020000000000000018,-0.0037632657632205024,0.03400960525039132,-0.005138807346948937,0.04890164336268299,0.0024759286770503763,0.006607531728300309,0.007345472733679692,-0.012491955234959384,0.0318909146714077,0.014386181864883163,-0.08000000000000007
2019-11-21,1.6,1.77,0.14,1.55,3103.54,8506.21,13.13,116.7435,58.36,1468.9,0.16999999999999993,0.040000000000000036,0.020000000000000018,0.040000000000000036,0.0,0.010000000000000009,-0.009999999999999981,0.0,-0.30000000000000004,0.0,-0.020000000000000018,-0.0015840312391350864,0.030506975827787386,-0.0024094501509814847,0.038395539167147774,-0.0007235472109092811,0.005287911689276115,-0.004618632132034506,-0.013490188521311453,0.028680161628648726,0.03931667389170457,0.3500000000000014
2019-11-22,1.61,1.77,0.15,1.55,3110.29,8519.88,12.34,116.9137,57.68,1471.3,0.15999999999999992,0.010000000000000009,-0.019999999999999796,0.0,-0.030000000000000027,0.009999999999999981,0.0,0.0,-0.28,-0.010000000000000009,-0.010000000000000231,0.0021725739696911717,0.028615123465110415,0.00160577125310013,0.03302334320324363,0.001456835313461191,0.007178845815265511,0.001632542366531986,-0.02241394929370255,-0.011720230677891408,0.020315935160367005,-0.7900000000000009
2019-11-25,1.61,1.76,0.14,1.55,3133.64,8632.49,11.87,117.0098,57.79,1459.45,0.1499999999999999,0.0,-0.029999999999999805,-0.010000000000000009,-0.09000000000000008,-0.009999999999999981,-0.06999999999999998,0.0,-0.28,-0.010000000000000009,-0.060000000000000275,0.00747929872680686,0.03052856041726848,0.013130735633371415,0.036151044153234224,0.000821636179403562,0.008476139867760857,-0.008086711304200911,-0.030766467822779475,0.0019052573529929617,0.03863254907315028,-0.47000000000000064
2019-11-26,1.58,1.74,0.12,1.55,3140.52,8647.93,11.54,117.0513,58.25,1457.65,0.15999999999999992,-0.030000000000000027,-0.05999999999999983,-0.020000000000000018,-0.10000000000000009,-0.020000000000000018,-0.11000000000000001,0.0,-0.27,0.010000000000000009,-0.04000000000000026,0.002193123145604048,0.03355442585094082,0.0017869940787047511,0.04385752471618076,0.0003546082662593264,0.00919712444796783,-0.0012341025185635957,-0.023794506545964822,0.007928342116123588,0.051248118087030115,-0.33000000000000007
2019-11-27,1.63,1.77,0.14,1.55,3153.63,8705.18,11.75,117.1273,58.12,1459.8,0.14000000000000012,0.04999999999999982,0.019999999999999796,0.030000000000000027,-0.010000000000000009,0.020000000000000018,-0.06999999999999998,0.0,-0.27,-0.019999999999999796,-0.029999999999999805,0.004165779003972858,0.034472157236864476,0.006598264830694589,0.04718333283497422,0.0006490772655425303,0.008261835173799525,0.001473890136394651,-0.0205773459959131,-0.0022342537437278764,0.0579076519808428,0.21000000000000085
2019-11-28,,,,,,,,,,1457.55,,,,,,,,,,,,,,,,,,-0.0015424960639744967,-0.03296575438938554,,,
2019-11-29,1.61,1.78,0.17,1.56,3140.98,8665.47,12.62,117.1204,58.12,1456.35,0.16999999999999993,,0.050000000000000044,,0.050000000000000044,,0.03,,-0.010000000000000009,,0.0,,0.023864313072220256,,0.032734816740573436,,0.011932204739246721,-0.000823638469293897,-0.036077002642040945,,0.0364441172332759,
2019-12-02,1.61,1.83,0.18,1.56,3113.87,8567.99,14.91,116.9647,55.97,1457.5,0.21999999999999997,0.0,0.010000000000000009,0.050000000000000044,0.040000000000000036,0.009999999999999981,0.03,0.0,0.0,0.050000000000000044,0.030000000000000027,-0.008668527546204174,0.011498574723296073,-0.011312996885552096,0.015856869347546265,-0.0013302856351069536,0.009468899763056982,0.000789333740383924,-0.03485706986550774,-0.03769400579881399,-0.006411420003353818,2.290000000000001
2019-12-03,1.53,1.72,0.09,1.55,3093.2,8520.64,15.96,116.8898,56.15,1470.4,0.18999999999999995,-0.08000000000000007,-0.09999999999999987,-0.1100000000000001,-0.14000000000000012,-0.09,-0.09,-0.010000000000000009,-0.010000000000000009,-0.030000000000000027,-0.04000000000000026,-0.006660171838372975,0.006024837366330971,-0.0055417106202995114,0.010139677279216386,-0.0006405692647453165,0.006660865918574288,0.008811833376775269,-0.022992609524698615,0.00321084828118412,-0.01572609492158783,1.0500000000000007
2019-12-04,1.58,1.77,0.11,1.55,3112.76,8566.67,14.8,116.692,58.46,1475.85,0.18999999999999995,0.050000000000000044,-0.030000000000000027,0.050000000000000044,-0.040000000000000036,0.020000000000000004,-0.039999999999999994,0.0,0.0,0.0,-0.010000000000000009,0.00630363868584638,0.011626196867348781,0.005387636947100205,0.018382710338414654,-0.0016936255074684325,0.005082651096713242,0.0036996223784617754,-0.008568396775071818,0.04031607849864738,0.04031607849864738,-1.1600000000000001
2019-12-05,1.58,1.8,0.13,1.55,3117.43,8570.7,14.52,116.3838,58.42,1474.6,0.21999999999999997,0.0,-0.09999999999999987,0.030000000000000027,-0.11999999999999988,0.020000000000000004,-0.1,0.0,0.0,0.030000000000000027,-0.020000000000000018,0.0014991519920375396,0.010398941935841677,0.0004703172160347435,0.0160166009251963,-0.0026446347465647335,0.002293324474689662,-0.000847328424334215,-0.006421761346222077,-0.0006844627235045309,0.026187224344562665,-0.28000000000000114
2019-12-06,1.61,1.84,0.15,1.55,3145.91,8656.53,13.62,116.5381,59.2,1474.85,0.22999999999999998,0.030000000000000027,-0.06999999999999984,0.040000000000000036,-0.09999999999999987,0.01999999999999999,-0.08000000000000002,0.0,0.0,0.010000000000000009,-0.030000000000000027,0.00909425204036829,0.016935838246425305,0.009964539880787271,0.021156718666230034,0.001324907813059717,0.0016703763775671732,0.00016952313183704604,0.005439045260993147,0.013263244930365126,0.037519458405434136,-0.9000000000000004
2019-12-09,1.63,1.83,0.14,1.55,3135.96,8621.83,15.86,116.3283,58.99,1463.6,0.20000000000000018,0.019999999999999796,,-0.010000000000000009,,-0.009999999999999981,,0.0,,-0.029999999999999805,,-0.0031678491662230357,0.015732362399003108,-0.004016590307324819,0.018442403273331465,-0.0018018920442379738,,-0.0076571355423356025,-0.0012973270058953545,-0.0035536038749768295,,2.24
2019-12-10,1.65,1.85,0.14,1.55,3132.52,8616.18,15.68,116.2542,59.22,1464.45,0.20000000000000018,0.020000000000000018,-0.010000000000000009,0.020000000000000018,-0.06999999999999984,0.0,-0.07999999999999999,0.0,0.0,0.0,-0.05999999999999983,-0.0010975548602925045,0.013071409500630793,-0.0006555281267761615,0.015213478573363304,-0.0006371932755655507,-0.002830297129094106,0.0005805911947387443,0.006473844734196987,0.0038913846584618383,0.04401435249191721,-0.17999999999999972
2019-12-11,1.61,1.79,0.1,1.55,3141.63,8654.05,14.99,116.1478,58.74,1468.05,0.17999999999999994,-0.039999999999999813,-0.019999999999999796,-0.06000000000000005,-0.08999999999999986,-0.04000000000000001,-0.12,0.0,0.0,-0.02000000000000024,-0.07000000000000006,0.0029039810658435528,0.015264093194796047,0.0043855884602965745,0.020069358805915982,-0.000915654834589219,-0.005939391889915768,0.0024552442001475328,0.0031383276653507153,-0.008138396902971579,0.032177140275488014,-0.6899999999999995
2019-12-12,1.66,1.9,0.18,1.55,3168.57,8717.32,13.94,115.8741,59.18,1474.7,0.24,0.04999999999999982,0.07999999999999985,0.10999999999999988,0.07999999999999985,0.07999999999999999,-0.020000000000000018,0.0,0.0,0.06000000000000005,0.0,0.00853860849985466,0.022965958611555592,0.007284431771834576,0.02771697414509333,-0.002359261146932745,-0.007977648967612438,0.004519589716957206,0.004792097127438666,0.007462721201589417,0.04510483761699913,-1.0500000000000007
2019-12-13,1.61,1.82,0.12,1.55,3168.8,8734.88,12.63,115.6967,60.11,1470.6,0.20999999999999996,-0.04999999999999982,0.0,-0.07999999999999985,-0.020000000000000018,-0.06,-0.09,0.0,0.0,-0.030000000000000027,-0.020000000000000018,7.258531539200419e-05,0.015372540474347218,0.0020123544224635026,0.022466012881947606,-0.0015321451124528096,-0.0064048659353472814,-0.002784098494773346,0.0034057658422561587,0.01559257007900694,0.04369585892766814,-1.3099999999999987
2019-12-16,1.65,1.89,0.16,1.56,3191.45,8814.23,12.14,115.555,60.21,1477.4,0.24,0.039999999999999813,0.04999999999999982,0.06999999999999984,0.07999999999999985,0.04000000000000001,-0.01999999999999999,0.010000000000000009,0.010000000000000009,0.030000000000000027,0.030000000000000027,0.007122391651236626,0.0219919277048799,0.009043255273070372,0.030443195548247814,-0.0012255046577775985,-0.0069637113472742485,0.004613305332515694,0.012943841730184147,0.0016622344252859023,0.057950075050314354,-0.4900000000000002
2019-12-17,1.63,1.89,0.14,1.55,3192.52,8823.36,12.29,115.5553,60.88,1478.4,0.26,-0.020000000000000018,0.029999999999999805,0.0,0.09999999999999987,-0.01999999999999999,-0.01999999999999999,-0.010000000000000009,0.0,0.020000000000000018,0.07000000000000006,0.00033521461097762995,0.022919881122838603,0.0010352889272837729,0.029058007375892814,2.59616295839038e-06,-0.00847763575648841,0.0006766357927823208,0.009173441151695272,0.011066262077074285,0.10284506619890177,0.14999999999999858
2019-12-18,1.63,1.92,0.16,1.55,3191.14,8827.73,12.58,115.6618,60.93,1478.9,0.29000000000000004,0.0,0.06999999999999984,0.030000000000000027,0.18999999999999995,0.01999999999999999,0.03,0.0,0.0,0.030000000000000027,0.1200000000000001,-0.0004323538601678223,0.026250793025891284,0.0004951535672059748,0.034691968290047726,0.0009212122073289919,-0.010032352226209795,0.0003381462853040418,0.0021661147033196215,0.0008209507069727451,0.07177510223446681,0.2900000000000009
2019-12-19,1.62,1.92,0.15,1.55,3205.37,8887.22,12.5,115.5988,61.3,1474.4,0.2999999999999998,-0.009999999999999787,0.020000000000000018,0.0,0.1499999999999999,-0.010000000000000009,0.009999999999999981,0.0,0.0,0.009999999999999787,0.1299999999999999,0.004449308599584256,0.032284132864610626,0.0067163862875005975,0.04381780472852981,-0.0005448399040606233,-0.009853644919361138,-0.0030474408171103917,0.0037373060182437357,0.006054178681762501,0.04914911928758059,-0.08000000000000007
2019-12-20,1.63,1.92,0.15,1.55,3221.22,8924.96,12.51,115.7598,60.43,1476.9,0.29000000000000004,0.009999999999999787,0.019999999999999796,0.0,0.1499999999999999,0.0,0.0,0.0,0.0,-0.009999999999999787,0.13000000000000012,0.004932641459037157,0.03504420035395661,0.004237556152517641,0.04644958962794732,0.0013917790476662972,-0.009918701185156031,0.0016941690766509865,0.003798932728362736,-0.014294172568698471,0.046575177396773526,0.009999999999999787
2019-12-23,1.64,1.93,0.18,1.55,3224.01,8945.65,12.61,115.8059,60.51,1483.95,0.29000000000000004,0.010000000000000009,0.029999999999999805,0.010000000000000009,0.16999999999999993,0.03,0.03999999999999998,0.0,0.0,0.0,0.14000000000000012,0.0008657565903060771,0.02843065821745583,0.0023155347516929936,0.0356343887462689,0.00039815914540941577,-0.010342178219150178,0.004762155005076707,0.016647799037640354,0.001322970260762446,0.04599289030454301,0.09999999999999964
2019-12-24,1.62,1.9,0.15,1.55,3223.38,8952.88,12.67,,61.17,1490.85,0.2799999999999998,-0.019999999999999796,0.040000000000000036,-0.030000000000000027,0.15999999999999992,-0.03,0.03,0.0,0.0,-0.010000000000000231,0.11999999999999988,-0.00019542791796567371,0.026042107153886107,0.0008078876190662498,0.034655282286630396,,,0.0046389756447835495,0.0225208772009875,0.010848232620244147,0.04891278080866357,0.0600000000000005
2019-12-25,,,,,,,,,,,,,,,,,,,,,,,,,,,,,,,,
2019-12-26,1.64,1.9,0.16,1.55,3239.91,9022.39,12.65,115.634,61.72,,0.26,,,,,,,,,,,,,,,,,,,,,
2019-12-27,1.59,1.88,0.15,1.55,3240.02,9006.62,13.43,115.22,61.76,1510.6,0.2899999999999998,-0.04999999999999982,-0.020000000000000018,-0.020000000000000018,0.09999999999999987,-0.010000000000000009,-0.020000000000000018,0.0,-0.010000000000000009,0.029999999999999805,0.11999999999999988,3.395098404190833e-05,0.031044649487371956,-0.00174940321425332,0.038613699606569796,-0.0035866863369831137,-0.01635912120347882,,0.036573617395084135,0.0006478782215610934,0.06074606701443841,0.7799999999999994
2019-12-30,1.58,1.9,0.15,1.55,3221.29,8945.99,14.82,114.9631,61.66,1511.5,0.31999999999999984,-0.010000000000000009,-0.030000000000000027,0.020000000000000018,0.06999999999999984,0.0,-0.03,0.0,-0.010000000000000009,0.030000000000000027,0.09999999999999987,-0.005797602177576522,0.03391557485599961,-0.006754475311357311,0.04317222118076458,-0.0022321369958575588,-0.017260972564229426,0.0005956123401649194,0.03637989599486513,-0.001620483258516714,0.09681958955473569,1.3900000000000006
2019-12-31,1.58,1.92,0.15,1.55,3230.78,8972.6,13.78,114.669,61.14,1523.0,0.33999999999999986,0.0,0.050000000000000044,0.020000000000000018,0.19999999999999996,0.0,0.06,0.0,0.0,0.020000000000000018,0.1499999999999999,0.0029416937024926426,0.043517440396865226,0.0029701019512913263,0.05168403375235542,-0.0025614899729164975,-0.019181893272400607,0.007579538675649644,0.035147601293739505,-0.008469105995315473,0.08513963527823609,-1.040000000000001
2020-01-01,,,,,,,,,,,,,,,,,,,,,,,,,,,,,,,,
2020-01-02,1.58,1.88,0.08,1.55,3257.85,9092.19,12.47,114.9745,61.17,1520.55,0.2999999999999998,,0.0,,0.07999999999999985,,-0.05,,0.0,,0.07999999999999985,,0.04405852417367484,,0.05906639371016631,,-0.012182985708770744,,0.030685344940968307,,0.04599857629487847,
2020-01-03,1.53,1.8,0.03,1.55,3234.85,9020.77,14.02,114.9867,63.0,1547.4,0.27,-0.050000000000000044,-0.08000000000000007,-0.07999999999999985,-0.040000000000000036,-0.05,-0.12,0.0,0.0,-0.029999999999999805,0.040000000000000036,-0.007084909578082943,0.027879362555223608,-0.007886106979514196,0.04121574684986484,0.00010610485604889419,-0.013401788665781567,0.017503991618835535,0.048019813427966795,0.02947785313705875,0.062213184501572094,1.549999999999999
2020-01-06,1.54,1.81,0.06,1.55,3246.28,9071.46,13.85,114.9557,63.27,1576.85,0.27,0.010000000000000009,-0.08999999999999986,0.010000000000000009,-0.020000000000000018,0.03,-0.08000000000000002,0.0,0.0,0.0,0.06999999999999984,0.003527166358322731,0.034574378079769374,0.005603525119525443,0.050835862276715105,-0.00026963274444202767,-0.01186952936598562,0.01885308301239519,0.07453003198269759,0.004276556767260686,0.07004334514380961,-0.16999999999999993
2020-01-07,1.54,1.83,0.09,1.55,3237.18,9068.58,13.79,115.1477,62.7,1566.5,0.29000000000000004,0.0,-0.10999999999999988,0.020000000000000018,-0.020000000000000018,0.03,-0.05000000000000002,0.0,0.0,0.020000000000000018,0.08999999999999986,-0.0028071449428903605,0.03286478799717152,-0.0003175296222277524,0.051173860781263514,0.0016688153635202596,-0.00956352072689981,-0.006585354735502591,0.06736408605245625,-0.009049835519918226,0.057102124965429546,-0.0600000000000005
2020-01-08,1.58,1.87,0.12,1.55,3253.05,9129.24,13.45,115.1328,59.65,1582.85,0.29000000000000004,0.040000000000000036,-0.030000000000000027,0.040000000000000036,0.08000000000000007,0.03,0.01999999999999999,0.0,0.0,0.0,0.1100000000000001,0.004890437358737287,0.03485124429006525,0.0066667573008860614,0.053455029621853,-0.0001294073968116649,-0.008777273289122256,0.010383188208153982,0.0752920300604627,-0.04986729909494958,0.015373222773451545,-0.33999999999999986
2020-01-09,1.58,1.85,0.11,1.55,3274.7,9203.43,12.54,115.2331,59.56,1547.85,0.27,0.0,-0.07999999999999985,-0.020000000000000018,-0.04999999999999982,-0.009999999999999995,-0.06999999999999999,0.0,0.0,-0.020000000000000018,0.030000000000000027,0.006633244037574926,0.03294587982778552,0.008093791576657239,0.05426438942667566,0.0008707886569832013,-0.00554722348520631,-0.022360148370567323,0.04841229197293817,-0.001509940728117165,0.006400560843744962,-0.9100000000000001
2020-01-10,1.56,1.83,0.07,1.54,3265.35,9178.86,12.56,115.0677,59.02,1548.8,0.27,-0.020000000000000018,-0.050000000000000044,-0.020000000000000018,0.010000000000000009,-0.039999999999999994,-0.04999999999999999,-0.010000000000000009,-0.010000000000000009,0.0,0.06000000000000005,-0.0028593073050462436,0.03001398720734727,-0.0026732267450597647,0.049578808259152396,-0.0014363825782428563,-0.005451460950996356,0.0006135662924791063,0.05180995676019062,-0.009107838301014581,-0.01829984753627656,0.02000000000000135
2020-01-13,1.58,1.85,0.08,1.54,3288.13,9273.93,12.32,115.0342,58.17,1550.35,0.27,0.020000000000000018,-0.06999999999999984,0.020000000000000018,-0.039999999999999813,0.009999999999999995,-0.08,0.0,-0.020000000000000018,0.0,0.030000000000000027,0.006952059592316928,0.029843655148427572,0.01030422404265785,0.050839777028739874,-0.000291175346545991,-0.004517131639764749,0.0010002743521528856,0.048196925779827815,-0.01450661159212352,-0.03446869355368598,-0.2400000000000002
2020-01-14,1.58,1.82,0.05,1.54,3283.15,9251.33,12.39,115.0239,58.34,1544.95,0.24,0.0,-0.04999999999999982,-0.030000000000000027,-0.06999999999999984,-0.03,-0.09000000000000001,0.0,-0.010000000000000009,-0.030000000000000027,-0.020000000000000018,-0.0015156867317731582,0.027992753805676784,-0.0024399129849541623,0.04736457511650194,-8.954259821258859e-05,-0.004609270400935728,-0.0034891645258419146,0.04403112546120358,0.0029182065169051086,-0.04261674911385516,0.07000000000000028
2020-01-15,1.56,1.79,0.04,1.54,3289.29,9258.7,12.42,114.9528,57.86,1551.9,0.22999999999999998,-0.020000000000000018,-0.06999999999999984,-0.030000000000000027,-0.1299999999999999,-0.010000000000000002,-0.12,0.0,-0.010000000000000009,-0.010000000000000009,-0.06000000000000005,0.001868408623343143,0.03029351628918775,0.0007963250615450335,0.047665746610841,-0.0006183235281245203,-0.00614880613638924,0.004488439328955707,0.048181418504855245,-0.008261664891586307,-0.05169936471241421,0.02999999999999936
2020-01-16,1.58,1.81,0.07,1.54,3316.81,9357.13,12.32,115.0006,58.52,1555.2,0.22999999999999998,0.020000000000000018,-0.040000000000000036,0.020000000000000018,-0.10999999999999988,0.030000000000000006,-0.07999999999999999,0.0,-0.010000000000000009,0.0,-0.06999999999999984,0.008331741632201073,0.034175949321804566,0.010574969505382725,0.051524329828723126,0.0004157364117114426,-0.005188229820617174,0.0021241680285957187,0.053353027350561355,0.011342276603934387,-0.04641126679024232,-0.09999999999999964
2020-01-17,1.58,1.84,0.09,1.55,3329.62,9388.94,12.1,115.0656,58.55,1556.5,0.26,0.0,-0.04999999999999982,0.030000000000000027,-0.07999999999999985,0.01999999999999999,-0.06,0.010000000000000009,0.0,0.030000000000000027,-0.030000000000000027,0.003854705717721174,0.03309801358048858,0.0033937812599269535,0.05068055493613244,0.0005650547688400565,-0.006014954099443415,0.0008355561754882501,0.05249441444939862,0.0005125138918025129,-0.03160458032974134,-0.22000000000000064
2020-01-20,,,,,,,,,,1559.25,,,,,,,,,,,,,,,,,,0.0017652255245685922,0.049497484968890504,,,
2020-01-21,1.53,1.78,0.04,1.55,3320.79,9370.81,12.85,115.1876,58.25,1556.25,0.25,,-0.09000000000000008,,-0.11999999999999988,,-0.10999999999999999,,0.0,,-0.029999999999999805,,0.029772207971006992,,0.045624270384969634,,,-0.0019258551932139767,0.04293265413089298,,-0.04891278080866357,
2020-01-22,1.53,1.77,0.05,1.55,3321.75,9383.77,12.91,115.2273,56.76,1558.1,0.24,0.0,,-0.010000000000000009,,0.010000000000000002,,0.0,,-0.010000000000000009,,0.00028904605969515274,,0.0013820626282115,,0.00034459577390855145,,0.0011880490102909036,,-0.025912240153968646,,0.0600000000000005
2020-01-23,1.51,1.74,0.04,1.55,3325.54,9402.48,12.98,115.5545,55.51,1554.05,0.22999999999999998,-0.020000000000000018,-0.1299999999999999,-0.030000000000000027,-0.15999999999999992,-0.010000000000000002,-0.12,0.0,0.0,-0.010000000000000009,-0.030000000000000027,0.0011403144471451299,0.026086515295775214,0.0019918830193521586,0.041264218548612064,0.0028355807887638917,-0.0006877504991260608,-0.0026027037811457987,,-0.022268667589771418,-0.1060448427928895,0.07000000000000028
2020-01-24,1.49,1.7,0.02,1.55,3295.47,9314.91,14.56,115.5556,54.09,1561.85,0.20999999999999996,-0.020000000000000018,-0.10000000000000009,-0.040000000000000036,-0.17999999999999994,-0.02,-0.13,0.0,0.0,-0.020000000000000018,-0.07999999999999985,-0.009083268789936483,0.016969295521796823,-0.009357142095106852,0.03365647966775853,9.519272415658975e-06,0.002908455110272712,0.005006589616389334,0.033364093179204524,-0.025913858818734425,-0.13260657983318502,1.58
2020-01-27,1.44,1.61,-0.02,1.55,3243.63,9139.31,18.23,115.8004,53.09,1583.45,0.17000000000000015,-0.050000000000000044,-0.14000000000000012,-0.08999999999999986,-0.2899999999999998,-0.04,-0.16999999999999998,0.0,0.0,-0.039999999999999813,-0.1499999999999997,-0.01585572511838329,0.006911172580990055,-0.019031451896115215,0.02137950308300063,0.0021162199498530043,0.007256812055983275,0.013734994798003441,0.046503475637043046,-0.01866073928775558,-0.1496468358624239,3.67
2020-01-28,1.45,1.65,0.0,1.55,3276.24,9269.68,16.28,115.7239,53.33,1579.6,0.19999999999999996,0.010000000000000009,-0.13000000000000012,0.039999999999999813,-0.27,0.02,-0.15,0.0,0.0,0.029999999999999805,-0.1399999999999999,0.010003350352588924,0.013972829231086337,0.014163968750073863,0.032573369881783165,-0.0006608377849239844,0.009157464243975788,-0.002434360444061312,0.03648957651733209,0.004510438016930518,-0.1366672918501779,-1.9499999999999993
2020-01-29,1.42,1.6,-0.04,1.55,3273.4,9275.16,16.39,115.7003,53.29,1571.2,0.18000000000000016,-0.030000000000000027,,-0.04999999999999982,,-0.04,,0.0,,-0.019999999999999796,,-0.0008672232910491573,,0.0005909999934754495,,-0.00020395447046439585,,-0.0053319918122927135,,-0.0007503283038197139,,0.10999999999999943
2020-01-30,1.41,1.57,-0.07,1.6,3283.66,9298.93,15.49,115.8077,52.19,1580.4,0.16000000000000014,-0.010000000000000009,-0.17000000000000015,-0.030000000000000027,-0.30999999999999983,-0.030000000000000006,-0.15000000000000002,0.050000000000000044,0.050000000000000044,-0.020000000000000018,-0.13999999999999968,0.003129453862989351,0.007891185348332996,0.0025594807580162637,0.02248353651232904,0.0009278297743904318,0.007220692238305126,0.005838320937034069,0.038605868040717084,-0.020857790653369346,-0.15876596759915218,-0.9000000000000004
2020-01-31,1.33,1.51,-0.14,1.59,3225.52,9150.94,18.84,115.7345,51.58,1580.85,0.17999999999999994,-0.07999999999999985,-0.19999999999999996,-0.06000000000000005,-0.29000000000000004,-0.07,-0.17,-0.010000000000000009,0.040000000000000036,0.019999999999999796,-0.09000000000000008,-0.01786447639264388,-0.0028883814662279406,-0.016042733525305053,0.014326909966538182,-0.0006322821709270343,0.006482305211329198,0.00028469751081949823,0.021386573932701047,-0.011756905202123136,-0.20000072593833407,3.3499999999999996
2020-02-03,1.36,1.54,-0.09,1.59,3248.92,9273.4,17.97,116.1172,50.06,1578.85,0.17999999999999994,0.030000000000000027,-0.17999999999999994,0.030000000000000027,-0.27,0.05000000000000002,-0.15,0.0,0.040000000000000036,0.0,-0.09000000000000008,0.0072284558629114315,0.0008129080383607601,0.013293480622682097,0.022016865469694835,0.00330125116670299,0.010053189122474215,-0.0012659431383363895,0.0012675477819694692,-0.029911714449570415,-0.23418899715516517,-0.870000000000001
2020-02-04,1.41,1.61,-0.03,1.59,3297.59,9467.97,16.05,115.9291,49.59,1571.2,0.20000000000000018,0.04999999999999982,-0.13000000000000012,0.07000000000000006,-0.21999999999999997,0.06,-0.12,0.0,0.040000000000000036,0.02000000000000024,-0.08999999999999986,0.014869265218065308,0.01848931819931643,0.020764436204954606,0.043098831296877194,-0.0016212285324082032,0.0067631452265457526,-0.004857075309517178,0.002995827207954882,-0.009433085502585481,-0.23457224713783242,-1.9199999999999982
2020-02-05,1.44,1.66,0.0,1.59,3334.69,9508.68,15.15,116.009,50.87,1552.2,0.21999999999999997,0.030000000000000027,-0.14000000000000012,0.04999999999999982,-0.2100000000000002,0.03,-0.12,0.0,0.040000000000000036,0.019999999999999796,-0.07000000000000006,0.01118782288293474,0.02478670372351388,0.004290542582772616,0.04072261657876375,0.0006889769568747539,0.007581529580232171,-0.01216637918016339,-0.01955374018036249,0.025484158333631157,-0.1592207897092517,-0.9000000000000004
2020-02-06,1.44,1.65,-0.02,1.59,3345.78,9572.15,14.96,116.1518,50.94,1564.75,0.20999999999999996,0.0,-0.14000000000000012,-0.010000000000000009,-0.20000000000000018,-0.02,-0.13,0.0,0.040000000000000036,-0.010000000000000009,-0.06000000000000005,0.0033201287296620308,0.021473588415600986,0.006652774967886188,0.0392815999699927,0.0012301819946243242,0.007940922917873294,0.008052787384772664,0.010859195574977498,0.0013751107166370957,-0.15633573826449743,-0.1899999999999995
2020-02-07,1.41,1.59,-0.07,1.58,3327.71,9520.51,15.47,116.5086,50.34,1568.3,0.18000000000000016,-0.030000000000000027,-0.15000000000000013,-0.05999999999999983,-0.24,-0.05,-0.14,-0.010000000000000009,0.040000000000000036,-0.029999999999999805,-0.08999999999999986,-0.005415470514540388,0.01891742520610684,-0.005409421832620609,0.03654540488243185,0.0030671337254704056,0.012444439221586556,0.002266163335567839,0.012511792618066231,-0.011848479844140947,-0.1590763798076238,0.5099999999999998
2020-02-10,1.37,1.56,-0.1,1.58,3352.09,9628.39,15.04,116.5711,49.59,1574.05,0.18999999999999995,-0.039999999999999813,-0.20999999999999996,-0.030000000000000027,-0.29000000000000004,-0.03,-0.18,0.0,0.040000000000000036,0.009999999999999787,-0.08000000000000007,0.007299652162371828,0.01926501777616174,0.011267607158503168,0.03750878799827717,0.0005362972536682165,0.013271911821800764,0.0036596855331971767,0.015171203799110522,-0.015010789206127306,-0.15958055742162758,-0.4300000000000015
2020-02-11,1.41,1.59,-0.06,1.58,3357.75,9638.94,15.18,116.3585,50.0,1567.7,0.18000000000000016,0.039999999999999813,-0.17000000000000015,0.030000000000000027,-0.22999999999999998,0.04000000000000001,-0.11,0.0,0.040000000000000036,-0.009999999999999787,-0.05999999999999983,0.0016870749056518974,0.022467779413586797,0.001095118114900373,0.041043819098131706,-0.0018254447613035296,0.011536009658709823,-0.0040423385990902005,0.014618029725862236,0.00823380492710335,-0.15426495901142934,0.14000000000000057
2020-02-12,1.44,1.62,-0.04,1.58,3379.45,9725.96,13.74,116.2794,51.13,1566.75,0.18000000000000016,0.030000000000000027,-0.1200000000000001,0.030000000000000027,-0.16999999999999993,0.019999999999999997,-0.08,0.0,0.040000000000000036,0.0,-0.04999999999999982,0.006441867553744984,0.02704123834398864,0.00898745521514499,0.04923494925173166,-0.0006800267974247376,0.011474306389409605,-0.0006061669697006167,0.009523423427205913,0.022348403663762006,-0.12365489045608102,-1.4399999999999995
2020-02-13,1.44,1.61,-0.06,1.58,3373.94,9711.97,14.15,116.3999,51.41,1575.0,0.17000000000000015,0.0,-0.14000000000000012,-0.010000000000000009,-0.19999999999999996,-0.019999999999999997,-0.13,0.0,0.040000000000000036,-0.010000000000000009,-0.05999999999999983,-0.001631773441966189,0.017077723269821377,-0.0014394539352338143,0.037220525811115124,0.0010357604717974311,0.012094330449495594,0.005251862154948661,0.012651117553558855,0.0054612969755054586,-0.12953587008450995,0.41000000000000014
2020-02-14,1.42,1.59,-0.07,1.58,3380.16,9731.18,13.68,116.4223,52.03,1576.35,0.17000000000000015,-0.020000000000000018,-0.16000000000000014,-0.020000000000000018,-0.25,-0.010000000000000009,-0.16,0.0,0.030000000000000027,0.0,-0.08999999999999986,0.001841844733833753,0.015064862285933955,0.0019760179035497316,0.0358027624547379,0.00019242151366238858,0.011721697194317926,0.0008567757199813286,0.012672337098051933,0.01198776923479894,-0.11806061474151353,-0.47000000000000064
2020-02-17,,,,,,,,,,1580.3,,,,,,,,,,,,,,,,,,0.0025026544353430324,0.013409766008826374,,,
2020-02-18,1.41,1.55,-0.1,1.59,3370.29,9732.74,14.83,116.6039,52.1,1588.2,0.14000000000000012,,-0.1200000000000001,,-0.22999999999999998,,-0.14,,0.040000000000000036,,-0.10999999999999988,,0.01479608764476481,,0.0378959212252763,,0.012220617461999872,0.00498659704605231,0.02032221824809266,,-0.1115791436864888,
2020-02-19,1.42,1.56,-0.09,1.59,3386.15,9817.18,14.38,116.7829,53.31,1609.5,0.14000000000000012,0.010000000000000009,-0.1100000000000001,0.010000000000000009,-0.20999999999999996,0.010000000000000009,-0.14,0.0,0.040000000000000036,0.0,-0.09999999999999987,0.004694788714441955,0.019201830299511613,0.008638452238733052,0.04515231083579785,0.0015339345249882896,0.01340995621307961,0.013322272277752845,0.0324564415155546,0.02295898207534819,-0.06270792145717197,-0.4499999999999993
2020-02-20,1.39,1.52,-0.11,1.59,3373.23,9750.96,15.56,117.2454,53.77,1610.35,0.13000000000000012,-0.030000000000000027,-0.1200000000000001,-0.040000000000000036,-0.21999999999999997,-0.020000000000000004,-0.15,0.0,0.040000000000000036,-0.010000000000000009,-0.09999999999999987,-0.00382284047783088,0.014238675374535603,-0.0067681703814823635,0.03639225743496333,0.0039525185809861085,0.014526894005301827,0.0005279749179276649,0.035587120214628065,0.00859175998691697,-0.03184749388048358,1.1799999999999997
2020-02-21,1.34,1.46,-0.15,1.58,3337.75,9576.59,17.08,117.0473,53.36,1633.7,0.11999999999999988,-0.04999999999999982,-0.1499999999999999,-0.06000000000000005,-0.24,-0.039999999999999994,-0.16999999999999998,-0.010000000000000009,0.030000000000000027,-0.010000000000000231,-0.09000000000000008,-0.01057381502289445,0.012748129141577635,-0.018044162979245826,0.027705236550824353,-0.0016910475418816517,0.012826327191004516,0.014395834375672045,0.044976364973910776,-0.007654289214218402,-0.013587924275967556,1.5199999999999978
2020-02-24,1.26,1.38,-0.21,1.58,3225.89,9221.28,25.03,117.4018,51.36,1682.35,0.11999999999999988,-0.08000000000000007,-0.17999999999999994,-0.08000000000000007,-0.2300000000000002,-0.06,-0.19,0.0,0.030000000000000027,0.0,-0.050000000000000266,-0.0340880461205213,-0.005484191860560372,-0.037807722155847046,0.008928966291092522,0.0030241128685597474,0.01373422010971126,0.029344244465988822,0.06058561464189616,-0.03820174222566264,-0.033128927213874615,7.950000000000003
2020-02-25,1.2,1.33,-0.2,1.58,3128.21,8965.61,27.85,117.2425,49.78,1655.9,0.13000000000000012,-0.06000000000000005,-0.25,-0.04999999999999982,-0.31999999999999984,0.009999999999999981,-0.2,0.0,0.030000000000000027,0.010000000000000231,-0.06999999999999984,-0.030747925188098435,-0.04623546740124773,-0.0281177094367262,-0.03335271189570754,-0.001357800078451099,0.013037257816184145,-0.015846957850013332,0.04717301723594414,-0.031246362442259645,-0.06888572767306478,2.8200000000000003
2020-02-26,1.16,1.33,-0.21,1.58,3116.39,8980.77,27.56,117.405,48.67,1647.95,0.17000000000000015,-0.040000000000000036,-0.26,0.0,-0.27,-0.009999999999999981,-0.16999999999999998,0.0,0.030000000000000027,0.040000000000000036,-0.010000000000000009,-0.003785675340731487,-0.04915391945093006,0.0016894776111922027,-0.03225423427799079,0.001385056529288775,0.014626268815937316,-0.004812576445107908,0.04769243260312894,-0.022550473094082868,-0.09068587246332793,-0.2900000000000027
2020-02-27,1.11,1.3,-0.23,1.58,2978.76,8566.48,39.16,117.3678,47.17,1646.6,0.18999999999999995,-0.04999999999999982,-0.2999999999999998,-0.030000000000000027,-0.27,-0.020000000000000018,-0.16,0.0,-0.020000000000000018,0.019999999999999796,0.029999999999999805,-0.045168174100653324,-0.09745154741457274,-0.04722871162817732,-0.08204242666418438,-0.000316902131007879,0.013381536910539005,-0.0008195353390050286,0.041034576327089844,-0.03130472654919281,-0.1011328083591514,11.599999999999998
2020-02-28,0.86,1.13,-0.28,1.58,2954.22,8567.37,40.11,117.6568,44.83,1626.35,0.2699999999999999,-0.2500000000000001,-0.4700000000000001,-0.17000000000000015,-0.3800000000000001,-0.05000000000000002,-0.14,0.0,-0.010000000000000009,0.07999999999999996,0.08999999999999997,-0.008272449914275448,-0.0878595209362043,0.00010388791787008245,-0.06589580522100924,0.0024593182642318467,0.016473137345697886,-0.012374315767468502,0.028375563048801844,-0.05088053912882229,-0.14025644228585055,0.9500000000000028
2020-03-02,0.84,1.1,-0.31,1.59,3090.23,8952.16,33.42,116.8144,46.78,1609.7,0.2600000000000001,-0.020000000000000018,-0.5200000000000001,-0.029999999999999805,-0.43999999999999995,-0.02999999999999997,-0.22,0.010000000000000009,0.0,-0.009999999999999787,0.08000000000000018,0.045010865172777415,-0.05007711162633832,0.04393404292062186,-0.035255242923069474,-0.007185561592076617,0.005986324586918279,-0.010290413884672667,0.019351092302465567,0.0425782029886852,-0.06776652484759493,-6.689999999999998
2020-03-03,0.71,1.02,-0.43,1.59,3003.37,8684.09,36.82,116.4958,47.27,1599.05,0.31000000000000005,-0.13,-0.7,-0.08000000000000007,-0.5900000000000001,-0.12,-0.4,0.0,0.0,0.04999999999999993,0.10999999999999988,-0.02851053026190442,-0.09345690710630805,-0.030402228100935957,-0.08642190722896004,-0.002731129612320693,0.004876423507005789,-0.006638123323646994,0.01757004428833575,0.010420083649111955,-0.0479133556958975,3.3999999999999986
2020-03-04,0.67,1.02,-0.44,1.09,3130.12,9018.09,31.99,116.7802,46.78,1644.8,0.35,-0.039999999999999925,-0.7699999999999999,0.0,-0.6399999999999999,-0.010000000000000009,-0.44,-0.5,-0.5,0.039999999999999925,0.13,0.04133635094064125,-0.06330837904860154,0.03773994413906223,-0.05297250567267042,0.002438314622211557,0.006625761172342592,0.02820909337230848,0.05794551684080762,-0.010420083649111955,-0.08381759767864061,-4.830000000000002
2020-03-05,0.59,0.92,-0.48,1.09,3023.94,8738.6,39.62,116.7901,45.9,1647.45,0.33000000000000007,-0.08000000000000007,-0.85,-0.09999999999999998,-0.7299999999999999,-0.03999999999999998,-0.45999999999999996,0.0,-0.5,-0.019999999999999907,0.1200000000000001,-0.03451072562469726,-0.10113923340296083,-0.03148256621860668,-0.09110784685916329,8.477105184923062e-05,0.005480350229567499,0.0016098416416188144,0.05150257109765377,-0.01899064408953377,-0.10418335248481148,7.629999999999999
2020-03-06,0.49,0.74,-0.57,1.09,2972.37,8575.62,41.94,116.7106,41.14,1687.0,0.25,-0.09999999999999998,-0.9199999999999999,-0.18000000000000005,-0.8500000000000001,-0.08999999999999997,-0.49999999999999994,0.0,-0.49,-0.08000000000000007,0.06999999999999984,-0.01720100245461964,-0.11292476534304008,-0.01882670012515497,-0.10452512515169765,-0.0006809401691034722,0.001732276334993621,0.02372316564350374,0.07295957340558967,-0.10948423284168829,-0.20181910548235882,2.3200000000000003
2020-03-09,0.38,0.54,-0.45,1.09,2746.56,7950.68,54.46,117.1871,31.05,1676.6,0.16000000000000003,-0.10999999999999999,-0.9900000000000001,-0.19999999999999996,-1.02,0.11999999999999994,-0.35,0.0,-0.49,-0.08999999999999997,-0.029999999999999916,-0.07901039484826633,-0.19923481235367824,-0.07566583404568838,-0.1914585663558892,0.004074436466876108,0.0052704155482015125,-0.006183870342211684,0.06311601753018081,-0.28138207584532315,-0.46819039212155467,12.520000000000003
2020-03-10,0.5,0.76,-0.24,1.09,2882.23,8344.25,47.3,117.9027,34.47,1657.4,0.26,0.12,-0.9099999999999999,0.21999999999999997,-0.8300000000000001,0.21000000000000002,-0.18,0.0,-0.49,0.09999999999999998,0.07999999999999985,0.04821508053580015,-0.15270680672353,0.048315219299157164,-0.1442384651716324,0.0060879052188935745,0.013183765528398617,-0.011517823788814496,0.05564053234045652,0.10449057214928592,-0.3719336248993721,-7.160000000000004
2020-03-11,0.5,0.82,-0.14,1.09,2741.38,7952.05,53.9,118.2505,33.13,1662.5,0.31999999999999995,0.0,-0.94,0.05999999999999994,-0.8000000000000002,0.09999999999999998,-0.1,0.0,-0.49,0.05999999999999994,0.1399999999999998,-0.05010285683741067,-0.20925153111468564,-0.04814292183785618,-0.20136884222463358,0.0029455476484478993,0.016809339974271253,0.0030723841150672726,0.059319083425224406,-0.03965016421696932,-0.4339321927801034,6.600000000000001
2020-03-12,0.5,0.88,-0.04,1.1,2480.64,7201.8,75.47,120.4883,31.56,1636.65,0.38,0.0,-0.94,0.06000000000000005,-0.7300000000000001,0.1,0.019999999999999997,0.010000000000000009,-0.48,0.06000000000000005,0.20999999999999985,-0.09994485184600777,-0.3075646095187272,-0.09909876228364567,-0.29902815057304544,0.018747397088045403,0.034520976590519226,-0.01567102376079177,0.038396197509483976,-0.04854872033413127,-0.48794221008974015,21.57
2020-03-13,0.49,0.94,0.04,1.1,2711.02,7874.88,57.83,120.4388,31.72,1588.15,0.44999999999999996,-0.010000000000000009,-0.9299999999999999,0.05999999999999994,-0.6500000000000001,0.08,0.11000000000000001,0.0,-0.48,0.06999999999999995,0.2799999999999998,0.08880835644074647,-0.2205980978118145,0.08934695172314022,-0.21165721675345495,-0.00041091268434723105,0.033917642392509606,-0.030081652984766727,0.00745776880473592,0.005056900788973806,-0.4948730785355653,-17.64
2020-03-16,0.36,0.73,0.0,0.25,2386.13,6904.59,82.69,120.9352,28.96,1504.65,0.37,-0.13,,-0.20999999999999996,,-0.04,,-0.8500000000000001,,-0.07999999999999996,,-0.1276521411564726,,-0.13149153866485364,,0.004113124858788453,,-0.05400950378684666,-0.04905438941745377,-0.09103182924913122,,24.86
2020-03-17,0.47,1.02,0.39,0.25,2529.19,7334.78,75.91,122.4816,26.96,1472.35,0.55,0.10999999999999999,-0.94,0.29000000000000004,-0.53,0.39,0.49,0.0,-1.34,0.18000000000000005,0.4099999999999999,0.0582262866907417,-0.28709970069923507,0.06044101012626868,-0.28286804188217474,0.01270594966598626,0.04917809357996461,-0.021700549232872568,-0.07574153569637865,-0.07156128147340945,-0.658810662715215,-6.780000000000001
2020-03-18,0.54,1.18,0.55,0.25,2398.1,6989.84,76.45,124.1623,20.48,1506.0,0.6399999999999999,0.07000000000000006,-0.8799999999999999,0.15999999999999992,-0.3800000000000001,0.16000000000000003,0.64,0.0,-1.34,0.08999999999999986,0.4999999999999998,-0.053222336221424804,-0.34501682563510183,-0.0481697518206623,-0.3396762459415701,0.013628766126482894,0.061272925181459215,0.022597365595107277,-0.06646644237902422,-0.2749054858727993,-0.9566751306633625,0.5400000000000063
2020-03-19,0.44,1.12,0.62,0.2,2409.39,7150.58,72.0,125.0587,25.09,1480.7,0.6800000000000002,-0.10000000000000003,-0.95,-0.05999999999999983,-0.3999999999999999,0.06999999999999995,0.73,-0.04999999999999999,-1.3900000000000001,0.04000000000000026,0.55,0.004696846277420619,-0.33649713887985033,0.022735806155965932,-0.3101722694041218,0.007193646326859593,0.0645140529273327,-0.01694218044516571,-0.08393659774211759,0.20302056020702386,-0.7622463304432556,-4.450000000000003
2020-03-20,0.37,0.92,0.17,0.15,2304.92,6879.52,66.04,124.9362,19.48,1504.45,0.55,-0.07,-0.9700000000000001,-0.20000000000000007,-0.5399999999999999,-0.44999999999999996,0.32,-0.05000000000000002,-1.4300000000000002,-0.13000000000000012,0.43000000000000016,-0.044327634743158484,-0.37025095860011437,-0.03864459022754474,-0.3307726966524207,-0.000980020070845633,0.06522508039836872,0.01591243397074127,-0.08241999814704837,-0.2530810621639419,-1.007673103392979,-5.959999999999994
2020-03-23,0.28,0.76,-0.04,0.15,2237.4,6860.67,61.59,126.1262,23.33,1494.5,0.48,-0.08999999999999997,-0.98,-0.16000000000000003,-0.6199999999999999,-0.21000000000000002,0.16999999999999998,0.0,-1.4300000000000002,-0.07000000000000006,0.3600000000000001,-0.029731491257259712,-0.3658944037368528,-0.0027437774624257116,-0.29570875195899937,0.009479785995292644,0.07168075352510161,-0.0066356801614215755,-0.11839992277445877,0.18035178781894956,-0.7891195733483669,-4.450000000000003
2020-03-24,0.38,0.84,-0.13,0.12,2447.33,7417.86,61.67,125.5001,21.03,1599.5,0.45999999999999996,0.09999999999999998,-0.82,0.07999999999999996,-0.4900000000000001,-0.09,0.07,-0.03,-1.46,-0.020000000000000018,0.32999999999999985,0.08968315694821616,-0.2454633216005382,0.07808550127060343,-0.18950554125166974,-0.004976437614905294,0.06806211598864742,0.06789937766557941,-0.034653587258866025,-0.10379009631873037,-0.8616633072248376,0.0799999999999983
2020-03-25,0.34,0.88,-0.19,0.1,2475.56,7384.3,63.95,124.7916,20.75,1620.95,0.54,-0.03999999999999998,-0.8199999999999998,0.040000000000000036,-0.45000000000000007,-0.06,0.01999999999999999,-0.01999999999999999,-1.48,0.08000000000000007,0.3699999999999999,0.011468998674479813,-0.2302086475853269,-0.004534481116769129,-0.19572949997963107,-0.005661409406514828,0.06101565005284382,0.013321316713072129,-0.01651969410068599,-0.013403743037900817,-0.8525165771686556,2.280000000000001
2020-03-26,0.3,0.83,-0.24,0.1,2630.07,7797.54,61.0,122.4308,16.6,1620.1,0.53,-0.040000000000000036,-0.81,-0.050000000000000044,-0.4700000000000001,-0.04999999999999999,-0.009999999999999981,0.0,-1.48,-0.010000000000000009,0.3400000000000001,0.060543828751667306,-0.12449664473300626,0.05445217457503482,-0.09404861377641893,-0.019099173567123096,0.0422333786167286,-0.0005245213862723475,-0.016224680147953308,-0.2231435513142097,-1.0443554019336725,-2.950000000000003
2020-03-27,0.25,0.72,-0.22,0.1,2541.47,7502.38,65.54,122.4007,15.48,1621.2,0.47,-0.04999999999999999,-0.61,-0.10999999999999999,-0.4099999999999999,0.01999999999999999,0.060000000000000026,0.0,-1.48,-0.06000000000000005,0.20000000000000007,-0.034267808022629076,-0.15049200284135988,-0.03858799579994887,-0.13274049749423789,-0.0002458833945109262,0.03952817695798583,0.0006787400377818997,-0.0031716243427029056,-0.06985382720091682,-1.063328690005767,4.540000000000006
2020-03-30,0.23,0.7,-0.25,0.09,2626.65,7774.15,57.08,123.2883,14.1,1624.45,0.47,-0.01999999999999999,-0.61,-0.020000000000000018,-0.40000000000000013,-0.03,0.06,-0.010000000000000009,-1.5,0.0,0.20999999999999985,0.03296661622145525,-0.16253625179268205,0.03558382379404179,-0.14109071662081796,0.007225426140839097,0.05393916469090154,0.0020026811801878708,0.009121470722157632,-0.0933740707774584,-1.1992809637719106,-8.460000000000008
2020-03-31,0.23,0.7,-0.17,0.08,2584.59,7700.1,53.54,122.5301,20.51,1604.65,0.47,0.0,-0.48,0.0,-0.32000000000000006,0.07999999999999999,0.26,-0.009999999999999995,-1.51,0.0,0.15999999999999992,-0.016142381973062392,-0.15016810350384002,-0.009570811541772528,-0.12025930006165453,-0.006168801069275531,0.050501493233946704,-0.012263632686451587,0.003495961359353039,0.3747377747001668,-0.8349632727208558,-3.539999999999999
2020-04-01,0.23,0.62,-0.29,0.06,2470.5,7360.58,57.06,123.7933,20.28,1594.25,0.39,0.0,-0.44000000000000006,-0.07999999999999996,-0.4,-0.11999999999999997,0.15000000000000002,-0.020000000000000004,-1.03,-0.07999999999999996,0.040000000000000036,-0.045146328727152074,-0.23665078317163335,-0.04509458180458381,-0.20309382600530057,0.010256525150637685,0.05831970376237283,-0.006502258052509369,-0.03121539006546481,-0.011277393361306842,-0.8358205824330507,3.520000000000003
2020-04-02,0.23,0.63,-0.4,0.05,2526.9,7487.31,50.91,123.5916,25.18,1588.05,0.4,0.0,-0.36,0.010000000000000009,-0.29000000000000004,-0.11000000000000004,0.07999999999999996,-0.009999999999999995,-1.04,0.010000000000000009,0.06999999999999995,0.02257269570362297,-0.17956736184331312,0.017070853509846273,-0.15454040627684762,-0.0016306576892448632,0.05660427502127874,-0.0038965577378826666,-0.03672178944496629,0.2164148498932188,-0.6004150884502981,-6.150000000000006
2020-04-03,0.23,0.62,-0.46,0.05,2488.65,7373.08,46.8,124.4152,28.36,1609.75,0.39,0.0,-0.26,-0.010000000000000009,-0.12,-0.06,0.10999999999999993,0.0,-1.04,-0.010000000000000009,0.14,-0.01525286023195438,-0.17761921962064786,-0.015374058144800529,-0.15108776429649318,0.006641777787016245,0.06392699297739846,0.013572038960794508,-0.046872916127675524,0.11892967304772561,-0.3720011825608842,-4.109999999999999
2020-04-06,0.27,0.67,-0.47,0.05,2663.68,7913.24,45.24,124.16,26.21,1636.6,0.4,0.04000000000000001,-0.10999999999999999,0.050000000000000044,0.13,-0.009999999999999953,-0.019999999999999962,0.0,-1.04,0.010000000000000009,0.24,0.0679682305676863,-0.030640594204695226,0.07070177665533706,-0.004720153595467735,-0.0020533029011851056,0.05779925360933724,0.016542031674988245,-0.024147014110475595,-0.07883868432861174,-0.1694577910441728,-1.5599999999999952
2020-04-07,0.28,0.75,-0.42,0.05,2659.41,7887.26,46.7,123.0956,23.54,1652.2,0.47,0.010000000000000009,-0.21999999999999997,0.07999999999999996,-0.010000000000000009,0.04999999999999999,-0.18,0.0,-1.04,0.06999999999999995,0.20999999999999996,-0.001604331662951708,-0.08046000640344708,-0.003288506491934129,-0.05632387938655903,-0.008609767181439132,0.043101581209004536,0.009486814035123636,-0.0031423762865374627,-0.10743991550318466,-0.3813882786966434,1.4600000000000009
2020-04-08,0.27,0.77,-0.42,0.05,2749.98,8090.9,43.35,123.2216,24.97,1649.05,0.5,-0.010000000000000009,-0.22999999999999998,0.020000000000000018,-0.04999999999999993,0.0,-0.27999999999999997,0.0,-1.04,0.030000000000000027,0.18000000000000005,0.03348934524468916,0.0031321956786527494,0.025491173825471947,0.017310216276769097,0.0010230711536998172,0.041179104714256454,-0.0019083686215770612,-0.008123129023181797,0.05897400245955131,-0.28276411202012275,-3.3500000000000014
2020-04-09,0.23,0.73,-0.5,0.05,2789.82,8153.58,41.67,122.476,22.9,1662.5,0.5,-0.04000000000000001,-0.27,-0.040000000000000036,-0.15000000000000002,-0.08000000000000002,-0.46,0.0,-1.05,0.0,0.12,0.01438343869822667,0.11746048622288718,0.007717121270719218,0.12412609983113398,-0.006069267984245563,0.016362439641965487,0.008123129023181797,0.01567102376079177,-0.08653819373148774,-0.3207535854174792,-1.6799999999999997
2020-04-10,,,,0.05,,,,122.1592,,,,,,,,,,0.0,-1.05,,,,,,,-0.0025899803224644913,0.014183372003848227,,,,,
2020-04-13,0.25,0.76,-0.5,0.05,2761.63,8192.42,41.17,122.5203,22.36,,0.51,,-0.10999999999999999,,0.030000000000000027,,-0.5,0.0,-0.2,,0.14,,0.146148278431264,,0.17102292867866176,0.0029516184409414947,0.013021865586001269,,,,-0.2586419192306173,
2020-04-14,0.23,0.76,-0.53,0.05,2846.06,8515.74,37.76,122.1121,20.15,1715.85,0.53,-0.01999999999999999,-0.23999999999999996,0.0,-0.26,-0.030000000000000027,-0.92,0.0,-0.2,0.020000000000000018,-0.020000000000000018,0.03011449655045695,0.11803648829097924,0.03870687928537642,0.1492887978377695,-0.003337255235634551,-0.0030213393156195423,,0.15304882087506044,-0.10406935989420685,-0.2911499976514147,-3.4100000000000037
2020-04-15,0.2,0.63,-0.56,0.05,2783.36,8393.18,40.84,123.0752,19.96,1712.25,0.43,-0.03,-0.34,-0.13,-0.5499999999999999,-0.030000000000000027,-1.11,0.0,-0.2,-0.10000000000000003,-0.2099999999999999,-0.022276750679012913,0.14898207383339113,-0.014496744485358093,0.1829618051730737,0.007856075362568937,-0.0087940300795335,-0.0021002895617776574,0.1283511657181755,-0.009474017509373933,-0.025718529287989345,3.0800000000000054
2020-04-16,0.2,0.61,-0.42,0.05,2799.55,8532.36,40.11,123.4615,19.82,1717.85,0.41,0.0,-0.24,-0.020000000000000018,-0.5100000000000001,0.14000000000000007,-1.04,0.0,-0.15000000000000002,-0.020000000000000018,-0.2700000000000002,0.005799858992437734,0.15008508654840824,0.0164465224976027,0.17667252151471047,0.0031338159077156647,-0.012853860498677427,0.0032652138278317366,0.14855855999117296,-0.0070387419814759156,-0.23577783147648912,-0.730000000000004
2020-04-17,0.2,0.65,-0.36,0.05,2874.56,8650.14,38.15,122.871,18.31,1693.15,0.45,0.0,-0.16999999999999998,0.040000000000000036,-0.27,0.06,-0.53,0.0,-0.09999999999999999,0.040000000000000036,-0.10000000000000003,0.02644092907918516,0.22085365037075189,0.013709511972123778,0.22902662371437899,-0.004794342046529287,-0.016668182474361082,-0.01448280957933612,0.11816331644109557,-0.07924417021542274,-0.061940939527969974,-1.9600000000000009
2020-04-20,0.2,0.63,-0.31,0.05,2823.16,8560.73,43.83,123.1033,-36.98,1684.95,0.43,0.0,-0.08000000000000002,-0.020000000000000018,-0.13,0.04999999999999999,-0.27,0.0,-0.09999999999999999,-0.020000000000000018,-0.04999999999999999,-0.018042794099790704,0.2325423475282209,-0.010390038892591491,0.2213803622842132,0.0018888157751710821,-0.024259152694482644,-0.00485480957082185,0.11994418703169529,,,5.68
2020-04-21,0.2,0.58,-0.38,0.05,2736.56,8263.23,45.41,123.9116,8.91,1678.6,0.37999999999999995,0.0,-0.18,-0.050000000000000044,-0.26,-0.07,-0.25,0.0,-0.06999999999999999,-0.050000000000000044,-0.08000000000000002,-0.031155167779795434,0.1117040228002093,-0.035369914632873645,0.10792494638073613,0.0065445678381950145,-0.012738147241382336,-0.003775777106961087,0.0482690322591548,,-0.8587757482318903,1.5799999999999983
2020-04-22,0.22,0.63,-0.43,0.05,2799.31,8495.38,41.98,123.9256,13.64,1702.65,0.41000000000000003,0.01999999999999999,-0.12000000000000002,0.050000000000000044,-0.25,-0.04999999999999999,-0.24,0.0,-0.05,0.030000000000000082,-0.13,0.022671301062101357,0.12290632518783084,0.027706934060404365,0.14016636155790962,0.00011297739011695285,-0.006963760444750555,0.014225748220731305,0.049173463766813974,0.42583241093259794,-0.41953959426139154,-3.4299999999999997
2020-04-23,0.22,0.61,-0.44,0.04,2797.8,8494.75,41.38,123.7542,15.06,1727.55,0.39,0.0,-0.07999999999999999,-0.020000000000000018,-0.21999999999999997,-0.010000000000000009,-0.2,-0.010000000000000002,-0.060000000000000005,-0.020000000000000018,-0.14,-0.0005395641810270746,0.061822932255136465,-7.416070392451957e-05,0.08564002627895029,-0.0013840452661941782,0.010751367856178362,0.014518358913568008,0.06421634406665433,0.09903556995643159,-0.09736047299075024,-0.5999999999999943
2020-04-24,0.22,0.6,-0.51,0.05,2836.74,8634.52,35.93,124.1615,15.99,1727.25,0.38,0.0,-0.03,-0.010000000000000009,-0.12,-0.07,-0.29000000000000004,0.010000000000000002,-0.05,-0.010000000000000009,-0.08999999999999997,0.013822111461720077,0.10991285173948562,0.016319796714284962,0.14054781879318412,0.0032857972806885627,0.014283048531377851,-0.0001736714141218343,0.0633639326147506,0.05992130447411537,0.03241465868428195,-5.450000000000003
2020-04-27,0.24,0.67,-0.5,0.04,2878.48,8730.16,33.29,123.8843,12.17,1717.25,0.43000000000000005,0.01999999999999999,0.009999999999999981,0.07000000000000006,-0.029999999999999916,0.010000000000000009,-0.25,-0.010000000000000002,-0.049999999999999996,0.050000000000000044,-0.039999999999999925,0.014606871524448728,0.0915531070424791,0.011015574960309138,0.11597956995945147,-0.0022350720342547703,0.004822550356283983,-0.005806374274913928,0.0555548771596488,-0.272989619846427,-0.14720089038468664,-2.6400000000000006
2020-04-28,0.2,0.62,-0.52,0.04,2863.39,8607.73,33.57,123.3693,12.4,1708.1,0.42,-0.03999999999999998,-0.03,-0.050000000000000044,-0.07999999999999996,-0.020000000000000018,-0.35,0.0,-0.04,-0.010000000000000064,-0.04999999999999999,-0.005256139460119158,0.10243934955542233,-0.014123060533021814,0.11142732096820218,-0.004165769434782085,0.0068255819907774296,-0.005342532449975401,0.06247597739612498,0.018722565611555275,-0.5032160994732982,0.28000000000000114
2020-04-29,0.2,0.63,-0.51,0.04,2939.51,8914.71,31.23,122.7782,15.04,1706.0,0.43,0.0,-0.03,0.010000000000000009,0.010000000000000009,0.010000000000000009,-0.22000000000000003,0.0,-0.019999999999999997,0.010000000000000009,0.03999999999999998,0.026236663207249045,0.17382234148982345,0.035042084584755884,0.19156398735754188,-0.004802820554714593,-0.008233763714574849,-0.0012301925923905443,0.0677480428562438,0.19301684591070245,-0.29892186020128886,-2.34
2020-04-30,0.2,0.64,-0.43,0.05,2912.43,8889.55,34.15,122.327,19.23,1716.75,0.44,0.0,-0.03,0.010000000000000009,0.010000000000000009,0.08000000000000002,-0.02999999999999997,0.010000000000000002,0.0,0.010000000000000009,0.03999999999999998,-0.00925511652526545,0.14199452926093503,-0.0028262917692742917,0.1716668420784213,-0.003681688594624255,-0.01028479461995424,0.0062815194491614434,0.07792612004328792,0.2457582410789949,-0.26957846901551274,2.919999999999998
2020-05-01,0.2,0.64,-0.42,0.05,2830.71,8604.95,37.19,123.1492,19.72,1673.05,0.44,0.0,-0.03,0.0,0.020000000000000018,0.010000000000000009,0.040000000000000036,0.0,0.0,0.0,0.04999999999999999,-0.02846022068682874,0.12878716880606067,-0.03253881050060414,0.1545020897226177,0.006698841473408379,-0.010227730933562107,-0.025784660528992198,0.03856942055350121,0.025161789573800775,-0.3633463524894376,3.039999999999999
2020-05-04,0.19,0.64,-0.43,0.05,2842.74,8710.71,35.97,123.2117,20.47,1703.7,0.45,-0.010000000000000009,-0.08000000000000002,0.0,-0.030000000000000027,-0.010000000000000009,0.03999999999999998,0.0,0.0,0.010000000000000009,0.04999999999999999,0.004240812214593603,0.06505975045296797,0.012215683970254076,0.09601599703753472,0.0005073857202244625,-0.007667042312152539,0.01815404857970293,0.040181437458215896,0.03732705049870866,-0.24718061766211719,-1.2199999999999989
2020-05-05,0.19,0.66,-0.44,0.05,2868.44,8809.12,33.61,122.803,24.56,1696.3,0.47000000000000003,0.0,-0.09000000000000002,0.020000000000000018,-0.08999999999999997,-0.010000000000000009,-0.020000000000000018,0.0,0.0,0.020000000000000018,5.551115123125783e-17,0.008999952189538085,0.07566403430545776,0.011234245424850187,0.11053874895431903,-0.003322568740694365,-0.002379843871407772,-0.004352948049819894,0.026341675373272366,0.1821587036057437,0.04241800144681118,-2.3599999999999994
2020-05-06,0.17,0.72,-0.38,0.05,2848.42,8854.39,34.12,123.609,23.88,1698.9,0.5499999999999999,-0.01999999999999999,-0.1,0.05999999999999994,-0.050000000000000044,0.06,0.03999999999999998,0.0,0.0,0.0799999999999999,0.04999999999999993,-0.007003873398600646,0.035170815662167954,0.005125832761351035,0.09017340789019812,0.0065419125245869125,0.0031389974994793235,0.0015315742861918835,0.02978161828104131,-0.02807781475454041,-0.04463381576728054,0.509999999999998
2020-05-07,0.13,0.63,-0.45,0.05,2881.19,8979.66,31.44,123.1249,23.68,1688.65,0.5,-0.04000000000000001,-0.1,-0.08999999999999997,-0.09999999999999998,-0.07,0.04999999999999999,0.0,0.0,-0.04999999999999993,0.0,0.011438948664054038,0.03222632562799532,0.01404863845413118,0.09650492507361008,-0.003924070597467022,0.005284194886257865,-0.006051589662764201,0.015606899595095314,-0.00841047850859633,0.033493899455610876,-2.679999999999996
2020-05-08,0.16,0.69,-0.43,0.05,2929.8,9121.32,27.98,122.5379,24.73,,0.5299999999999999,0.03,,0.05999999999999994,,0.020000000000000018,,0.0,0.0,0.029999999999999916,,0.01673075806255042,,0.01565251077301788,,-0.004778917419820061,0.0030952577889022947,,,0.04338627151751995,,-3.460000000000001
2020-05-11,0.17,0.73,-0.4,0.05,2930.32,9192.34,27.57,123.2333,24.02,1698.8,0.5599999999999999,0.010000000000000009,-0.07999999999999999,0.040000000000000036,-0.030000000000000027,0.02999999999999997,0.09999999999999998,0.0,0.0,0.030000000000000027,0.04999999999999993,0.00017747076898189107,0.05929054696687697,0.007755998093225358,0.11516119203403896,0.005658936895492239,0.005802576243453039,,,-0.02913026488148729,0.07161316836493903,-0.41000000000000014
2020-05-12,0.17,0.69,-0.4,0.05,2870.12,9002.55,33.04,123.0592,25.76,1703.45,0.5199999999999999,0.0,-0.06,-0.040000000000000036,-0.07000000000000006,0.0,0.13,0.0,0.0,-0.040000000000000036,-0.01000000000000012,-0.020757791338385623,0.008418259078034396,-0.020862658009960455,0.05559165473870209,-0.0014137663875137818,0.007726065091573808,0.002733486895660775,-0.007252978305015034,0.06993608458431533,0.2456186128434612,5.469999999999999
2020-05-13,0.16,0.64,-0.43,0.05,2820.0,8863.17,35.28,123.5408,25.37,1699.85,0.48,-0.010000000000000009,-0.04000000000000001,-0.04999999999999993,0.010000000000000009,-0.02999999999999997,0.13000000000000006,0.0,0.0,-0.039999999999999925,0.04999999999999999,-0.01761695579410727,0.01307805396294004,-0.015603382101666341,0.05448501712239384,0.0039059254848679004,0.0037759152138727714,-0.0021155944775497204,-0.007268283220787097,-0.015255527624962184,0.23983710272787295,2.240000000000002
2020-05-14,0.16,0.63,-0.43,0.05,2852.5,8943.72,32.61,123.6429,27.4,1716.4,0.47,0.0,-0.04000000000000001,-0.010000000000000009,0.020000000000000018,0.0,-0.010000000000000009,0.0,0.0,-0.010000000000000009,0.06,0.011458917804072044,0.01873711277457435,0.009047121582726803,0.047085616207517944,0.0008261062991330448,0.0014682056052901515,0.009689062260142656,-0.0008444347884761783,0.07697563978283384,0.3238514844921827,-2.6700000000000017
2020-05-15,0.16,0.64,-0.45,0.05,2863.7,9014.56,31.89,123.5991,29.44,1734.85,0.48,0.0,-0.04000000000000001,0.010000000000000009,-0.010000000000000009,-0.020000000000000018,-0.09000000000000002,0.0,0.0,0.010000000000000009,0.02999999999999997,0.003918692254435641,-0.0037851240501751704,0.007889437901866359,0.041265542137260525,-0.00035430873765918136,0.005908238914160258,0.010691880194699799,0.02433025498555974,0.07181128046665108,0.47490693517425653,-0.7199999999999989
2020-05-18,0.18,0.73,-0.44,0.05,2953.91,9234.83,29.3,122.7968,31.83,1756.9,0.55,0.01999999999999999,-0.020000000000000018,0.08999999999999997,0.09999999999999998,0.010000000000000009,-0.13,0.0,0.0,0.07000000000000006,0.12000000000000005,0.031015221473356114,0.04527289152297165,0.024141157331037277,0.0757967383608893,-0.006512306702093795,-0.0024928835631046198,0.012629938058938528,0.04181500261532012,0.07805494743332586,,-2.59
2020-05-19,0.17,0.7,-0.45,0.05,2922.94,9185.1,30.53,122.5655,32.3,1735.25,0.5299999999999999,-0.009999999999999981,-0.03,-0.030000000000000027,0.12,-0.010000000000000009,-0.07,0.0,0.0,-0.02000000000000013,0.14999999999999997,-0.010539757419425477,0.0658883018833416,-0.005399599328109517,0.10576705366565342,-0.001885375777090914,-0.010922827178390548,-0.012399397151314773,0.03319138257096643,0.014657988934609456,1.287892988745893,1.2300000000000004
2020-05-20,0.16,0.68,-0.48,0.05,2971.61,9375.78,27.99,122.1007,33.56,1750.05,0.52,-0.010000000000000009,-0.06,-0.019999999999999907,0.050000000000000044,-0.02999999999999997,-0.04999999999999999,0.0,0.0,-0.009999999999999898,0.10999999999999999,0.016513934417861975,0.05973093523910222,0.020547162471448388,0.09860728207669744,-0.0037994668585383806,-0.014835271427045882,0.008492863718282173,0.0274584980685173,0.03826765137039434,0.9003282291836894,-2.5400000000000027
2020-05-21,0.17,0.68,-0.46,0.05,2948.51,9284.88,29.53,122.0914,34.3,1732.8,0.51,0.010000000000000009,-0.04999999999999999,0.0,0.07000000000000006,0.019999999999999962,-0.020000000000000018,0.0,0.010000000000000002,-0.010000000000000009,0.12,-0.007803935472623813,0.052466563947505485,-0.009742497745476086,0.08893894503514588,-7.616954032929613e-05,-0.013527395701181,-0.00990576169124946,0.0030343774636998333,0.021810472572888706,0.8231031318001465,1.5400000000000027
2020-05-22,0.17,0.66,-0.46,0.05,2955.45,9324.59,28.16,122.3211,33.49,1732.45,0.49,0.0,-0.04999999999999999,-0.020000000000000018,0.06000000000000005,0.0,0.04999999999999999,0.0,0.0,-0.020000000000000018,0.10999999999999999,0.002350965520251158,0.040995418006036566,0.004267726084776768,0.07688687440563768,0.0018796098204978406,-0.014933583161371722,-0.0002020056279867788,0.003006043249834889,-0.023898467365780718,0.7392833599602504,-1.370000000000001
2020-05-25,,,,,,,,,,,,,,,,,,,,,,,,,,,,,,,,
2020-05-26,0.18,0.69,-0.44,0.05,2991.77,9340.22,28.01,121.3864,34.7,1722.75,0.51,,-0.020000000000000018,,0.06999999999999995,,0.08000000000000002,,0.010000000000000002,,0.09000000000000002,,0.04385894791345635,,0.08166916981070393,,-0.016203450087629356,,0.008540209593301817,,1.0290432143418222,
2020-05-27,0.19,0.68,-0.46,0.05,3036.13,9412.36,27.62,121.5677,32.8,1705.15,0.49000000000000005,0.010000000000000009,-0.010000000000000009,-0.009999999999999898,0.050000000000000044,-0.020000000000000018,0.04999999999999999,0.0,0.010000000000000002,-0.019999999999999962,0.06000000000000005,0.014718492616298207,0.03234077732250551,0.007693912610212905,0.054320997836160956,0.0014924632566648555,-0.009908166276249908,-0.010268767849819227,-0.0004983656641268652,-0.05631117156271559,0.7797151968684042,-0.39000000000000057
2020-05-28,0.17,0.7,-0.48,0.05,3029.73,9368.99,28.59,121.0138,33.67,1723.3,0.5299999999999999,-0.01999999999999999,-0.03,0.019999999999999907,0.05999999999999994,-0.019999999999999962,-0.04999999999999999,0.0,0.0,0.03999999999999987,0.08999999999999991,-0.0021101714760458634,0.039485722371725096,-0.004618419558703124,0.05252887004673212,-0.004566720567139804,-0.010793198248765457,0.010587973900033631,0.003808088786745323,0.026178717782885386,0.5601356735722947,0.9699999999999989
2020-05-29,0.16,0.65,-0.5,0.05,3044.31,9489.87,27.51,120.9458,35.57,1725.65,0.49,-0.010000000000000009,-0.04000000000000001,-0.04999999999999993,0.010000000000000009,-0.020000000000000018,-0.08000000000000002,0.0,0.0,-0.039999999999999925,0.04999999999999999,0.004800767858805344,0.07274671091735918,0.012819614279161229,0.0978872948264975,-0.0005620773202652529,-0.01805411704243909,0.0013627337964718933,0.030955483112209414,0.05489535278738078,0.5898692367858747,-1.0799999999999983
2020-06-01,0.14,0.66,-0.52,0.05,3055.73,9552.05,28.23,120.2686,35.49,1734.8,0.52,-0.01999999999999999,-0.04999999999999999,0.010000000000000009,0.020000000000000018,-0.020000000000000018,-0.09000000000000002,0.0,0.0,0.030000000000000027,0.07,0.0037442421170172935,0.07225014081978287,0.006530877244536271,0.09220248810077969,-0.005614936580914609,-0.02417643934357816,0.005288341877207614,0.018089776409714098,-0.0022516193019588293,0.5502905669852072,0.7199999999999989
2020-06-02,0.17,0.68,-0.5,0.06,3080.82,9608.37,26.84,119.6854,36.88,1740.25,0.51,0.03,-0.01999999999999999,0.020000000000000018,0.020000000000000018,0.020000000000000018,-0.06,0.009999999999999995,0.009999999999999995,-0.010000000000000009,0.03999999999999998,0.008177278702023116,0.0714274673322679,0.005878802469153399,0.0868470451450829,-0.0048609412500466576,-0.025714811852930453,0.003136648087564531,0.025579372547098522,0.03841843202998785,0.4065502954094513,-1.3900000000000006
2020-06-03,0.19,0.77,-0.44,0.06,3122.87,9682.91,25.66,119.2556,37.33,1717.6,0.5800000000000001,0.01999999999999999,0.01999999999999999,0.08999999999999997,0.050000000000000044,0.06,-0.06,0.0,0.009999999999999995,0.07000000000000006,0.030000000000000138,0.013556655475682078,0.09198799620655063,0.00772788233454591,0.08944909471827778,-0.00359754469555984,-0.035854269073077205,-0.01310081348420411,0.010946984776702529,0.012127894238099568,0.4467560044020913,-1.1799999999999997
2020-06-04,0.19,0.82,-0.4,0.06,3112.35,9615.81,25.81,119.3014,37.42,1706.45,0.6299999999999999,0.0,0.06,0.04999999999999993,0.18999999999999995,0.03999999999999998,0.04999999999999999,0.0,0.009999999999999995,0.04999999999999982,0.1299999999999999,-0.0033743829350463272,0.07717466460745026,-0.006953857083903614,0.06844659918024298,0.00038397532298528603,-0.0315462231526249,-0.00651277838335762,0.010485796056109109,0.002408027919451161,0.4575745108301388,0.14999999999999858
2020-06-05,0.22,0.91,-0.36,0.07,3193.93,9814.08,24.52,118.8138,39.49,1709.55,0.6900000000000001,0.03,0.06,0.09000000000000008,0.22000000000000008,0.040000000000000036,0.07,0.010000000000000009,0.020000000000000004,0.060000000000000164,0.16000000000000014,0.025874065601552587,0.08631797214645243,0.02040947039241736,0.07320355879964247,-0.004095502358088865,-0.0308628080908937,0.0018149887886398375,,0.0538421544526142,0.46803039376523303,-1.2899999999999991
2020-06-08,0.22,0.88,-0.4,0.07,3232.39,9924.74,25.81,118.6621,38.17,1692.0,0.66,0.0,0.04999999999999999,-0.030000000000000027,0.15000000000000002,-0.040000000000000036,0.0,0.0,0.020000000000000004,-0.030000000000000027,0.10000000000000009,0.011969668235860098,0.09811016961333063,0.011212540501947643,0.07666010120836475,-0.0012776035011103914,-0.03779934848749633,-0.01031891680368524,-0.0040108582729478925,-0.03399760854141931,0.463163050105301,1.2899999999999991
2020-06-09,0.2,0.84,-0.42,0.07,3207.18,9953.75,27.57,118.5893,38.98,1707.5,0.6399999999999999,-0.01999999999999999,0.03,-0.040000000000000036,0.15000000000000002,-0.019999999999999962,-0.019999999999999962,0.0,0.020000000000000004,-0.02000000000000013,0.12,-0.007829755338198296,0.11103820561351796,0.0029187348329493545,0.10044149405127456,-0.0006136950280151154,-0.036999277127997665,0.00911905127877688,0.002374706110168212,0.020998827322276092,0.4142257928432618,1.7600000000000016
2020-06-10,0.17,0.75,-0.52,0.08,3190.14,10020.35,27.57,118.5231,39.54,1717.65,0.58,-0.03,0.010000000000000009,-0.08999999999999997,0.10999999999999999,-0.10000000000000003,-0.09000000000000002,0.009999999999999995,0.03,-0.05999999999999994,0.09999999999999998,-0.005327243376571644,0.12332791803105358,0.006668660596877984,0.12271353674981889,-0.0005583849829875476,-0.04146358759585311,0.005926765082512553,0.010417065670230485,0.014264123663056072,0.44374544413128003,0.0
2020-06-11,0.19,0.66,-0.55,0.08,3002.1,9492.73,40.79,119.2347,36.43,1731.9,0.47000000000000003,0.01999999999999999,0.03,-0.08999999999999997,0.030000000000000027,-0.030000000000000027,-0.12000000000000005,0.0,0.03,-0.10999999999999993,5.551115123125783e-17,-0.060752759198692274,0.051116241028289267,-0.05409178270111781,0.059574632465974275,0.005985941363912062,-0.036303752531074096,0.00826199420753948,0.00898999761762731,-0.0819202067219984,0.2848495976264478,13.219999999999999
2020-06-12,0.19,0.71,-0.5,0.08,3041.31,9588.81,36.09,119.6645,36.24,1735.85,0.52,0.0,0.03,0.04999999999999993,0.06999999999999995,0.050000000000000044,-0.04999999999999999,0.0,0.03,0.04999999999999999,0.040000000000000036,0.012976299868565633,0.06017384864241926,0.010070551119325089,0.061755745683433005,0.0035981741564068415,-0.03235126963700807,0.0022781352221716844,0.0005762526450991956,-0.005229129845693681,0.20780918731410303,-4.699999999999996
2020-06-15,0.19,0.71,-0.52,0.09,3066.59,9726.02,34.4,119.9539,37.07,1710.4,0.52,0.0,0.010000000000000009,0.0,-0.020000000000000018,-0.020000000000000018,-0.08000000000000002,0.009999999999999995,0.039999999999999994,0.0,-0.030000000000000027,0.00827785142343096,0.037436478592494105,0.014207974718697614,0.05182256307109334,0.0024155084977870445,-0.023423454437127234,-0.01476994568638812,-0.026823631100227452,0.022644535987862202,0.15239877586863937,-1.6900000000000048
2020-06-16,0.21,0.75,-0.52,0.09,3124.74,9895.87,33.67,119.567,38.26,1728.35,0.54,0.01999999999999999,0.03999999999999998,0.040000000000000036,0.050000000000000044,0.0,-0.07,0.0,0.039999999999999994,0.020000000000000018,0.01000000000000012,0.01878488465267303,0.06676112066459261,0.017312730059742876,0.07453489245894573,-0.003230618593224044,-0.024768697253260363,0.010439934879785007,-0.0039842990691276725,0.0315969468494659,0.16933773378349581,-0.7299999999999969
2020-06-17,0.19,0.74,-0.52,0.09,3113.49,9910.53,33.47,119.9105,37.91,1717.3,0.55,-0.01999999999999999,0.03,-0.010000000000000009,0.05999999999999994,0.0,-0.040000000000000036,0.0,0.039999999999999994,0.010000000000000009,0.030000000000000027,-0.003606796221337305,0.04664039002539333,0.0014803298607652948,0.05546805984826264,0.002868747465423205,-0.018100482929298778,-0.0064139061607493275,-0.018891068948159173,-0.009190034483863574,0.1218800479292379,-0.20000000000000284
2020-06-18,0.19,0.71,-0.57,0.09,3115.34,9943.05,32.94,120.2173,38.79,1732.65,0.52,0.0,0.01999999999999999,-0.030000000000000027,0.029999999999999916,-0.04999999999999993,-0.10999999999999993,0.0,0.039999999999999994,-0.030000000000000027,0.010000000000000009,0.0005940120550409489,0.05503833755305809,0.0032759864048639287,0.06848654399860266,0.0025553073566664253,-0.015469006032303056,0.00889873841298261,-8.656884392710396e-05,0.022947551923632403,0.1230171272799816,-0.5300000000000011
2020-06-19,0.19,0.7,-0.6,0.09,3097.74,9946.12,35.12,120.2186,39.72,1728.55,0.51,0.0,0.01999999999999999,-0.010000000000000009,0.039999999999999925,-0.030000000000000027,-0.13999999999999996,0.0,0.039999999999999994,-0.010000000000000009,0.020000000000000018,-0.0056654822009658545,0.04702188983184108,0.000308710722910277,0.06452752863673616,1.0813692963296262e-05,-0.0173378021598376,-0.0023691216443344487,-0.002253684860274774,0.023692357725096258,0.17060795237085857,2.1799999999999997
2020-06-22,0.19,0.71,-0.63,0.08,3117.86,10056.47,31.77,119.7532,40.6,1745.45,0.52,0.0,,0.010000000000000009,,-0.030000000000000027,,-0.009999999999999995,,0.010000000000000009,,0.006474055690439684,,0.011033683089875623,,-0.0038787939540956273,,0.009729495288980594,,0.02191322743071522,,-3.349999999999998
2020-06-23,0.18,0.72,-0.66,0.08,3131.29,10131.37,31.37,119.3285,40.4,1756.6,0.54,-0.010000000000000009,0.0,0.010000000000000009,0.030000000000000027,-0.030000000000000027,-0.22000000000000003,0.0,0.03,0.020000000000000018,0.030000000000000027,0.004298191170313714,0.045579874720845126,0.007420342510650713,0.08130674440490893,-0.003552764153160304,-0.017098651871799042,0.0063677204355716555,0.019458271245699876,-0.00493828164058252,0.1520900980142912,-0.3999999999999986
2020-06-24,0.19,0.69,-0.64,0.08,3050.33,9909.17,33.84,119.9744,37.91,1775.7,0.49999999999999994,0.010000000000000009,0.0,-0.030000000000000027,0.009999999999999898,0.020000000000000018,-0.18,0.0,0.03,-0.04000000000000009,0.009999999999999898,-0.02619527873275551,0.004666103371791408,-0.02217595992181387,0.05143687187288215,0.005398192570886806,-0.013192922557577091,0.010814588881772558,0.04054162797729166,-0.06361485543886136,0.14478641413814541,2.4700000000000024
2020-06-25,0.17,0.68,-0.65,0.08,3083.76,10017.0,32.22,120.2997,38.66,1758.55,0.51,-0.01999999999999999,0.0,-0.009999999999999898,-0.019999999999999907,-0.010000000000000009,-0.17000000000000004,0.0,0.03,0.010000000000000064,-0.019999999999999907,0.01089985017340922,0.01767612502124649,0.010823058579331857,0.06687835001091713,0.00270774252201722,-0.0059184594684200675,-0.009705105531115699,0.02024854854614233,0.019590544251941733,0.13819824060720176,-1.6200000000000045
2020-06-26,0.17,0.64,-0.68,0.08,3009.05,9757.22,34.73,120.533,38.53,1762.1,0.47,0.0,0.010000000000000009,-0.040000000000000036,-0.010000000000000009,-0.030000000000000027,-0.18000000000000005,0.0,0.03,-0.040000000000000036,-0.020000000000000018,-0.024525217335130023,-0.011649860172688875,-0.02627612584369743,0.027782609888058474,0.0019374451474245546,-0.00341893700073026,0.002016673741010777,0.020902488490681215,-0.003368315142118661,0.07993457267770232,2.509999999999998
2020-06-29,0.16,0.64,-0.7,0.08,3053.24,9874.15,31.78,120.6658,39.67,1768.8,0.48,-0.010000000000000009,0.01999999999999999,0.0,-0.020000000000000018,-0.019999999999999907,-0.17999999999999994,0.0,0.03,0.010000000000000009,-0.040000000000000036,0.01457890753907165,-0.0008151947506345181,0.011912707347141449,0.03316443999066365,0.0011011664520639286,0.0032971660322482776,0.003795070968552139,0.01940921758202574,0.02915807588817243,0.11134426786783358,-2.9499999999999957
2020-06-30,0.16,0.66,-0.68,0.08,3100.29,10058.77,30.43,120.4649,39.27,1770.7,0.5,0.0,-0.010000000000000009,0.020000000000000018,-0.020000000000000018,0.019999999999999907,-0.18000000000000005,0.0,0.020000000000000004,0.020000000000000018,-0.010000000000000009,0.01529233363767979,0.006299860185022155,0.018524659661785847,0.0458102971832961,-0.0016663166198673807,0.0064917906624275545,0.0010735980689347002,0.01734616756339591,-0.010134365936320222,0.06279146990152551,-1.3500000000000014
2020-07-01,0.17,0.69,-0.68,0.08,3115.86,10154.63,28.62,120.0808,39.88,1787.4,0.5199999999999999,0.010000000000000009,-0.01999999999999999,0.029999999999999916,-0.08000000000000007,0.0,-0.24000000000000005,0.0,0.020000000000000004,0.019999999999999907,-0.060000000000000164,0.005009542099664088,-0.002247253190995835,0.009484868320139839,0.04756728316889003,-0.0031935746633617867,0.006895760694625608,0.009387101335120107,0.039834082382720126,0.015414076503719176,0.06607765216714512,-1.8099999999999987
2020-07-02,0.16,0.68,-0.73,0.09,3130.01,10207.63,27.68,119.8555,40.57,1771.85,0.52,-0.010000000000000009,-0.03,-0.009999999999999898,-0.1399999999999999,-0.04999999999999993,-0.32999999999999996,0.009999999999999995,0.03,1.1102230246251565e-16,-0.10999999999999988,0.004531001832653203,0.0056581315767036955,0.00520572074902681,0.05972686100182045,-0.0018779990040451722,0.00463378636759515,-0.008737851478155534,0.03760900928792221,0.017153932124718274,0.08082355637241223,-0.9400000000000013
2020-07-03,,,,0.09,,,,,,1774.65,,,,,,,,0.0,0.01999999999999999,,,,,,,,,0.0015790218986460047,0.03737304239792838,,,
2020-07-06,0.16,0.69,-0.76,0.09,3179.72,10433.65,27.94,119.2852,40.51,1774.4,0.5299999999999999,,-0.06,,-0.19000000000000006,,-0.36,0.0,0.01999999999999999,,-0.13000000000000012,,-0.016428659094881226,,0.0500055300985327,,0.005237306111644635,-0.0001408827716788963,0.047551076429934724,,0.05949899045746054,
2020-07-07,0.16,0.65,-0.78,0.09,3145.32,10343.89,29.43,119.5717,40.59,1775.5,0.49,0.0,-0.04000000000000001,-0.039999999999999925,-0.18999999999999995,-0.020000000000000018,-0.36000000000000004,0.0,0.01999999999999999,-0.039999999999999925,-0.1499999999999999,-0.010877508816987458,-0.019476412573670387,-0.008640152626156805,0.03844664263942654,0.0023989270345303737,0.008249928174190124,0.0006197357870396658,0.03905176093819751,0.0019728736362072397,0.04047303677139169,1.4899999999999984
2020-07-08,0.16,0.67,-0.75,0.09,3169.94,10492.5,28.08,119.5525,40.91,1799.35,0.51,0.0,-0.010000000000000009,0.020000000000000018,-0.07999999999999996,0.030000000000000027,-0.22999999999999998,0.0,0.009999999999999995,0.020000000000000018,-0.06999999999999995,0.00779702648129188,-0.006352142715806863,0.014264708996664766,0.046042691039213324,-0.00016058600544166524,0.008647727151736007,0.01334341517368376,0.04646841102936872,0.007852801090500794,0.03406171419883641,-1.3500000000000014
2020-07-09,0.16,0.62,-0.77,0.09,3152.05,10547.75,29.26,119.5129,39.64,1812.45,0.45999999999999996,0.0,-0.03,-0.050000000000000044,-0.040000000000000036,-0.020000000000000018,-0.21999999999999997,0.0,0.009999999999999995,-0.050000000000000044,-0.010000000000000064,-0.005659625451288619,0.04874099103159679,0.005251850808974723,0.10538632454930585,-0.00033129010189014707,0.0023304956859337977,0.007254032584600445,0.04546044940642968,-0.031535822479519915,0.0844460984413149,1.1800000000000033
2020-07-10,0.16,0.65,-0.76,0.09,3185.04,10617.44,27.29,119.3509,40.56,1805.75,0.49,0.0,-0.03,0.030000000000000027,-0.05999999999999994,0.010000000000000009,-0.26,0.0,0.009999999999999995,0.030000000000000027,-0.030000000000000027,0.010411813000986925,0.046176504164018084,0.0065853651069396335,0.1019011385369204,-0.0013564217335435558,-0.0026241002040165995,-0.0037035032104704158,0.03947881097378758,0.02294364982114061,0.11261887810814919,-1.9700000000000024
2020-07-13,0.16,0.64,-0.78,0.09,3155.22,10390.84,32.19,119.1891,40.06,1808.05,0.48,0.0,-0.03,-0.010000000000000009,-0.06999999999999995,-0.020000000000000018,-0.26,0.0,0.0,-0.010000000000000009,-0.040000000000000036,-0.009406623666484037,0.028492029074103087,-0.02157328333009012,0.06611988048813267,-0.0013565861055901962,-0.00639619480739384,0.0012728985060332931,0.055521655166208994,-0.012404029045255616,0.07757031307503137,4.899999999999999
2020-07-14,0.14,0.63,-0.78,0.09,3197.52,10488.58,29.52,119.3901,40.3,1798.2,0.49,-0.01999999999999999,-0.06999999999999998,-0.010000000000000009,-0.12,0.0,-0.26,0.0,0.0,0.010000000000000009,-0.050000000000000044,0.013317285189446082,0.02302442961087614,0.009362397417625345,0.058169547846015135,0.00168497545096713,-0.0014806007632026663,-0.005462751886317285,0.0396189684001067,0.005973138714964854,0.051946504940530325,-2.669999999999998
2020-07-15,0.16,0.64,-0.77,0.1,3226.56,10550.49,27.76,119.0331,41.2,1809.3,0.48,0.01999999999999999,-0.03,0.010000000000000009,-0.09999999999999998,0.010000000000000009,-0.25,0.010000000000000009,0.010000000000000009,-0.010000000000000009,-0.07000000000000006,0.009041044884783744,0.03567227071699719,0.005885258112087399,0.06257447609733724,-0.0029946772528903765,-0.007344025481516248,0.006153865574377804,0.05218674013523383,0.022086787402843644,0.08322332682723754,-1.759999999999998
2020-07-16,0.16,0.62,-0.79,0.1,3215.57,10473.83,28.0,118.9275,40.74,1804.6,0.45999999999999996,0.0,-0.03,-0.020000000000000018,-0.08999999999999997,-0.020000000000000018,-0.22000000000000008,0.0,0.010000000000000009,-0.020000000000000018,-0.06000000000000005,-0.003411918313160456,0.031666340348795785,-0.007292539281982258,0.05200595041049105,-0.0008875419454490441,-0.010786874783631717,-0.002601069564650338,0.040686932157600886,-0.011227845556820881,0.04904792934678426,0.23999999999999844
2020-07-17,0.14,0.64,-0.82,0.09,3224.73,10503.19,25.68,119.124,40.55,1802.9,0.5,-0.01999999999999999,-0.04999999999999999,0.020000000000000018,-0.05999999999999994,-0.029999999999999916,-0.21999999999999997,-0.010000000000000009,0.0,0.040000000000000036,-0.010000000000000009,0.002844589903158834,0.040176412452920474,0.0027992554873552677,0.054496495174936044,0.001650903645890267,-0.009146784830704746,-0.0009424810122453664,0.04211357278968997,-0.00467463023723802,0.02068094138444998,-2.3200000000000003
2020-07-20,0.16,0.62,-0.84,0.1,3251.84,10767.09,24.46,119.0483,40.83,1810.3,0.45999999999999996,0.01999999999999999,-0.03,-0.020000000000000018,-0.08999999999999997,-0.020000000000000018,-0.20999999999999996,0.010000000000000009,0.020000000000000004,-0.040000000000000036,-0.06000000000000005,0.008371764170464147,0.042074120932944936,0.024815239126462885,0.0682780512115233,-0.0006356742790751824,-0.005903665155684301,0.004096097833743428,0.0364801753344528,0.006881324770062314,0.005649038723797073,-1.2199999999999989
2020-07-21,0.14,0.61,-0.87,0.1,3257.3,10680.36,24.84,118.4042,41.76,1823.2,0.47,-0.01999999999999999,-0.03999999999999998,-0.010000000000000009,-0.10999999999999999,-0.030000000000000027,-0.20999999999999996,0.0,0.020000000000000004,0.010000000000000009,-0.07000000000000006,0.001677641372159755,0.03945357113479098,-0.00808771884386239,0.0527699898570102,-0.0054250983227825955,-0.007775999325306593,0.00710062154957658,0.03721307644845773,0.022521838242898884,0.03310915860727848,0.379999999999999
2020-07-22,0.14,0.6,-0.88,0.09,3276.02,10706.13,24.32,118.1337,41.88,1851.0,0.45999999999999996,0.0,-0.04999999999999999,-0.010000000000000009,-0.08999999999999997,-0.010000000000000009,-0.24,-0.010000000000000009,0.009999999999999995,-0.010000000000000009,-0.03999999999999998,0.005730639622957057,0.07137948949050354,0.0024099337920535646,0.07735588357087764,-0.002287160898256424,-0.015461352794449823,0.01513283464202253,0.0415313222087077,0.0028694424279529507,0.09959345647409279,-0.5199999999999996
2020-07-23,0.16,0.59,-0.9,0.09,3235.66,10461.42,26.08,118.0613,40.99,1882.35,0.42999999999999994,0.01999999999999999,-0.010000000000000009,-0.010000000000000009,-0.09000000000000008,-0.020000000000000018,-0.25,0.0,0.009999999999999995,-0.030000000000000027,-0.08000000000000007,-0.012396345287241317,0.04808329402985301,-0.023122269940181184,0.0434105550513646,-0.0006130527933914109,-0.018782148109858454,0.016794962650929612,0.06803139039075301,-0.021480251486089674,0.05852266073606138,1.759999999999998
2020-07-24,0.14,0.59,-0.92,0.09,3215.63,10363.18,25.84,118.1329,41.23,1893.85,0.44999999999999996,-0.01999999999999999,-0.03,0.0,-0.050000000000000044,-0.020000000000000018,-0.24,0.0,0.009999999999999995,0.020000000000000018,-0.020000000000000018,-0.006209630744304917,0.06639888062067811,-0.00943506514215997,0.060251615752902055,0.0006062807824518401,-0.02011331247483117,0.006090797919631186,0.07210551456937342,0.005838012202562304,0.06772898808074235,-0.23999999999999844
2020-07-27,0.15,0.62,-0.9,0.1,3239.41,10536.27,24.74,117.3869,41.46,1940.55,0.47,0.009999999999999981,-0.010000000000000009,0.030000000000000027,-0.020000000000000018,0.020000000000000018,-0.20000000000000007,0.010000000000000009,0.020000000000000004,0.020000000000000018,-0.010000000000000009,0.007367919510066656,0.05918789259167312,0.016564450997487157,0.06490335940324776,-0.0063349450436165355,-0.027549423970511633,0.024359643887962967,0.09267008748878425,0.005562960288824748,0.044133872481394665,-1.1000000000000014
2020-07-28,0.14,0.59,-0.92,0.1,3218.44,10402.09,25.44,117.3189,40.89,1931.65,0.44999999999999996,-0.009999999999999981,-0.01999999999999999,-0.030000000000000027,-0.07000000000000006,-0.020000000000000018,-0.24,0.0,0.020000000000000004,-0.020000000000000018,-0.050000000000000044,-0.0064944443446854905,0.03740111460930784,-0.012816843040596382,0.03356185670086553,-0.0005794488410817422,-0.026462556191725994,-0.004596878091197354,0.0869996113286522,-0.013843572631082601,0.040424665786632286,0.7000000000000028
2020-07-29,0.12,0.58,-0.95,0.1,3258.44,10542.94,24.1,117.2126,41.13,1954.35,0.45999999999999996,-0.020000000000000018,-0.05000000000000002,-0.010000000000000009,-0.10999999999999999,-0.029999999999999916,-0.2699999999999999,0.0,0.020000000000000004,0.010000000000000009,-0.05999999999999994,0.012351783128252691,0.04474335563789644,0.013449694103098153,0.03752668248382385,-0.0009064881031255467,-0.024175469631489754,0.011683097376226748,0.08929560736975883,0.00585224786578209,0.0308628371486952,-1.3399999999999999
2020-07-30,0.11,0.55,-0.97,0.1,3246.22,10587.81,24.76,117.4008,39.85,1952.2,0.44000000000000006,-0.009999999999999995,-0.05,-0.029999999999999916,-0.13,-0.020000000000000018,-0.24,0.0,0.010000000000000009,-0.019999999999999907,-0.07999999999999996,-0.0037573107206831935,0.036455043084560046,0.004246897761804647,0.036567859496601685,0.0016043417841222762,-0.020693128843322306,-0.0011007155761859622,0.0969327432717284,-0.03161537700610895,-0.017906471982132022,0.6600000000000001
2020-07-31,0.11,0.55,-1.0,0.1,3271.12,10745.27,24.46,117.2082,40.1,1974.7,0.44000000000000006,0.0,,0.0,,-0.030000000000000027,,0.0,0.010000000000000009,0.0,,0.007641191392371738,,0.01476231838464237,,-0.0016418811151073243,,0.011459546322399206,0.1068132676954816,0.006253929076299514,,-0.3000000000000007
2020-08-03,0.11,0.56,-1.02,0.1,3294.61,10902.8,24.28,117.8074,40.83,1972.95,0.45000000000000007,0.0,-0.05,0.010000000000000009,-0.1299999999999999,-0.020000000000000018,-0.26,0.0,0.010000000000000009,0.010000000000000009,-0.07999999999999985,0.007155365883905418,0.03549465719500944,0.014553979235568448,0.04398347712573525,0.005099247014937802,-0.012466176828342057,-0.0008866034803665102,0.10606754698679399,0.018040771018960733,0.007868248116885024,-0.17999999999999972
2020-08-04,0.11,0.52,-1.05,0.1,3306.51,10941.17,23.76,117.7833,41.67,1972.25,0.41000000000000003,0.0,-0.05,-0.040000000000000036,-0.13,-0.030000000000000027,-0.27,0.0,0.010000000000000009,-0.040000000000000036,-0.07999999999999996,0.0036054526780180396,0.049977618690014936,0.0035131012781235427,0.056136731030015596,-0.0002045921174653742,-0.015069695980337805,-0.0003548616076978206,0.1050929495920565,0.02036434010287813,0.026259714583555915,-0.5199999999999996
2020-08-05,0.11,0.55,-1.06,0.1,3327.77,10998.4,22.99,116.8736,42.25,2034.45,0.44000000000000006,0.0,-0.05,0.030000000000000027,-0.12,-0.010000000000000009,-0.31000000000000005,0.0,0.010000000000000009,0.030000000000000027,-0.06999999999999995,0.006409157519801312,0.04858974972852437,0.005217069414417352,0.04708909144776818,-0.007753486535713172,-0.022662596510609312,0.031050489101634327,0.12280002352000707,0.013822908368820386,0.03222982186187551,-0.7700000000000031
2020-08-06,0.11,0.55,-1.08,0.1,3349.16,11108.07,22.65,117.0422,41.93,2049.15,0.44000000000000006,0.0,-0.05,0.0,-0.06999999999999995,-0.020000000000000018,-0.31000000000000005,0.0,0.010000000000000009,0.0,-0.019999999999999907,0.0064071581324238736,0.06065653331223686,0.009922063515812596,0.051759304154606056,0.0014415446002074006,-0.020889761808511764,0.0071995609247723635,0.12274555186017899,-0.007602792620511334,0.05616285172088409,-0.33999999999999986
2020-08-07,0.13,0.57,-1.04,0.1,3351.28,11010.98,22.21,117.6239,41.16,2061.5,0.43999999999999995,0.020000000000000004,-0.03,0.019999999999999907,-0.08000000000000007,0.040000000000000036,-0.28,0.0,0.010000000000000009,-1.1102230246251565e-16,-0.050000000000000044,0.0006327942853729951,0.05087751459662293,-0.008778914424839357,0.036395024622827066,0.004957692580672912,-0.014575647494295296,0.006008800145348658,0.13245785521599807,-0.018534650216822435,0.014684551682921043,-0.4399999999999977
2020-08-10,0.14,0.59,-1.02,0.1,3360.47,10968.36,22.13,117.5821,41.94,2030.3,0.44999999999999996,0.010000000000000009,-0.01999999999999999,0.020000000000000018,-0.050000000000000044,0.020000000000000018,-0.24,0.0,0.010000000000000009,0.010000000000000009,-0.030000000000000027,0.0027384827334753226,0.06302262099658229,-0.0038781922858817097,0.05409011566703548,-0.0003554331134418831,-0.013574494502146983,-0.01525030777875891,0.11593464893120586,0.01877311450792485,0.04586169523610151,-0.08000000000000185
2020-08-11,0.16,0.64,-0.99,0.1,3333.69,10782.82,24.03,117.3781,41.53,1996.6,0.48,0.01999999999999999,0.01999999999999999,0.050000000000000044,0.010000000000000009,0.030000000000000027,-0.20999999999999996,0.0,0.010000000000000009,0.030000000000000027,-0.010000000000000009,-0.00800104654322098,0.04170428926391523,-0.01706063766045851,0.02766708058895162,-0.001736464739646948,-0.01699593469276106,-0.016737831465871267,0.10465956935165188,-0.009823967831111613,0.03006458869002504,1.9000000000000021
2020-08-12,0.16,0.69,-0.98,0.1,3380.35,11012.24,22.28,117.2559,42.6,1931.7,0.5299999999999999,0.0,0.0,0.04999999999999993,0.04999999999999993,0.010000000000000009,-0.20999999999999996,0.0,0.0,0.04999999999999993,0.04999999999999993,0.013899455827980134,0.04656270020711162,0.021053254630958307,0.04283507710782253,-0.0010416223654603485,-0.015042879805331033,-0.03304528969007681,0.06546041408719727,0.025438195632662808,0.033415996919844204,-1.75
2020-08-13,0.16,0.71,-0.96,0.1,3373.43,11042.5,22.13,117.1193,42.26,1931.0,0.5499999999999999,0.0,0.0,0.020000000000000018,0.08999999999999997,0.020000000000000018,-0.16999999999999993,0.0,0.0,0.020000000000000018,0.08999999999999997,-0.0020492235227109745,0.0479253949975611,0.0027440830395750737,0.05287169942937986,-0.0011656524706289417,-0.01532099033051093,-0.00036244078373304234,0.06769904286811457,-0.008013241087414524,0.03663060138925056,-0.15000000000000213
2020-08-14,0.14,0.71,-0.94,0.1,3372.85,11019.3,22.05,116.9395,42.05,1948.3,0.57,-0.01999999999999999,0.0,0.0,0.06999999999999995,0.020000000000000018,-0.12,0.0,0.010000000000000009,0.020000000000000018,0.06999999999999995,-0.00017194661396580102,0.044908858480436464,-0.0021031836524549874,0.047969260289569604,-0.0015363663777385739,-0.01850826035413977,0.00891919402332686,0.0775607179036868,-0.004981625768953446,0.036323605857535135,-0.0799999999999983
2020-08-17,0.14,0.69,-0.97,0.1,3381.99,11129.73,21.35,116.749,42.89,1949.85,0.5499999999999999,0.0,-0.01999999999999999,-0.020000000000000018,0.06999999999999995,-0.030000000000000027,-0.13,0.0,0.0,-0.020000000000000018,0.08999999999999997,0.0027062093485916705,0.03924330365856399,0.009971625397007244,0.033125646560113964,-0.0016303758396132295,-0.01950296191467782,0.0007952490702960446,0.07425986914023941,0.01977931210983197,0.04922159319730479,-0.6999999999999993
2020-08-18,0.14,0.67,-1.01,0.09,3389.78,11210.84,21.51,116.5593,42.89,2005.15,0.53,0.0,0.0,-0.019999999999999907,0.06000000000000005,-0.040000000000000036,-0.14,-0.010000000000000009,-0.010000000000000009,-0.019999999999999907,0.06000000000000005,0.0023007288895726674,0.0398663911759769,0.007261261139078101,0.048474626543054455,-0.0016261748236505724,-0.015704038415545796,0.027966424387762423,0.09512567197842525,0.0,0.026699754954405908,0.16000000000000014
2020-08-19,0.14,0.68,-0.99,0.09,3374.85,11146.46,22.54,116.567,42.91,1993.15,0.54,0.0,0.0,0.010000000000000009,0.08000000000000007,0.020000000000000018,-0.10999999999999999,0.0,0.0,0.010000000000000009,0.08000000000000007,-0.004414143638946655,0.02972160791407319,-0.005759208665519822,0.04030548408548107,6.605861288822013e-05,-0.013350818904401152,-0.006002569107277367,0.07399026822912536,0.00046620047464429604,0.024296513001097253,1.0299999999999976
2020-08-20,0.13,0.65,-0.97,0.09,3385.51,11264.95,22.72,116.8126,42.62,1928.05,0.52,-0.010000000000000009,-0.03,-0.030000000000000027,0.06000000000000005,0.020000000000000018,-0.06999999999999995,0.0,0.0,-0.020000000000000018,0.09000000000000008,0.003153680820281224,0.04527163402159573,0.010574176641293676,0.07400193066695593,0.0021047262971114478,-0.010633039813898293,-0.03320717235844306,0.023988133219752683,-0.006781272332962107,0.03899549215422482,0.17999999999999972
2020-08-21,0.16,0.64,-1.0,0.09,3397.16,11311.8,22.54,117.0572,42.32,1932.85,0.48,0.03,0.01999999999999999,-0.010000000000000009,0.050000000000000044,-0.030000000000000027,-0.07999999999999996,0.0,0.0,-0.040000000000000036,0.030000000000000027,0.003435228739302687,0.054916493505203334,0.004150293310507536,0.08758728911962343,0.002091762931226704,-0.00914755766512343,0.0024864681670120348,0.020383803467133532,-0.0070638391204274065,0.02609364083123511,-0.17999999999999972
2020-08-24,0.14,0.65,-1.02,0.09,3431.28,11379.72,22.37,116.912,42.44,1947.55,0.51,-0.01999999999999999,-0.009999999999999981,0.010000000000000009,0.030000000000000027,-0.020000000000000018,-0.12,0.0,-0.010000000000000009,0.030000000000000027,0.040000000000000036,0.009993580954931858,0.057542154950068536,0.005986395167610681,0.07700923328974696,-0.0012411891705461642,-0.004053801792053058,0.007576574745091769,0.0036007343242623335,0.002831526195738565,0.023362206738148927,-0.16999999999999815
2020-08-25,0.15,0.69,-1.01,0.09,3443.62,11466.47,22.03,116.8206,43.17,1925.45,0.5399999999999999,0.009999999999999981,0.009999999999999981,0.039999999999999925,0.09999999999999998,0.010000000000000009,-0.08999999999999997,0.0,-0.010000000000000009,0.029999999999999916,0.08999999999999997,0.0035898742533948536,0.06762647354814888,0.007594300575302526,0.09742037690564587,-0.0007820903430575399,-0.0042564432940288555,-0.011412465719701004,-0.0032148533042413163,0.017054495821603677,0.054260275190835205,-0.33999999999999986
2020-08-26,0.16,0.69,-1.03,0.09,3478.73,11665.06,23.27,116.6243,43.21,1918.5,0.5299999999999999,0.010000000000000009,0.04000000000000001,0.0,0.10999999999999999,-0.020000000000000018,-0.08000000000000007,0.0,-0.010000000000000009,-0.010000000000000009,0.06999999999999995,0.010144040989640501,0.06541873140953669,0.01717092465073833,0.10114160745328604,-0.0016817676999316689,-0.005031722890834978,-0.003616075949575581,-0.018514026630043645,0.0009261403764559972,0.04933416770150911,1.2399999999999984
2020-08-27,0.16,0.74,-0.99,0.08,3484.55,11625.34,24.47,116.649,42.88,1938.8,0.58,0.0,0.05,0.050000000000000044,0.18999999999999995,0.040000000000000036,-0.020000000000000018,-0.009999999999999995,-0.020000000000000004,0.050000000000000044,0.1399999999999999,0.001671626404583293,0.07084766853480318,-0.003410850694553602,0.0934838589969278,0.0002117687715852412,-0.006424295903372013,0.01052559428421418,-0.006887716769643504,-0.007666433181295229,0.07328311152632283,1.1999999999999993
2020-08-28,0.14,0.74,-1.03,0.09,3508.01,11695.63,22.96,115.9374,42.96,1955.85,0.6,-0.01999999999999999,0.030000000000000013,0.0,0.18999999999999995,-0.040000000000000036,-0.030000000000000027,0.009999999999999995,-0.010000000000000009,0.020000000000000018,0.15999999999999992,0.006710014078512572,0.06991649122094401,0.006028069402557179,0.0847496100148426,-0.006119035509768445,-0.010901450298033133,0.008755656566370007,-0.009591606525672702,0.0018639334380625705,0.06889311588808589,-1.509999999999998
2020-08-31,0.14,0.72,-1.08,0.09,3500.31,11775.46,26.41,115.7586,42.61,,0.58,0.0,0.030000000000000013,-0.020000000000000018,0.15999999999999992,-0.050000000000000044,-0.06000000000000005,0.0,-0.010000000000000009,-0.020000000000000018,0.1299999999999999,-0.00219738913128964,0.06056373620574895,0.006802437196730793,0.07699806797600495,-0.0015434020051543484,-0.017544099318125284,,,-0.008180482688788793,0.04267186218033636,3.4499999999999993
2020-09-01,0.13,0.68,-1.08,0.09,3526.65,11939.67,26.12,115.5687,42.76,1987.95,0.55,-0.010000000000000009,0.020000000000000004,-0.039999999999999925,0.16000000000000003,0.0,-0.030000000000000027,0.0,-0.010000000000000009,-0.029999999999999916,0.14,0.0074968758512330425,0.06445515937896396,0.013848764434717609,0.08733373113259901,-0.0016418299323763819,-0.01898133713303629,,0.007928934019598266,0.0035141186450240447,0.025821640722482275,-0.28999999999999915
2020-09-02,0.14,0.66,-1.07,0.09,3580.84,12056.44,26.57,116.0304,42.76,1969.0,0.52,0.010000000000000009,0.030000000000000013,-0.020000000000000018,0.10999999999999999,0.010000000000000009,-0.010000000000000009,0.0,-0.010000000000000009,-0.030000000000000027,0.07999999999999996,0.01524899790823575,0.0732949997673984,0.009732487617023722,0.09184914933520538,0.003987067407650535,-0.007240783189672584,-0.009578157355671912,-0.03269971243770797,0.0,0.01199873235366189,0.4499999999999993
2020-09-03,0.13,0.63,-1.02,0.09,3455.06,11458.1,33.6,116.0685,41.39,1934.1,0.5,-0.010000000000000009,0.020000000000000004,-0.030000000000000027,0.07999999999999996,0.050000000000000044,0.06000000000000005,0.0,-0.010000000000000009,-0.020000000000000018,0.05999999999999994,-0.035757586556313115,0.031130255078661406,-0.050902053533663505,0.03102503228572928,0.00032830832323860193,-0.008354019466641383,-0.0178836976544412,-0.057782971016921536,-0.032563780396203335,-0.012962255422030111,7.030000000000001
2020-09-04,0.14,0.72,-0.98,0.09,3426.96,11313.13,30.75,116.0347,39.69,1937.6,0.58,0.010000000000000009,0.010000000000000009,0.08999999999999997,0.15000000000000002,0.040000000000000036,0.06000000000000005,0.0,-0.010000000000000009,0.07999999999999996,0.14,-0.008166252396865303,0.022331208396423108,-0.01273290539180394,0.0270710413187647,-0.0002912497564784289,-0.013602961803792724,0.0018079918141431506,-0.061983779348127044,-0.04194003896566745,-0.036367644170875124,-2.8500000000000014
2020-09-07,,,,,,,,,,1928.4,,,,,,,,,,,,,,,,,,-0.0047594502673602435,-0.05149292183672838,,,
2020-09-08,0.14,0.69,-0.99,0.09,3331.84,10847.69,31.46,116.4618,36.87,1920.6,0.5499999999999999,,-0.01999999999999999,,0.04999999999999993,,0.0,,-0.010000000000000009,,0.06999999999999995,,-0.0005550946578907201,,0.005998027275541773,,-0.007837026015200088,-0.004053006327595199,-0.03880809669845231,,-0.11901784539660909,
2020-09-09,0.14,0.71,-1.0,0.09,3398.96,11141.56,28.81,116.1291,38.05,1928.4,0.57,0.0,-0.01999999999999999,0.020000000000000018,0.020000000000000018,-0.010000000000000009,-0.020000000000000018,0.0,-0.010000000000000009,0.020000000000000018,0.040000000000000036,0.019944798533671815,0.005490248047800961,0.026730106508114915,0.01167487915269838,-0.0028608189478545043,-0.009656222597594244,0.004053006327595199,-0.0017098006807803046,0.03150287206164171,-0.11295316896763019,-2.650000000000002
2020-09-10,0.14,0.68,-1.01,0.09,3339.19,10919.59,29.71,115.8806,37.25,1944.8,0.54,0.0,-0.01999999999999999,-0.029999999999999916,-0.029999999999999916,-0.010000000000000009,-0.050000000000000044,0.0,-0.010000000000000009,-0.029999999999999916,-0.009999999999999898,-0.01774123987058651,-0.010201768300074576,-0.020123836777315773,-0.011193040664192466,-0.0021421526343665676,-0.01063272276133187,0.008468500470446116,0.007121140573398854,-0.021249139482126367,-0.12618906736234203,0.9000000000000021
2020-09-11,0.13,0.67,-0.98,0.09,3340.97,10853.55,26.87,116.0866,37.33,1944.5,0.54,-0.010000000000000009,-0.010000000000000009,-0.010000000000000009,-0.039999999999999925,0.030000000000000027,-0.040000000000000036,0.0,-0.010000000000000009,0.0,-0.029999999999999916,0.0005329213797651278,-0.009496900306343647,-0.0060662084124203375,-0.015156065424157816,0.0017761136415286316,-0.007320242742064664,-0.00015426940611185103,-0.0019523228560398564,0.0021453481009241493,-0.11906209349246444,-2.84
2020-09-14,0.14,0.68,-0.97,0.09,3383.54,11056.65,25.85,115.6428,37.23,1942.3,0.54,0.010000000000000009,0.0,0.010000000000000009,-0.009999999999999898,0.010000000000000009,0.0,0.0,-0.010000000000000009,0.0,-0.009999999999999898,0.01266131471119003,0.0004582050562547124,0.018539841491591602,-0.006587849329573459,-0.003830334369306243,-0.009520201271757678,-0.0011320367577143386,-0.0038796086840502397,-0.0026824050418672307,-0.14152381064416364,-1.0199999999999996
2020-09-15,0.14,0.68,-0.99,0.09,3401.2,11190.32,25.59,115.5908,38.29,1963.55,0.54,0.0,0.0,0.0,0.010000000000000009,-0.020000000000000018,0.020000000000000018,0.0,0.0,0.0,0.010000000000000009,0.0052058118315070345,0.0033632879981890795,0.012017061972997567,-0.0018320484956539929,-0.00044976163392007606,-0.008343788082027181,0.010881221587103695,-0.020964811484708967,0.028073877604577913,-0.11344993303958573,-0.26000000000000156
2020-09-16,0.14,0.69,-0.99,0.09,3385.49,11050.47,26.04,115.3537,40.17,1964.8,0.5499999999999999,0.0,0.0,0.009999999999999898,0.009999999999999898,0.0,0.0,0.0,0.0,0.009999999999999898,0.009999999999999898,-0.004629658363745293,0.0031477732733904418,-0.01257615788065003,-0.008648997710784201,-0.0020533079012716726,-0.010463154596187074,0.0006363995276323919,-0.014325842849799209,0.04793168288198757,-0.06598445063224245,0.4499999999999993
2020-09-17,0.13,0.69,-0.97,0.09,3357.01,10910.28,26.46,115.4392,40.99,1936.1,0.5599999999999999,-0.010000000000000009,0.0,0.0,0.039999999999999925,0.020000000000000018,0.0,0.0,0.0,0.010000000000000009,0.039999999999999925,-0.008447955322131051,-0.008453862869021833,-0.012767496952262647,-0.03199067130434052,0.0007409240397899808,-0.011826956853508541,-0.014714818557703957,0.0041665109509398945,0.020207686145055526,-0.03899549215422482,0.4200000000000017
2020-09-18,0.14,0.7,-0.97,0.09,3319.47,10793.28,25.83,115.2395,41.09,1954.75,0.5599999999999999,0.010000000000000009,-0.01999999999999999,0.010000000000000009,0.05999999999999994,0.0,0.030000000000000027,0.0,0.0,0.0,0.07999999999999996,-0.011245565213034325,-0.023134656821358845,-0.010781745796240472,-0.04692271041108853,-0.0017314129990175786,-0.015650132783752824,0.009586667609504218,0.011266710393432078,0.0024366483790720928,-0.02949500465472532,-0.6300000000000026
2020-09-21,0.14,0.68,-0.94,0.09,3281.06,10778.94,27.78,116.378,39.26,1930.9,0.54,0.0,0.0,-0.019999999999999907,0.030000000000000027,0.030000000000000027,0.08000000000000007,0.0,0.0,-0.019999999999999907,0.030000000000000027,-0.011638590711243069,-0.04476682848753377,-0.0013294878424385814,-0.05423859342113779,0.009830942561856126,-0.004578001051350533,-0.012276092556130713,-0.008585956907790404,-0.04555859404700335,-0.07788512489746724,1.9500000000000028
2020-09-22,0.13,0.68,-0.94,0.09,3315.57,10963.77,26.86,116.5438,39.55,1903.1,0.55,-0.010000000000000009,-0.01999999999999999,0.0,-0.009999999999999898,0.0,0.07000000000000006,0.0,0.0,0.010000000000000009,0.01000000000000012,0.010463013638869256,-0.03789368910205937,0.017001970070225525,-0.044830923926214794,0.0014236540160990074,-0.002372256692193986,-0.014502079925510891,-0.011675571113600292,0.007359505365347907,-0.08758011535372301,-0.9200000000000017
2020-09-23,0.14,0.68,-0.92,0.09,3236.92,10633.15,28.58,117.2526,39.92,1888.1,0.54,0.010000000000000009,-0.01999999999999999,0.0,-0.009999999999999898,0.019999999999999907,0.10999999999999999,0.0,0.0,-0.010000000000000009,0.01000000000000012,-0.02400729416109293,-0.0720450242527928,-0.030619720880409318,-0.09262156945736244,0.00606341390700571,0.005372924914743393,-0.007913103118495357,-0.015972598282520067,0.009311757229600204,-0.0791944985005788,1.7199999999999989
2020-09-24,0.14,0.67,-0.91,0.09,3246.59,10672.43,28.51,117.5473,40.11,1850.75,0.53,0.0,-0.01999999999999999,-0.010000000000000009,-0.06999999999999995,0.010000000000000009,0.07999999999999996,0.0,0.009999999999999995,-0.010000000000000009,-0.04999999999999993,0.002982954347357847,-0.07073369631001825,0.003687301120629982,-0.08552341764217886,0.0025102238522887177,0.00767137999544687,-0.01998007008127889,-0.046478262648013136,0.004748228338698368,-0.0667798369805852,-0.06999999999999673
2020-09-25,0.12,0.66,-0.92,0.09,3298.46,10913.73,26.38,117.8679,40.06,1870.05,0.54,-0.020000000000000018,-0.020000000000000018,-0.010000000000000009,-0.07999999999999996,-0.010000000000000009,0.10999999999999999,0.0,0.0,0.010000000000000009,-0.05999999999999994,0.015850478138508706,-0.06159323225002211,0.022357848875143915,-0.06919363816959212,0.002723700068633761,0.016514115573849075,0.0103742061358858,-0.04485971307849734,-0.001247349544289289,-0.06989111996293706,-2.1300000000000026
2020-09-28,0.14,0.67,-0.94,0.09,3351.6,11117.7,26.19,117.6178,40.47,1850.95,0.53,0.020000000000000018,0.0,0.010000000000000009,-0.04999999999999993,-0.019999999999999907,0.14000000000000012,0.0,0.0,-0.010000000000000009,-0.04999999999999993,0.01598215087400412,-0.04341369224472835,0.018516803306331653,-0.05747927205999126,-0.0021241212866458525,0.01593339629235757,-0.010266147676153636,,0.01018262865010211,-0.05152800862404616,-0.18999999999999773
2020-09-29,0.11,0.66,-0.98,0.09,3335.47,11085.42,26.27,117.526,39.03,1882.4,0.55,-0.030000000000000013,-0.020000000000000004,-0.010000000000000009,-0.020000000000000018,-0.040000000000000036,0.10000000000000009,0.0,0.0,0.020000000000000018,0.0,-0.004824244783808496,-0.05573481287976989,-0.002907701507105287,-0.07423573800181416,-0.0007807988529888732,0.01679442737174508,0.016848537630212768,-0.05455639858164485,-0.03623037769525084,-0.09127250496432104,0.0799999999999983
2020-09-30,0.13,0.69,-0.94,0.09,3363.0,11167.68,26.37,116.946,40.05,1883.4,0.5599999999999999,0.020000000000000004,-0.010000000000000009,0.029999999999999916,0.029999999999999916,0.040000000000000036,0.13000000000000012,0.0,0.0,0.009999999999999898,0.039999999999999925,0.008219833784947284,-0.06276397700305836,0.007393160924628717,-0.07657506469420916,-0.004947295907345328,0.007860064056749216,0.0005310956628106211,-0.044447145563162316,0.025798092321844823,-0.06547441264247622,0.10000000000000142
2020-10-01,0.14,0.68,-0.95,0.09,3380.8,11326.61,26.7,116.7227,38.51,1895.55,0.54,0.010000000000000009,0.010000000000000009,-0.009999999999999898,0.050000000000000044,-0.010000000000000009,0.07000000000000006,0.0,0.0,-0.019999999999999907,0.040000000000000036,0.00527893512152211,-0.021727455325223133,0.01413093230588025,-0.011542078854665405,-0.001911253565189952,0.005620502168320662,0.006430379796835695,-0.02013306811188542,-0.039210725687550685,-0.07212135793382357,0.3299999999999983
2020-10-02,0.13,0.7,-0.94,0.09,3348.44,11075.11,27.63,116.7321,36.9,1906.4,0.57,-0.010000000000000009,-0.010000000000000009,0.019999999999999907,-0.020000000000000018,0.010000000000000009,0.040000000000000036,0.0,0.0,0.029999999999999916,-0.010000000000000009,-0.00961780214318253,-0.02317900507154036,-0.022454576458470044,-0.02126374992133151,8.052950725456753e-05,0.005992281432053659,0.005707612911733051,-0.01623344701429552,-0.04270639678033605,-0.07288771574849218,0.9299999999999997
2020-10-05,0.14,0.78,-0.9,0.09,3408.63,11332.58,27.96,116.1767,39.12,1899.65,0.64,0.010000000000000009,,0.08000000000000007,,0.039999999999999925,,0.0,,0.07000000000000006,,0.017815885301178724,,0.022981514988764218,,-0.004769257776022329,,-0.0035469881251586344,-0.015020984872093912,0.05842229412013511,,0.33000000000000185
2020-10-06,0.14,0.76,-0.9,0.09,3360.95,11154.7,29.48,116.2681,40.52,1912.5,0.62,0.0,0.0,-0.020000000000000018,0.07000000000000006,0.0,0.08999999999999997,0.0,0.0,-0.020000000000000018,0.07000000000000006,-0.014086778930183286,0.008698968163514564,-0.015820829397306113,0.027908779659689742,0.0007864233117764741,-0.0016645909676960002,0.0067416280413175045,-0.004226350503181209,0.03516183421386598,0.09439746713442965,1.5199999999999996
2020-10-07,0.16,0.81,-0.9,0.09,3419.45,11364.7,28.06,116.3447,39.82,1888.0,0.65,0.01999999999999999,0.01999999999999999,0.050000000000000044,0.10000000000000009,0.0,0.09999999999999998,0.0,0.0,0.030000000000000027,0.08000000000000007,0.017256047320879375,0.006010216950722125,0.018651126370482274,0.0198297995220571,0.0006586052252401942,0.0018548332053986982,-0.012893218995245093,-0.0211725758260215,-0.017426380744432368,0.04546821432835557,-1.4200000000000017
2020-10-08,0.13,0.78,-0.94,0.09,3446.83,11421.08,26.36,116.1657,41.04,1891.35,0.65,-0.03,-0.010000000000000009,-0.030000000000000027,0.09999999999999998,-0.039999999999999925,0.07000000000000006,0.0,0.0,0.0,0.10999999999999999,0.007975248642445365,0.031726705463754,0.004948710560787717,0.04490234686016059,-0.0015397163771027067,0.002457269462662559,0.0017727920818995102,-0.027868284214568106,0.030177902226463882,0.09689525603694582,-1.6999999999999993
2020-10-09,0.16,0.79,-0.94,0.09,3477.13,11580.05,25.0,115.2757,40.44,1912.4,0.63,0.03,0.03,0.010000000000000009,0.12,0.0,0.040000000000000036,0.0,0.0,-0.020000000000000018,0.08999999999999997,0.008752272809347872,0.039946056893336745,0.013823019240307488,0.06479157451288842,-0.0076909696107021475,-0.00700981378956822,0.011068137964603153,-0.016645876843853102,-0.014727806710243652,0.08002210122577802,-1.3599999999999994
2020-10-12,,,,,3534.22,11876.36,25.07,,39.22,1919.8,,,,,,,,,,,,0.016285383484969884,0.0435701256671166,0.025266079754036497,0.07151781277533331,,,0.003862016177488492,-0.011651823908650272,-0.030632573384070216,0.052071932883575034,0.07000000000000028
2020-10-13,0.16,0.74,-0.96,0.09,3511.93,11864.0,26.07,115.9107,40.03,1920.8,0.58,,0.01999999999999999,,0.05999999999999994,,0.030000000000000027,,0.0,,0.039999999999999925,-0.006326880453748629,0.032037433381860936,-0.0010412648432254201,0.058459485959110324,,0.002763698754583821,0.0005207519776062597,-0.022012293518147708,0.02044235223628199,0.04444040751527911,1.0
2020-10-14,0.14,0.73,-0.96,0.09,3488.67,11768.83,26.4,115.6872,40.86,1896.45,0.59,-0.01999999999999999,0.0,-0.010000000000000009,0.040000000000000036,0.0,0.030000000000000027,0.0,0.0,0.010000000000000009,0.040000000000000036,-0.006645169155040875,0.030021922590565353,-0.008054093772106086,0.06298155006765427,-0.00193006991325273,0.0028869367426027637,-0.012758048481027018,-0.03540674152680712,0.020522416384993747,0.01703114101828529,0.3299999999999983
2020-10-15,0.14,0.74,-0.95,0.09,3483.34,11713.97,26.97,116.0964,40.84,1891.7,0.6,0.0,0.010000000000000009,0.010000000000000009,0.050000000000000044,0.010000000000000009,0.020000000000000018,0.0,0.0,0.010000000000000009,0.040000000000000036,-0.001528971139844515,0.03694090677285189,-0.004672364437288579,0.07107668258262834,0.003530883333672463,0.005676896036485246,-0.0025078217543983428,-0.023199744723501503,-0.0004895960930113574,-0.0036661412197815935,0.5700000000000003
2020-10-16,0.14,0.76,-0.95,0.09,3483.81,11671.66,27.41,115.7679,40.7,1908.2,0.62,0.0,0.0,0.020000000000000018,0.06000000000000005,0.0,0.020000000000000018,0.0,0.0,0.020000000000000018,0.06000000000000005,0.00013491886947036846,0.04832139085535658,-0.003618465370806234,0.07823996300806257,-0.0028335558323977494,0.004574753203105075,0.00868449364612811,-0.02410191868687761,-0.0034339008479151722,-0.009536690446768858,0.4400000000000013
2020-10-19,0.16,0.78,-0.93,0.09,3426.92,11478.98,29.18,115.4031,40.69,1910.0,0.62,0.01999999999999999,0.01999999999999999,0.020000000000000018,0.09999999999999998,0.019999999999999907,0.009999999999999898,0.0,0.0,0.0,0.07999999999999996,-0.016464623898633235,0.04349535766796642,-0.016646144485635617,0.06292330636486554,-0.0031561078406454612,-0.008412297199396512,0.0009428527229298211,-0.010882973407817076,-0.00024573043495124125,0.035776173165283254,1.7699999999999996
2020-10-20,0.14,0.81,-0.91,0.09,3443.12,11516.49,29.35,115.2485,41.37,1906.35,0.67,-0.01999999999999999,0.010000000000000009,0.030000000000000027,0.13,0.020000000000000018,0.029999999999999916,0.0,0.0,0.050000000000000044,0.12,0.004716138487298238,0.0377484825163954,0.0032623845712844712,0.049183720865924485,-0.0013405501904371064,-0.011176501405932626,-0.0019128230444867,0.0017062834732071153,0.01657361845972183,0.044990286259657175,0.1700000000000017
2020-10-21,0.14,0.83,-0.91,0.09,3435.56,11484.69,28.65,114.9108,39.88,1918.95,0.69,0.0,0.0,0.019999999999999907,0.1499999999999999,0.0,0.010000000000000009,0.0,0.0,0.019999999999999907,0.1499999999999999,-0.0021980970313855153,0.05955767964610281,-0.002765077292641749,0.07703836445369205,-0.002934491392132088,-0.020174406705070425,0.0065877424349647384,0.01620712902666721,-0.03668103537968248,-0.0010025063496255093,-0.7000000000000028
2020-10-22,0.16,0.87,-0.89,0.09,3453.49,11506.01,28.11,115.1158,40.46,1916.85,0.71,0.01999999999999999,0.01999999999999999,0.040000000000000036,0.19999999999999996,0.020000000000000018,0.020000000000000018,0.0,0.0,0.020000000000000018,0.17999999999999994,0.00520537388632647,0.061780099185071435,0.001854663504055054,0.07520572683711713,0.0017824030288071668,-0.020902227528551975,-0.0010949477083315173,0.03509225139961458,0.014438886645961713,0.008688151957637835,-0.5399999999999991
2020-10-23,0.18,0.85,-0.9,0.09,3465.39,11548.28,27.55,115.0126,39.73,1910.6,0.6699999999999999,0.01999999999999999,0.06,-0.020000000000000018,0.18999999999999995,-0.010000000000000009,0.020000000000000018,0.0,0.0,-0.040000000000000036,0.1299999999999999,0.003439866491129706,0.049369487537692436,0.003667000577044277,0.05651487853901749,-0.0008968906655413278,-0.024522818262727064,-0.003265884886914705,0.021452160376814078,-0.018207261913091966,-0.008271760411164841,-0.5599999999999987
2020-10-26,0.16,0.81,-0.91,0.09,3400.97,11358.94,32.46,115.2797,38.39,1901.6,0.65,-0.01999999999999999,0.01999999999999999,-0.039999999999999925,0.14,-0.010000000000000009,0.029999999999999916,0.0,0.0,-0.019999999999999907,0.12,-0.018764495369547163,0.014622841294141153,-0.016531409049321155,0.02146666618336468,0.0023196617495964134,-0.020079035226484798,-0.004721691789923099,0.026996616263044615,-0.0343095608138011,-0.05276394987506805,4.91
2020-10-27,0.16,0.79,-0.92,0.09,3390.68,11431.35,33.35,115.0131,39.34,1898.9,0.63,0.0,0.05,-0.020000000000000018,0.13,-0.010000000000000009,0.05999999999999994,0.0,0.0,-0.020000000000000018,0.07999999999999996,-0.003030193803752468,0.01641689227419718,0.006354481988259053,0.03072884967872902,-0.002315314409277569,-0.021613550782773494,-0.001420865914613323,0.008727212718218524,0.024444803948206584,0.00791123176838937,0.8900000000000006
2020-10-28,0.16,0.79,-0.91,0.09,3271.03,11004.87,40.28,115.8023,37.27,1896.85,0.63,0.0,0.03,0.0,0.10000000000000009,0.010000000000000009,0.029999999999999916,0.0,0.0,0.0,0.07000000000000006,-0.03592557122600937,-0.02772851273675947,-0.03802167897217856,-0.01468599021807826,0.006838391853263737,-0.00982786302216443,-0.0010801555420236753,0.007115961513384228,-0.0540530994697459,-0.07193996002320135,6.93
2020-10-29,0.16,0.85,-0.86,0.09,3310.11,11185.59,37.59,116.3069,35.94,1876.85,0.69,0.0,0.01999999999999999,0.05999999999999994,0.16999999999999993,0.050000000000000044,0.08999999999999997,0.0,0.0,0.05999999999999994,0.1499999999999999,0.011876501443804699,-0.02113094641447688,0.016288440672308724,-0.012528481851649786,0.0043479603130327504,-0.0035686491439417267,-0.010599775953784807,-0.009914194237236273,-0.036337832135754145,-0.06906706647140481,-2.6899999999999977
2020-10-30,0.14,0.88,-0.82,0.09,3269.96,10911.59,38.02,116.1354,35.64,1875.8,0.74,-0.01999999999999999,0.010000000000000009,0.030000000000000027,0.18000000000000005,0.040000000000000036,0.12,0.0,0.0,0.050000000000000044,0.17000000000000004,-0.012203669046733978,-0.02371681331802833,-0.024800815687175515,-0.014874721080355258,-0.0014756352963303243,-0.0051248139475266186,-0.0005596045607250133,-0.016181411709694338,-0.008382278752804062,-0.03474294844387282,0.4299999999999997
2020-11-02,0.16,0.87,-0.84,0.09,3310.24,10957.61,37.13,116.2361,36.6,1886.75,0.71,0.01999999999999999,0.01999999999999999,-0.010000000000000009,0.08999999999999997,-0.020000000000000018,0.06000000000000005,0.0,0.0,-0.030000000000000027,0.06999999999999995,0.012242941894852422,-0.029289756724354632,0.004208664965229758,-0.03364757110388972,0.0008667156368469264,0.0005111594653426366,0.005820537090140299,-0.006813886494395405,0.02657963780471162,-0.06658560475929631,-0.8900000000000006
2020-11-03,0.17,0.9,-0.82,0.09,3369.16,11160.57,35.55,115.4802,37.44,1899.85,0.73,0.010000000000000009,0.03,0.030000000000000027,0.14,0.020000000000000018,0.08000000000000007,0.0,0.0,0.020000000000000018,0.10999999999999999,0.017642760820757886,0.0024397830265865394,0.018352838871026123,0.0005260971644425183,-0.006524380731081081,-0.006799644577514918,0.006919163504624848,-0.006636351031088061,0.022691411202070633,-0.07905602777109166,-1.5800000000000054
2020-11-04,0.14,0.78,-0.86,0.09,3443.44,11590.78,29.57,115.1677,38.97,1888.55,0.64,-0.03,-0.01999999999999999,-0.12,-0.030000000000000027,-0.040000000000000036,0.040000000000000036,0.0,0.0,-0.08999999999999997,-0.010000000000000009,0.021807516584335218,0.006991252290042382,0.03782292356550343,0.019697894359463675,-0.002709759691882141,-0.010168009494637253,-0.005965596828390929,0.0002912711357661024,0.04005246774122684,-0.021577179285432457,-5.979999999999997
2020-11-05,0.14,0.79,-0.87,0.09,3510.45,11890.93,27.58,114.4556,38.56,1916.8,0.65,0.0,0.010000000000000009,0.010000000000000009,0.010000000000000009,-0.010000000000000009,0.06999999999999995,0.0,0.0,0.010000000000000009,0.0,0.019273262670013835,0.018289266317610853,0.02556597014977946,0.04031515394845542,-0.006202352137812284,-0.01483064525534683,0.014847790079918433,0.013366269133785025,-0.01057664960827287,-0.06233173112016921,-1.990000000000002
2020-11-06,0.16,0.83,-0.82,0.09,3509.44,11895.23,24.86,113.9919,36.97,1947.95,0.6699999999999999,0.01999999999999999,0.0,0.039999999999999925,0.039999999999999925,0.050000000000000044,0.12,0.0,0.0,0.019999999999999907,0.039999999999999925,-0.00028775379869649953,0.009249239709566481,0.0003615547904196603,0.02685368949856759,-0.00405958162660891,-0.011199257271253593,0.01612040860080821,0.018418539769990083,-0.04210869679380469,-0.08971262120373025,-2.719999999999999
2020-11-09,0.17,0.96,-0.77,0.09,3550.5,11713.78,25.75,114.0895,40.05,1957.45,0.7899999999999999,0.010000000000000009,,0.13,,0.04999999999999993,,0.0,,0.12,,0.011631958050303481,0.0045958142749000785,-0.015371552878038486,-0.013783943133507393,0.0008558348550762318,,0.0048650682326334405,0.01942159182513503,0.08002190056582803,0.020941852746168,0.8900000000000006
2020-11-10,0.19,0.98,-0.78,0.09,3545.53,11553.86,24.8,114.0757,41.18,1874.9,0.79,0.01999999999999999,0.03,0.020000000000000018,0.24,-0.010000000000000009,0.17999999999999994,0.0,0.0,1.1102230246251565e-16,0.21000000000000008,-0.0014007834839127042,0.009521911244736003,-0.013746346275439691,-0.026489024565721664,-0.00012096498516722676,-0.01595780394227031,-0.04308728110566662,-0.024186441258137847,0.027824028085274843,0.028323528595160852,-0.9499999999999993
2020-11-11,,,,,3572.66,11786.43,23.45,,41.23,1876.2,,,,,,,,,,,,0.007622761226929953,0.02378984162670683,0.01992928944431327,0.0014943586506976914,,,0.0006931300429453557,-0.010735262734165474,0.001213445119165435,0.00901455732933254,-1.3500000000000014
2020-11-12,0.17,0.88,-0.83,0.09,3537.01,11709.59,25.35,114.2843,40.9,1868.0,0.71,,0.03,,0.14,,0.12,,0.0,,0.10999999999999999,-0.01002867890894521,0.015290133857606136,-0.006540705527124047,-0.0003739824391377766,,-0.01573167693511479,-0.004380114903062449,-0.01260755588282958,-0.008036083670052818,0.001468069752291079,1.9000000000000021
2020-11-13,0.17,0.89,-0.83,0.09,3585.15,11829.29,23.1,114.2397,39.93,1878.2,0.72,0.0,0.03,0.010000000000000009,0.13,0.0,0.12,0.0,0.0,0.010000000000000009,0.09999999999999998,0.013518576706374574,0.028673791694510342,0.010170495095939813,0.01341497802760827,-0.0003903309986368342,-0.013288452101353876,0.005445531581725227,-0.015846517947232464,-0.024002141973626046,-0.019100171373419794,-2.25
2020-11-16,0.19,0.91,-0.81,0.09,3626.91,11924.13,22.45,113.8312,41.14,1892.6,0.72,0.01999999999999999,0.03,0.020000000000000018,0.13,0.019999999999999907,0.12,0.0,0.0,0.0,0.09999999999999998,0.011580731916657427,0.056719147509801005,0.00798541885510673,0.03804654136835062,-0.003582223219478209,-0.013714567480186624,0.007637673703619008,-0.009151696966543277,0.029852963149681333,0.01099852221121278,-0.6500000000000021
2020-11-17,0.18,0.87,-0.83,0.09,3609.53,11899.34,22.71,113.682,41.24,1885.4,0.69,-0.010000000000000009,0.03999999999999998,-0.040000000000000036,0.05999999999999994,-0.019999999999999907,0.08000000000000007,0.0,0.0,-0.030000000000000027,0.019999999999999907,-0.00480347613410359,0.047199532888399176,-0.002081141743619952,0.032703015053446194,-0.0013115724396479678,-0.013685589729397485,-0.0038115451120823707,-0.011050419034138947,0.0024277749239480784,-0.00314732132456097,0.26000000000000156
2020-11-18,0.16,0.88,-0.82,0.09,3567.79,11801.6,23.84,113.46,41.64,1877.2,0.72,-0.01999999999999999,0.01999999999999999,0.010000000000000009,0.050000000000000044,0.010000000000000009,0.09000000000000008,0.0,0.0,0.030000000000000027,0.030000000000000027,-0.011631213479601499,0.03776641644018319,-0.008247820894496272,0.02722027145159167,-0.001954724979858824,-0.01270582331712422,-0.004358695041787541,-0.021996856510891227,0.009652584598009106,0.04318629865313062,1.129999999999999
2020-11-19,0.18,0.86,-0.84,0.08,3581.87,11904.71,23.11,113.694,41.57,1857.4,0.6799999999999999,0.01999999999999999,0.01999999999999999,-0.020000000000000018,-0.010000000000000009,-0.020000000000000018,0.050000000000000044,-0.009999999999999995,-0.009999999999999995,-0.040000000000000036,-0.030000000000000027,0.003938653922539004,0.03649969647639573,0.008699004629288964,0.03406461257682558,0.0020602770171116447,-0.012427949328819743,-0.010603644578354832,-0.03150555338091454,-0.001682490482222132,0.027064921524946772,-0.7300000000000004
2020-11-20,0.16,0.83,-0.86,0.08,3557.54,11854.97,23.7,113.489,41.99,1867.0,0.6699999999999999,-0.01999999999999999,-0.01999999999999999,-0.030000000000000027,-0.020000000000000018,-0.020000000000000018,0.040000000000000036,0.0,-0.009999999999999995,-0.010000000000000009,0.0,-0.006815715636271591,0.02624411434899443,-0.004186931192966981,0.026210680806814324,-0.0018047129903226988,-0.013335771653601114,0.005155204199814634,-0.023084464294185203,0.010052741431555656,0.055324924869594394,0.5899999999999999
2020-11-23,0.16,0.86,-0.85,0.08,3577.59,11881.17,22.66,113.7548,42.91,1863.8,0.7,0.0,0.0,0.030000000000000027,0.04999999999999993,0.010000000000000009,0.06000000000000005,0.0,-0.009999999999999995,0.030000000000000027,0.04999999999999993,0.0056200945950592995,0.05062870431360089,0.002207604997318313,0.04494969485345379,0.0023393388177455066,-0.01331609458545202,-0.0017154501901677222,-0.020078222694429826,0.021673404307331445,0.11130788999072694,-1.0399999999999991
2020-11-24,0.16,0.88,-0.86,0.08,3635.41,12037.33,21.64,113.4316,44.71,1818.1,0.72,0.0,0.0,0.020000000000000018,0.08999999999999997,-0.010000000000000009,0.06000000000000005,0.0,-0.009999999999999995,0.020000000000000018,0.08999999999999997,0.016032507557284248,0.06969140567463761,0.013057860557102785,0.051653073422297524,-0.002845242655689084,-0.013846022831863536,-0.024825414626327813,-0.043482771406144316,0.041092291242455836,0.1279553772849762,-1.0199999999999996
2020-11-25,0.17,0.88,-0.87,0.08,3629.65,12094.4,21.25,113.1823,45.58,1808.55,0.71,0.010000000000000009,0.010000000000000009,0.0,0.08999999999999997,-0.010000000000000009,0.040000000000000036,0.0,-0.009999999999999995,-0.010000000000000009,0.07999999999999996,-0.0015856720266285151,0.10403130487401846,0.004729881065003383,0.09440463345947947,-0.0022002189677774453,-0.022884633652904718,-0.00526658049379769,-0.04766919635791833,0.019271833571648855,0.20128031032637095,-0.39000000000000057
2020-11-26,,,,,,,,,,1814.85,,,,,,,,,,,,,,,,,,0.0034774004241668877,-0.033592019979966636,,,
2020-11-27,0.16,0.84,-0.91,0.08,3638.35,12205.85,20.84,,,1808.05,0.6799999999999999,,0.01999999999999999,,-0.040000000000000036,,-0.09000000000000008,,-0.009999999999999995,,-0.06000000000000005,,0.10675252975689986,,0.11208981792718475,,,-0.003753903218606247,-0.03678631863784787,,,
2020-11-30,0.16,0.84,-0.93,0.09,3621.63,12198.74,20.57,113.2256,45.2,1771.95,0.6799999999999999,0.0,0.0,0.0,-0.030000000000000027,-0.020000000000000018,-0.09000000000000008,0.009999999999999995,0.0,0.0,-0.030000000000000027,-0.004606081438497611,0.08990350642354983,-0.0005826772915380474,0.10729847567041695,,-0.026241178814663257,-0.020168281374351338,-0.0627751371023395,,0.2110488464308653,-0.2699999999999996
2020-12-01,0.17,0.92,-0.89,0.09,3662.45,12355.11,20.77,112.8063,44.54,1796.2,0.75,0.010000000000000009,0.0,0.08000000000000007,0.020000000000000018,0.040000000000000036,-0.07000000000000006,0.0,0.0,0.07000000000000006,0.020000000000000018,0.011208121636018475,0.08346886723881042,0.012737074961888695,0.10168271176127952,-0.0037101000431043474,-0.023426898126686524,0.013592687174210916,-0.05610161343275344,-0.014709425008964327,0.17364801021983034,0.1999999999999993
2020-12-02,0.16,0.95,-0.9,0.09,3669.01,12349.37,21.17,112.6115,45.23,1832.95,0.7899999999999999,-0.010000000000000009,0.01999999999999999,0.029999999999999916,0.16999999999999993,-0.010000000000000009,-0.040000000000000036,0.0,0.0,0.039999999999999925,0.1499999999999999,0.001789548534858909,0.06345089918933411,-0.0004646930518905634,0.06339509514388553,-0.0017283466389246271,-0.02244548507372901,0.02025336854396098,-0.02988264806040153,0.015372921660530281,0.14896846413913378,0.40000000000000213
2020-12-03,0.16,0.92,-0.94,0.09,3666.72,12377.18,21.28,112.0236,45.65,1834.8,0.76,0.0,0.01999999999999999,-0.029999999999999916,0.13,-0.039999999999999925,-0.06999999999999995,0.0,0.0,-0.029999999999999916,0.10999999999999999,-0.0006243414287023796,0.043553295090617894,0.0022494049292056673,0.040078529923311734,-0.0052342785455792296,-0.021477411481495956,0.0010087929422066821,-0.04372164519811328,0.00924302355122597,0.16878813729863262,0.10999999999999943
2020-12-04,0.16,0.97,-0.92,0.09,3699.12,12464.23,20.79,111.7778,46.23,1839.3,0.8099999999999999,0.0,0.0,0.04999999999999993,0.14,0.019999999999999907,-0.10000000000000009,0.0,0.0,0.04999999999999993,0.14,0.00879742404541517,0.05263847293472956,0.007008487546913855,0.04672546267980593,-0.0021965912530692577,-0.019614421107956304,0.0024495807137352443,-0.057392473085186246,0.012625330959156411,0.22352216505159372,-0.490000000000002
2020-12-07,0.14,0.94,-0.94,0.09,3691.96,12519.95,21.3,111.8385,45.72,1832.8,0.7999999999999999,-0.01999999999999999,-0.03,-0.030000000000000027,-0.020000000000000018,-0.019999999999999907,-0.16999999999999993,0.0,0.0,-0.010000000000000009,0.010000000000000009,-0.0019374711787083498,0.03906904370571773,0.004460429950560396,0.06655744550840481,0.0005428942477880838,-0.01992736171524445,-0.003540212297466816,-0.0657977536152865,-0.011093099073524293,0.1324071654122414,0.5100000000000016
2020-12-08,0.14,0.92,-0.97,0.09,3702.25,12582.77,20.68,111.8639,45.64,1864.5,0.78,0.0,-0.04999999999999999,-0.019999999999999907,-0.05999999999999994,-0.030000000000000027,-0.18999999999999995,0.0,0.0,-0.019999999999999907,-0.010000000000000009,0.0027832605897479823,0.04325308777937842,0.0050050457591233055,0.08530883754296781,0.0002270874171150794,-0.019579309312962145,0.017148068479589718,-0.005562404030030166,-0.001751313932734977,0.10283182339423158,-0.620000000000001
2020-12-09,0.16,0.95,-0.96,0.09,3672.82,12338.95,22.27,112.0305,45.48,1859.8,0.7899999999999999,0.01999999999999999,,0.029999999999999916,,0.010000000000000009,,0.0,,0.009999999999999898,,-0.007980983560702981,0.027649342991745485,-0.019567492096927097,0.04581205600172744,0.0014882018554107646,,-0.0025239655747784084,-0.00877949964775393,-0.0035118561115394797,0.09810652216352667,1.5899999999999999
2020-12-10,0.14,0.92,-0.96,0.09,3668.1,12405.81,22.52,111.9788,46.76,1834.2,0.78,-0.01999999999999999,-0.03,-0.029999999999999916,0.040000000000000036,0.0,-0.13,0.0,0.0,-0.009999999999999898,0.07000000000000006,-0.001285942538656215,0.03639207936203448,0.0054039855476180065,0.057756747076469495,-0.0004615879869094286,-0.02037963587203606,-0.01386053591925318,-0.018259920663944662,0.027755467721532145,0.13389807355511163,0.25
2020-12-11,0.11,0.9,-0.97,0.09,3663.46,12377.87,23.31,112.1417,46.59,1833.65,0.79,-0.030000000000000013,-0.06000000000000001,-0.020000000000000018,0.010000000000000009,-0.010000000000000009,-0.14,0.0,0.0,0.010000000000000009,0.07000000000000006,-0.001265760798382587,0.02160774185727732,-0.0022547105059924633,0.04533154147453722,0.0014536825385151886,-0.01853562233488404,-0.00029990321530171116,-0.0240053554609716,-0.0036422107751619137,0.15425800475357576,0.7899999999999991
2020-12-14,0.13,0.9,-0.98,0.09,3647.49,12440.04,24.72,112.1708,47.02,1820.25,0.77,0.020000000000000004,-0.06,0.0,-0.010000000000000009,-0.010000000000000009,-0.16999999999999993,0.0,0.0,-0.020000000000000018,0.050000000000000044,-0.004368796230528105,0.005658213710091786,0.0050101019823713955,0.042356224601801884,0.00025945946091443517,-0.014693939654491395,-0.007334661634721407,-0.038977690799312015,0.009187117283218083,0.1335921588871125,1.4100000000000001
2020-12-15,0.11,0.92,-0.99,0.09,3694.62,12595.06,22.89,111.8601,47.58,1844.3,0.81,-0.020000000000000004,-0.06999999999999999,0.020000000000000018,0.050000000000000044,-0.010000000000000009,-0.16000000000000003,0.0,0.0,0.040000000000000036,0.1200000000000001,0.012838447626448257,0.023300137470643634,0.012384370848437243,0.05682173719385908,-0.0027737262957829856,-0.016156093510626413,0.013125947413939798,-0.022040198273289846,0.011839461762888082,0.14300384572605251,-1.8299999999999983
2020-12-16,0.13,0.92,-1.0,0.09,3701.17,12658.19,22.5,111.7157,47.86,1861.35,0.79,0.020000000000000004,-0.03,0.0,0.040000000000000036,-0.010000000000000009,-0.18000000000000005,0.0,0.0,-0.020000000000000018,0.07000000000000006,0.0017712784469292586,0.03670262939717439,0.004999762922262008,0.07006932101061736,-0.0012917321112437818,-0.01549310064201137,0.009202229199978262,-0.008479274031524042,0.005867577605415342,0.13921883873345875,-0.39000000000000057
2020-12-17,0.13,0.94,-1.0,0.09,3722.48,12764.75,21.93,111.2226,48.34,1871.95,0.8099999999999999,0.0,-0.04999999999999999,0.019999999999999907,0.07999999999999996,0.0,-0.16000000000000003,0.0,0.009999999999999995,0.019999999999999907,0.13,0.005741126947631514,0.0385051024222669,0.008383029188822277,0.06975334557015067,-0.00442365267978051,-0.021977030338903525,0.005678637390387209,0.007803007937217998,0.009979292795109895,0.15088062201079078,-0.5700000000000003
2020-12-18,0.13,0.95,-1.0,0.09,3709.41,12755.64,21.57,111.6071,49.04,1878.95,0.82,0.0,-0.03,0.010000000000000009,0.12,0.0,-0.14,0.0,0.009999999999999995,0.010000000000000009,0.15000000000000002,-0.003517278505022148,0.041803539553516345,-0.0007139389630754778,0.07322633780004217,0.003451069418594521,-0.016721247929986305,0.0037324418814073113,0.006380245618810676,0.014376916352619062,0.15520479693185418,-0.35999999999999943
2020-12-21,0.13,0.95,-1.0,0.09,3694.92,12742.52,25.16,111.9415,47.79,1869.25,0.82,0.0,-0.03,0.0,0.08999999999999997,0.0,-0.15000000000000002,0.0,0.009999999999999995,0.0,0.12,-0.003913931036978013,0.03226951392147903,-0.0010290939548482925,0.06998963884787557,0.0029917454139436472,-0.016068841333788164,-0.005175829280507749,0.0029198665284706493,-0.02581987903788896,0.10771151358663378,3.59
2020-12-22,0.13,0.93,-1.01,0.09,3687.26,12807.92,24.23,112.1947,47.02,1873.3,0.8,0.0,-0.03,-0.019999999999999907,0.050000000000000044,-0.010000000000000009,-0.15000000000000002,0.0,0.009999999999999995,-0.019999999999999907,0.08000000000000007,-0.002075268484142967,0.014161737880051817,0.005119296797172268,0.06205107508794505,0.0022593414870737405,-0.01096425719102534,0.0021643005869877996,0.029909581741786262,-0.01624336947814342,0.05037585286603452,-0.9299999999999997
2020-12-23,0.13,0.96,-1.01,0.09,3690.01,12771.11,23.31,111.9807,47.94,1867.1,0.83,0.0,-0.04000000000000001,0.029999999999999916,0.07999999999999996,0.0,-0.14,0.0,0.009999999999999995,0.029999999999999916,0.12,0.0007455332737915654,0.016492943180471897,-0.0028781408372591244,0.054443053185682544,-0.001909219878761803,-0.010673258102009697,-0.003315156495722782,0.03186100573986117,0.019377185894314586,0.05048120518870025,-0.9200000000000017
2020-12-24,0.13,0.94,-1.03,0.09,3703.06,12804.73,21.53,,48.18,1872.55,0.8099999999999999,0.0,,-0.020000000000000018,,-0.020000000000000018,,0.0,,-0.020000000000000018,,0.0035303368029282467,,0.002629045174256106,,,,0.002914713333277419,0.0312983186489717,0.004993768180487024,,-1.7799999999999976
2020-12-25,,,,,,,,,,,,,,,,,,,,,,,,,,,,,,,,
2020-12-28,0.13,0.94,-1.03,0.09,3735.36,12899.42,21.7,111.9752,47.5,,0.8099999999999999,,-0.03,,0.09999999999999998,,-0.09999999999999998,,0.0,,0.13,,0.030919998745314814,,0.055849681399454454,,-0.011104870406539291,,,,0.04963262420240966,
2020-12-29,0.12,0.94,-1.02,0.09,3727.04,12850.22,23.08,111.5172,47.85,1873.9,0.82,-0.010000000000000009,-0.05000000000000002,0.0,0.019999999999999907,0.010000000000000009,-0.13,0.0,0.0,0.010000000000000009,0.06999999999999995,-0.0022298465500121267,0.017482030559284212,-0.003821417299288754,0.039291189138277005,-0.00409857911174516,-0.011493349475180104,,0.04234849834477039,0.007341406858368149,0.07168345606974214,1.379999999999999
2020-12-30,0.12,0.93,-1.03,0.09,3732.04,12870.0,22.77,111.3084,48.24,1877.55,0.81,0.0,-0.04000000000000001,-0.009999999999999898,-0.019999999999999907,-0.010000000000000009,-0.13,0.0,0.0,-0.009999999999999898,0.02000000000000013,0.0013406481091209344,0.017033130133546237,0.0015380897907935065,0.041293971980961075,-0.0018741119612286639,-0.01163911479748414,0.0019459148605225352,0.024041044661331945,0.008117434519966604,0.06442796892917846,-0.3099999999999987
2020-12-31,0.13,0.93,-1.06,0.09,3756.07,12888.28,22.75,111.3169,48.35,1891.1,0.8,0.010000000000000009,-0.03,0.0,0.010000000000000009,-0.030000000000000027,-0.1200000000000001,0.0,0.0,-0.010000000000000009,0.040000000000000036,0.006418196978792423,0.02407566854104104,0.0014193496668912786,0.040463916718646686,7.636149174583551e-05,-0.006328474760159075,0.007190934891085021,0.030223186610210284,0.0022776694803732234,0.05746261485832571,-0.019999999999999574
2021-01-01,,,,,,,,,,,,,,,,,,,,,,,,,,,,,,,,
2021-01-04,0.11,0.93,-1.08,0.09,3700.65,12698.45,26.97,111.2075,47.47,1930.8,0.8200000000000001,,-0.030000000000000013,,-0.009999999999999898,,-0.14000000000000012,,0.0,,0.02000000000000013,,0.0023509975509625747,,0.014156566718327213,,-0.005658040793124819,,0.05208957264705205,,0.037562093636617,
2021-01-05,0.13,0.96,-1.07,0.09,3726.86,12818.96,25.34,110.9574,49.78,1946.55,0.83,0.020000000000000004,-0.010000000000000009,0.029999999999999916,0.039999999999999925,0.010000000000000009,-0.10000000000000009,0.0,0.0,0.009999999999999898,0.04999999999999993,0.007057576170721447,0.006625313131936039,0.009445386184845361,0.01859690714404927,-0.002251481720559667,-0.008136609930799565,0.008124150065011548,0.04306565423247388,0.04751536437621917,0.08682877194557115,-1.629999999999999
2021-01-06,0.14,1.04,-1.02,0.09,3748.14,12740.79,25.07,110.8502,50.45,1957.2,0.9,0.010000000000000009,-0.01999999999999999,0.08000000000000007,0.09000000000000008,0.050000000000000044,-0.06000000000000005,0.0,0.0,0.07000000000000006,0.1100000000000001,0.005693660866217698,0.020299957558856718,-0.0061166673162613705,0.032047731924714995,-0.0009666035640494286,-0.010591415350259759,0.0054563055636194235,0.051045925370871714,0.013369449860172189,0.10371007791728282,-0.2699999999999996
2021-01-07,0.14,1.08,-1.01,0.09,3803.79,13067.48,22.37,111.3042,50.63,1911.05,0.9400000000000001,0.0,0.0,0.040000000000000036,0.16000000000000003,0.010000000000000009,-0.050000000000000044,0.0,0.0,0.040000000000000036,0.16000000000000003,0.014738221178340893,0.03632412127585383,0.02531804344846833,0.05196178982556532,0.004087253117919687,-0.006042574245430643,-0.023862051205096435,0.04104441008502846,0.0035615391821997022,0.07951614937795037,-2.6999999999999993
2021-01-08,0.14,1.13,-0.93,0.09,3824.68,13201.98,21.56,111.2847,52.14,1891.3,0.9899999999999999,0.0,0.030000000000000013,0.04999999999999982,0.22999999999999987,0.07999999999999996,0.039999999999999925,0.0,0.0,0.04999999999999982,0.19999999999999984,0.005476865536104825,0.04306674761034124,0.010240117254316061,0.06445661758587384,-0.00017521089371363985,-0.0076714676776594715,-0.01038840591546375,0.03095590738486642,0.029388122523537952,0.11254648267665024,-0.8100000000000023
2021-01-11,0.14,1.15,-0.91,0.09,3799.61,13036.43,24.08,111.8257,52.15,1847.8,1.0099999999999998,0.0,0.010000000000000009,0.020000000000000018,0.2499999999999999,0.020000000000000018,0.06999999999999995,0.0,0.0,0.019999999999999907,0.23999999999999977,-0.0065763737616642,0.04085917007920514,-0.012619072333748704,0.046827443269753743,0.004849626555364139,-0.0030813005832097673,-0.023268681057763807,0.01502188796182402,0.0001917729414255831,0.10355113833485774,2.5199999999999996
2021-01-12,0.14,1.15,-0.93,0.09,3801.19,13072.43,23.33,111.5501,53.08,1861.85,1.0099999999999998,0.0,0.030000000000000013,0.0,0.22999999999999987,-0.020000000000000018,0.05999999999999994,0.0,0.0,0.0,0.19999999999999973,0.00041574571696578744,0.028436468169722673,0.0027576863037683808,0.03720075872508488,-0.0024675917431000727,-0.0027751660305268544,0.0075748748161492685,0.009470815364033491,0.01767602801722523,0.10938770458919489,-0.75
2021-01-13,0.14,1.1,-0.96,0.09,3809.84,13128.95,22.21,111.3622,52.81,1852.4,0.9600000000000001,0.0,0.010000000000000009,-0.04999999999999982,0.18000000000000005,-0.029999999999999916,0.040000000000000036,0.0,0.0,-0.04999999999999971,0.17000000000000004,0.002273017902771457,0.02893820762556487,0.004314283268087138,0.03651527907091001,-0.0016858651990325768,-0.0031692991183156494,-0.005088521446197092,-0.004819935282141863,-0.005099642745164612,0.09842048423861494,-1.1199999999999974
2021-01-14,0.16,1.15,-0.94,0.09,3795.54,13112.64,23.25,111.1567,53.47,1840.25,0.9899999999999999,0.01999999999999999,0.03,0.04999999999999982,0.20999999999999996,0.020000000000000018,0.06000000000000005,0.0,0.0,0.029999999999999805,0.17999999999999994,-0.003760500291052793,0.019436580386880564,-0.0012430650810557609,0.026889184801031973,-0.0018470346422043704,-0.00059268108073951,-0.00658066366778165,-0.01707923634031072,0.012420182241798194,0.10086137368530323,1.0399999999999991
2021-01-15,0.13,1.11,-0.99,0.09,3768.25,12998.5,24.34,111.5106,52.25,1853.85,0.9800000000000001,-0.03,0.0,-0.039999999999999813,0.16000000000000014,-0.050000000000000044,0.010000000000000009,0.0,0.0,-0.009999999999999787,0.16000000000000014,-0.007215990506594494,0.015737868385308218,-0.008742684311664917,0.018860439452442535,0.003178736150251993,-0.0008650143490820383,0.007363125765039058,-0.013448552456678975,-0.023080858115719582,0.06340359921696459,1.0899999999999999
2021-01-18,,,,,,,,,,1833.95,,,,,,,,,,,,,,,,,,-0.010792447072603295,-0.01906517024877452,,,
2021-01-19,0.14,1.1,-1.0,0.09,3798.91,13197.18,23.24,111.4527,52.87,1843.1,0.9600000000000001,,0.010000000000000009,,0.17000000000000004,,0.010000000000000009,,0.0,,0.16000000000000003,,0.029830548677939106,,0.02993944082647282,,-0.00663546924744729,0.0049768259263265335,-0.016252644909435787,,0.11726302713543513,
2021-01-20,0.13,1.1,-1.02,0.09,3851.85,13457.25,21.58,,53.16,1854.6,0.9700000000000001,-0.010000000000000009,0.0,0.0,0.14000000000000012,-0.020000000000000018,-0.010000000000000009,0.0,0.0,0.010000000000000009,0.14000000000000012,0.013839368887685666,0.042924384291833206,0.01951482387355874,0.05233240553729068,,,0.0062201028085482335,-0.006717385605164772,0.005470163597685929,0.10335600483880647,-1.6600000000000001
2021-01-21,0.13,1.12,-0.98,0.08,3853.07,13530.91,21.32,111.1973,53.0,1867.65,0.9900000000000001,0.0,0.0,0.020000000000000018,0.18000000000000016,0.040000000000000036,0.050000000000000044,-0.009999999999999995,-0.009999999999999995,0.020000000000000018,0.18000000000000016,0.00031668077285651464,0.039710728261761474,0.0054587035875410805,0.05516206395057566,,,0.007011916700405685,-0.002620182238036506,-0.003014320292922701,0.09534791636539675,-0.259999999999998
2021-01-22,0.13,1.1,-0.99,0.08,3841.47,13543.06,21.91,111.5516,52.28,1853.6,0.9700000000000001,0.0,,-0.020000000000000018,,-0.010000000000000009,,0.0,,-0.020000000000000018,,-0.0030151272949279218,,0.0008975411301435088,,0.003181163173303858,,-0.00755126194836464,,-0.013678024796100807,,0.5899999999999999
2021-01-25,0.13,1.05,-1.03,0.08,3855.36,13635.99,23.19,111.8676,52.78,1855.6,0.92,0.0,0.0,-0.050000000000000044,0.1100000000000001,-0.040000000000000036,0.0,0.0,-0.009999999999999995,-0.050000000000000044,0.1100000000000001,0.0036092820235467116,0.03162018838701108,0.006838381926066006,0.05553027180596892,0.0028287650364609007,-0.0009613890488111565,0.0010783997594216999,,0.009518442319156772,0.10540262003458256,1.2800000000000011
2021-01-26,0.11,1.05,-1.03,0.08,3849.62,13626.06,23.02,111.6572,52.61,1853.2,0.9400000000000001,-0.020000000000000004,-0.009999999999999995,0.0,0.1100000000000001,0.0,-0.010000000000000009,0.0,-0.009999999999999995,0.020000000000000018,0.1200000000000001,-0.001489945739473697,0.03236008919754951,-0.0007284852341733483,0.05862320387108433,-0.0018825657120737915,0.0012546243508602117,-0.0012942193350946596,-0.011107946039126126,-0.0032261153324619762,0.09483509784375244,-0.1700000000000017
2021-01-27,0.12,1.04,-1.04,0.08,3750.77,13270.6,37.21,112.0782,52.81,1846.4,0.92,0.009999999999999995,0.0,-0.010000000000000009,0.10999999999999999,-0.010000000000000009,-0.010000000000000009,0.0,-0.009999999999999995,-0.020000000000000018,0.10999999999999999,-0.026013289892048874,0.0050061511963797045,-0.026433073596209056,0.030652040484081766,0.0037633784987596286,0.006892114810848504,-0.0036760772287127708,-0.016729938128361432,0.0037943509761260152,0.09051201429991185,14.190000000000001
2021-01-28,0.12,1.07,-1.06,0.07,3787.38,13337.16,30.21,112.0059,52.26,1839.65,0.9500000000000001,0.0,-0.010000000000000009,0.030000000000000027,0.14,-0.020000000000000018,0.0,-0.009999999999999995,-0.01999999999999999,0.030000000000000027,0.15000000000000002,0.009713334927598183,0.008301289145185464,0.00500306217708868,0.03423575299427917,-0.0006452934635596819,0.006170459855542987,-0.003662461195676592,-0.027583334215123045,-0.010469306626375463,0.07776503819316316,-7.0
2021-01-29,0.11,1.11,-1.02,0.07,3714.24,13070.69,33.09,111.9511,52.16,1852.7,1.0,-0.009999999999999995,,0.040000000000000036,,0.040000000000000036,,0.0,,0.04999999999999993,,-0.01950040596712732,,-0.02018180537162273,,-0.000489379667468981,,0.007068698437862508,,-0.0019153424740689928,,2.8800000000000026
2021-02-01,0.11,1.09,-1.02,0.08,3773.86,13403.39,30.24,112.4189,53.55,1857.8,0.9800000000000001,0.0,0.0,-0.020000000000000018,0.16000000000000003,0.0,0.06000000000000005,0.009999999999999995,-0.009999999999999995,-0.019999999999999907,0.16000000000000003,0.01592426914071865,0.019589870442148438,0.025135341138582845,0.054027721264084505,0.0041699039786591285,0.010834247204980052,0.002748957397453289,-0.038541432832917444,0.02629987927536037,0.12051786433053113,-2.850000000000005
2021-02-02,0.11,1.12,-1.03,0.08,3826.31,13612.78,25.56,112.2862,54.77,1847.1,1.01,0.0,-0.020000000000000004,0.030000000000000027,0.16000000000000014,-0.010000000000000009,0.040000000000000036,0.0,-0.009999999999999995,0.029999999999999916,0.18000000000000005,0.01380254196564934,0.02633483623707633,0.015501397341028067,0.06008373242026721,-0.0011811037259628065,0.011904625199576913,-0.005776150368146382,-0.052441733266075374,0.022526801901872506,0.09552930185618447,-4.68
2021-02-03,0.11,1.15,-1.04,0.08,3830.17,13610.54,22.91,112.2567,55.67,1834.7,1.0399999999999998,0.0,-0.030000000000000013,0.029999999999999805,0.10999999999999988,-0.010000000000000009,-0.020000000000000018,0.0,-0.009999999999999995,0.029999999999999805,0.1399999999999998,0.0010082963259936406,0.021649471696852274,-0.00016456479261606205,0.06603583494391252,-0.00026275602719749713,0.012608472736428844,-0.006735861200599658,-0.06463390003029446,0.016298803399785733,0.09845865539579801,-2.6499999999999986
2021-02-04,0.11,1.15,-1.02,0.08,3871.74,13777.74,21.77,112.7469,56.19,1811.55,1.0399999999999998,0.0,-0.030000000000000013,0.0,0.06999999999999984,0.020000000000000018,-0.010000000000000009,0.0,-0.009999999999999995,0.0,0.09999999999999976,0.01079482976893864,0.01770608028745002,0.012209753744997442,0.05292754524044163,0.004357270510960021,0.012878490129469178,-0.012698147995179987,-0.05346999682037801,0.009297402928690524,0.10419451914228883,-1.1400000000000006
2021-02-05,0.09,1.19,-1.02,0.08,3886.83,13856.3,20.87,112.2379,56.8,1808.55,1.0999999999999999,-0.020000000000000004,-0.05000000000000002,0.040000000000000036,0.06000000000000005,0.0,-0.08999999999999997,0.0,-0.009999999999999995,0.06000000000000005,0.10999999999999999,0.0038898969855534204,0.016119111736898617,0.005685756526327523,0.048373184512453093,-0.004524757836214199,0.008528943186968618,-0.001657413158064891,-0.04473900406297915,0.0107975206029991,0.08560391722174998,-0.8999999999999986
2021-02-08,0.11,1.19,-1.03,0.07,3915.59,13987.64,21.24,112.0428,57.95,1811.65,1.0799999999999998,0.020000000000000004,-0.030000000000000013,0.0,0.040000000000000036,-0.010000000000000009,-0.12,-0.009999999999999995,-0.01999999999999999,-0.020000000000000018,0.07000000000000006,0.007372105129887174,0.03006759062844999,0.00943407966860299,0.07042633651480479,-0.0017397845575786164,0.0019395320740258626,0.001712612981439321,-0.01975771002377602,0.020044244058655458,0.10545638833897986,0.36999999999999744
2021-02-09,0.11,1.18,-1.04,0.08,3911.23,14007.7,21.63,111.7675,58.34,1846.55,1.0699999999999998,0.0,-0.030000000000000013,-0.010000000000000009,0.030000000000000027,-0.010000000000000009,-0.10999999999999999,0.009999999999999995,-0.009999999999999995,-0.010000000000000009,0.06000000000000005,-0.0011141179817588664,0.028537726929725338,0.0014330958961892293,0.06910174610722564,-0.002460120368431795,0.00194700344869414,0.0190810009693001,-0.00825158387062519,0.006707394653814092,0.09448775497556872,0.39000000000000057
2021-02-10,0.11,1.15,-1.06,0.08,3909.88,13972.53,21.99,111.5834,58.69,1843.45,1.0399999999999998,0.0,-0.030000000000000013,-0.030000000000000027,0.04999999999999982,-0.020000000000000018,-0.10000000000000009,0.0,-0.009999999999999995,-0.030000000000000027,0.07999999999999974,-0.0003452195438775618,0.02591948948307632,-0.002513919186672098,0.0622735436524664,-0.0016485274220352508,0.001984341225691466,-0.0016802171974568125,-0.004843279621884911,0.005981390130667563,0.10556878785140089,0.35999999999999943
2021-02-11,0.11,1.16,-1.04,0.08,3916.38,14025.77,21.25,111.5272,58.22,1841.7,1.0499999999999998,0.0,-0.05,0.010000000000000009,0.010000000000000009,0.020000000000000018,-0.10000000000000009,0.0,-0.009999999999999995,0.010000000000000009,0.05999999999999994,0.001661074764843562,0.031341064538972674,0.003803092628464455,0.06731970136198662,-0.0005037860253045423,0.003327589842591294,-0.0009497578831512143,0.000787626162745525,-0.008040416252765858,0.08510818935683684,-0.7399999999999984
2021-02-12,0.11,1.2,-1.01,0.08,3934.83,14095.47,19.97,111.4889,59.5,1818.0,1.0899999999999999,0.0,-0.020000000000000004,0.040000000000000036,0.08999999999999986,0.030000000000000027,-0.020000000000000018,0.0,-0.009999999999999995,0.040000000000000036,0.10999999999999976,0.004699921149025954,0.04325697619459312,0.004957117305508518,0.08101950297916005,-0.0003434729634008704,-0.00019461927106156907,-0.012952062364136374,-0.019527561966429907,0.02174737423410722,0.12993642170666364,-1.2800000000000011
2021-02-15,,,,,,,,,,1817.45,,,,,,,,,,,,,,,,,,-0.00030257602453431787,-0.00903769091836093,,,
2021-02-16,0.13,1.3,-0.94,0.08,3932.59,14047.5,21.46,111.7879,60.07,1823.45,1.17,,-0.010000000000000009,,0.19999999999999996,,0.06000000000000005,,-0.009999999999999995,,0.20999999999999985,,0.0345840584131043,,0.06244127359902585,,0.003003040234704102,0.0032958913628222675,-0.010718625481865196,,0.1276744786147117,
2021-02-17,0.11,1.29,-0.92,0.08,3931.33,13965.5,21.5,112.0204,61.09,1788.85,1.18,-0.020000000000000004,-0.020000000000000004,-0.010000000000000009,0.18999999999999995,0.019999999999999907,0.09999999999999998,0.0,-0.009999999999999995,0.010000000000000009,0.20999999999999985,-0.0003204508720298094,0.020424238653388826,-0.005854441452813219,0.03707200827265389,0.0020776716827430874,,-0.019157355806110665,-0.036096084096524095,0.0168376377996049,0.13904195281663068,0.03999999999999915
2021-02-18,0.11,1.29,-0.87,0.07,3913.97,13865.36,22.49,112.1603,60.4,1782.8,1.18,0.0,-0.020000000000000004,0.0,0.16999999999999993,0.050000000000000044,0.10999999999999999,-0.009999999999999995,-0.009999999999999995,0.0,0.18999999999999984,-0.00442558686962613,0.01568197101090618,-0.007196359161522281,0.024416945523590528,0.001248100466818336,0.008622997086894735,-0.003387793197200395,-0.046495793994130175,-0.011359081720906161,0.13069719138864722,0.9899999999999984
2021-02-19,0.11,1.34,-0.8,0.07,3906.71,13874.47,22.05,111.7058,59.12,1773.75,1.23,0.0,-0.020000000000000004,0.050000000000000044,0.24,0.06999999999999995,0.18999999999999995,0.0,-0.009999999999999995,0.050000000000000044,0.2599999999999999,-0.0018566165820494973,0.016840481723784606,0.0006568173148497891,0.024176221708296808,-0.004060468507382176,0.001381365406208701,-0.005089212598148762,-0.0440337446439143,-0.021419828300822452,0.12295538788392557,-0.4399999999999977
2021-02-22,0.11,1.37,-0.79,0.07,3876.5,13533.05,23.45,111.918,61.67,1798.8,1.26,0.0,-0.020000000000000004,0.030000000000000027,0.32000000000000006,0.010000000000000009,0.24,0.0,-0.009999999999999995,0.030000000000000027,0.33999999999999997,-0.007762902892533674,0.0054682968077042204,-0.02491561894490424,-0.007577779162673437,0.00189783076480321,0.00045043113455101036,0.014023826422300267,-0.03108831798103573,0.04222831236345481,0.1556652579282236,1.3999999999999986
2021-02-23,0.11,1.37,-0.79,0.07,3881.37,13465.2,23.11,111.8981,61.66,1809.5,1.26,0.0,0.0,0.0,0.32000000000000006,0.0,0.24,0.0,-0.009999999999999995,0.0,0.31999999999999995,0.0012554994192246482,0.008213741966402566,-0.005026262283141847,-0.011875556211641936,-0.00017782456268733426,0.0021551722839374676,0.005930788107244567,-0.023863310538696503,-0.00016216654539746855,0.15872920671528812,-0.33999999999999986
2021-02-24,0.12,1.38,-0.79,0.07,3925.43,13597.97,21.34,111.7212,63.21,1807.25,1.2599999999999998,0.009999999999999995,0.0,0.009999999999999787,0.33999999999999986,0.0,0.25,0.0,-0.009999999999999995,-2.220446049250313e-16,0.33999999999999975,0.011287715277781274,0.045514747136232714,0.009811937418355399,0.02436945480292252,-0.0015821535699425127,-0.0031903597847646736,-0.0012442111233905706,-0.021431444433374303,0.024827094026202978,0.17976194976536508,-1.7699999999999996
2021-02-25,0.17,1.54,-0.6,0.07,3829.34,13119.43,28.89,111.9253,63.43,1792.1,1.37,0.05000000000000002,0.05000000000000002,0.16000000000000014,0.47,0.19000000000000006,0.4600000000000001,0.0,0.0,0.11000000000000032,0.42000000000000004,-0.024783434790563774,0.011017977418070757,-0.0358261794448147,-0.01645978681898086,0.0018252023319034194,-0.0007198639893015724,-0.008418236331063866,-0.026187219568761577,0.0034744191615985187,0.19370567555333906,7.550000000000001
2021-02-26,0.14,1.44,-0.71,0.07,3811.15,13192.35,27.95,112.8306,61.55,1765.1,1.2999999999999998,-0.03,0.030000000000000013,-0.10000000000000009,0.32999999999999985,-0.10999999999999999,0.31000000000000005,0.0,0.0,-0.07000000000000028,0.2999999999999998,-0.004761483718072057,0.02575689966712602,0.005542778686175254,0.009264797238817124,0.008055894381106654,0.007825410059274063,-0.015180770563109292,-0.04843668856973338,-0.03008708301534302,0.16553393501206504,-0.9400000000000013
2021-03-01,0.13,1.45,-0.71,0.07,3901.82,13588.83,23.35,112.5263,60.54,1746.95,1.3199999999999998,-0.010000000000000009,0.020000000000000004,0.010000000000000009,0.3599999999999999,0.0,0.31000000000000005,0.0,-0.009999999999999995,0.020000000000000018,0.33999999999999975,0.02351213008199693,0.0333447606084043,0.02961101560523005,0.01374047170546433,-0.002700606770374314,0.00095489931024062,-0.01033593575402314,-0.061521581721209806,-0.01654554903688954,0.12268850669981513,-4.599999999999998
2021-03-02,0.13,1.42,-0.78,0.07,3870.29,13358.79,24.1,112.5342,59.7,1728.5,1.29,0.0,0.020000000000000004,-0.030000000000000027,0.2999999999999998,-0.07000000000000006,0.25,0.0,-0.009999999999999995,-0.029999999999999805,0.28,-0.008113671312553805,0.011428547330201155,-0.01707353659701205,-0.018834462232575788,7.020334535123851e-05,0.002206206381554665,-0.010617429870531048,-0.06636286122359447,-0.013972283195016644,0.08618942160292598,0.75
2021-03-03,0.14,1.47,-0.74,0.07,3819.72,12997.75,26.67,112.7617,61.33,1727.05,1.33,0.010000000000000009,0.030000000000000013,0.050000000000000044,0.32000000000000006,0.040000000000000036,0.30000000000000004,0.0,-0.009999999999999995,0.040000000000000036,0.29000000000000026,-0.013152318131986362,-0.0027320671277788477,-0.027398329585697212,-0.04606822702565694,0.002019566954608365,0.004488529363360527,-0.0008392296943195987,-0.06046622971731441,0.02693709923933607,0.09682771744247631,2.5700000000000003
2021-03-04,0.14,1.54,-0.66,0.07,3768.47,12723.47,28.57,112.7037,63.81,1710.05,1.4,0.0,0.030000000000000013,0.07000000000000006,0.3900000000000001,0.07999999999999996,0.36,0.0,-0.009999999999999995,0.06999999999999984,0.3600000000000001,-0.01350803796008293,-0.02703493485680042,-0.02132794610761657,-0.07960592687827095,-0.0005144913701116138,-0.00038323251771110733,-0.009892140832046259,-0.057660222554180685,0.03964079824236322,0.127171112756149,1.8999999999999986
2021-03-05,0.14,1.56,-0.66,0.07,3841.94,12920.15,24.66,113.7487,66.08,1696.05,1.42,0.0,0.05000000000000002,0.020000000000000018,0.3700000000000001,0.0,0.36,0.0,-0.009999999999999995,0.020000000000000018,0.32000000000000006,0.01930836381558443,-0.011616468026769411,0.015339788742878113,-0.06995189466172036,0.009229378163990276,0.013370903482493368,-0.008220591785949694,-0.06422340118206549,0.03495621133246729,0.1513298034856172,-3.91
2021-03-08,0.17,1.59,-0.62,0.07,3821.35,12609.16,25.47,114.2678,65.03,1694.45,1.4200000000000002,0.03,0.06000000000000001,0.030000000000000027,0.40000000000000013,0.040000000000000036,0.41000000000000003,0.0,0.0,2.220446049250313e-16,0.3400000000000003,-0.00537368403054117,-0.024362257187197756,-0.024364574234724046,-0.1037505485650474,0.004553187131723924,0.019663875171795908,-0.0009438136668755703,-0.06687982783038038,-0.016017427331662226,0.11526813209529951,0.8099999999999987
2021-03-09,0.17,1.55,-0.66,0.07,3875.44,13073.82,24.03,113.928,64.02,1702.85,1.3800000000000001,0.0,0.06000000000000001,-0.040000000000000036,0.3700000000000001,-0.040000000000000036,0.38,0.0,-0.009999999999999995,-0.040000000000000036,0.3100000000000003,0.014055441418612702,-0.009192697786826187,0.03618822335291583,-0.0689954211083208,-0.002978146408922022,0.01914584913130568,0.004945113541869439,-0.08101571525781104,-0.015653167339343632,0.09290757010214179,-1.4399999999999977
2021-03-10,0.16,1.53,-0.73,0.07,3898.81,13068.83,22.56,113.5881,64.45,1711.5,1.37,-0.010000000000000009,0.05,-0.020000000000000018,0.3800000000000001,-0.06999999999999995,0.33000000000000007,0.0,-0.009999999999999995,-0.010000000000000009,0.3300000000000003,0.006012173623114236,-0.002835304619834389,-0.00038175166332443666,-0.06686325358497314,-0.002987922638236107,0.017806453915104825,0.005066861045882831,-0.0742686370144714,0.006694194843479551,0.09362037481495378,-1.4700000000000024
2021-03-11,0.14,1.54,-0.74,0.07,3939.34,13398.67,21.91,112.9214,66.02,1736.35,1.4,-0.01999999999999999,0.030000000000000013,0.010000000000000009,0.3800000000000001,-0.010000000000000009,0.30000000000000004,0.0,-0.009999999999999995,0.029999999999999805,0.3500000000000001,0.010341818218279286,0.005845438833601335,0.024925442650495455,-0.04574090356294214,-0.005886745812470728,0.012423494127938639,0.014415029832131054,-0.058903849299189126,0.024067997039850297,0.12572878810756993,-0.6499999999999986
2021-03-12,0.14,1.64,-0.62,0.07,3943.34,13319.86,20.69,113.0269,65.59,1703.85,1.5,0.0,0.030000000000000013,0.09999999999999987,0.43999999999999995,0.12,0.39,0.0,-0.009999999999999995,0.10000000000000009,0.41000000000000014,0.001014883350162421,0.002160401034737802,-0.005899293753047985,-0.05659731462149864,0.0009338420131230762,0.013700809104462586,-0.01889481245683111,-0.06484659939188386,-0.006534481119402358,0.09744693275406036,-1.2199999999999989
2021-03-15,0.14,1.62,-0.65,0.07,3968.94,13459.71,20.03,113.1928,65.36,1727.9,1.48,0.0,,-0.019999999999999796,,-0.030000000000000027,,0.0,,-0.020000000000000018,,0.006470976590856381,,0.010444624118516543,,0.0014667160264218992,,0.014016401973536041,-0.050527621393813504,-0.003512794753897097,,-0.6600000000000001
2021-03-16,0.15,1.62,-0.68,0.07,3962.71,13471.57,19.79,112.9839,64.82,1732.3,1.4700000000000002,0.009999999999999981,0.01999999999999999,0.0,0.32000000000000006,-0.030000000000000027,0.2599999999999999,0.0,-0.009999999999999995,-0.009999999999999787,0.30000000000000027,-0.0015709218841468697,0.007629892751426226,0.0008807602733096331,-0.04186290506589252,-0.0018472288206670129,0.010642004801799665,0.0025432069658188894,-0.05128030579081688,-0.00829625283834634,0.0761036488513307,-0.240000000000002
2021-03-17,0.13,1.63,-0.67,0.07,3974.12,13525.2,19.23,113.1589,64.55,1736.95,1.5,-0.01999999999999999,0.020000000000000004,0.009999999999999787,0.33999999999999986,0.010000000000000009,0.25,0.0,-0.009999999999999995,0.029999999999999805,0.32000000000000006,0.002875205304977868,0.010825548928433903,0.00397307311557249,-0.03203539049750681,0.0015476949514408034,0.01011202807049738,0.0026806962799605927,-0.029442253704745625,-0.004174080420749959,0.05509193063097584,-0.5599999999999987
2021-03-18,0.16,1.71,-0.56,0.07,3915.46,13116.17,21.58,112.7744,59.95,1734.1,1.55,0.03,0.05,0.08000000000000007,0.41999999999999993,0.10999999999999999,0.30999999999999994,0.0,0.0,0.050000000000000044,0.3700000000000001,-0.01487052060181071,0.00038061519624932316,-0.03070879188681097,-0.0555478232227955,-0.003403662684518416,0.005460264919160629,-0.0016421547603524544,-0.027696615267897684,-0.07392923581912747,-0.007478223467245471,2.349999999999998
2021-03-19,0.16,1.74,-0.57,0.07,3913.1,13215.24,20.95,112.9756,61.43,1737.2,1.58,0.0,0.05,0.030000000000000027,0.3999999999999999,-0.009999999999999898,0.2300000000000001,0.0,0.0,0.030000000000000027,0.3500000000000001,-0.0006029206064699366,0.0016343111718288839,0.007524888904733018,-0.04867975163291227,0.0017825032405136554,0.01130323666705646,0.0017860748561631112,-0.02082132781358581,0.024387433702312222,0.038329038535889204,-0.629999999999999
2021-03-22,0.15,1.69,-0.64,0.07,3940.59,13377.54,18.88,113.0023,61.48,1733.4,1.54,-0.010000000000000009,0.039999999999999994,-0.050000000000000044,0.31999999999999984,-0.07000000000000006,0.15000000000000002,0.0,0.0,-0.040000000000000036,0.28,0.007000559550654373,0.01639777361501693,0.012206472222343834,-0.011557660465664199,0.0002363062947683403,0.00964171219702159,-0.0021898239604221104,-0.03703497819630819,0.0008136034945591675,-0.0030856703330064406,-2.0700000000000003
2021-03-23,0.15,1.63,-0.66,0.07,3910.52,13227.7,20.3,113.2916,57.75,1739.25,1.48,0.0,0.039999999999999994,-0.06000000000000005,0.2599999999999998,-0.020000000000000018,0.13,0.0,0.0,-0.06000000000000005,0.21999999999999997,-0.007660100809948389,0.007482173385843893,-0.011264065597197614,-0.017795463779719967,0.0025568533452133835,0.012376390104922308,0.003369188103506282,-0.03959657820004647,-0.06258856926849177,-0.06551207305610074,1.4200000000000017
2021-03-24,0.14,1.62,-0.69,0.07,3889.14,12961.89,21.2,113.6565,61.12,1734.05,1.48,-0.009999999999999981,0.020000000000000018,-0.009999999999999787,0.2400000000000002,-0.029999999999999916,0.10000000000000009,0.0,0.0,0.0,0.2200000000000002,-0.005482303984823744,-0.009287845876761125,-0.020299602072148204,-0.04790700327022357,0.003215715967194832,0.017174259642059653,-0.0029942728155489817,-0.041346639892204884,0.05671579545636174,-0.03362337162594198,0.8999999999999986
2021-03-25,0.14,1.63,-0.69,0.07,3909.52,12977.68,19.81,114.0016,58.47,1729.2,1.4899999999999998,0.0,-0.03,0.009999999999999787,0.08999999999999986,0.0,-0.08999999999999997,0.0,0.0,0.009999999999999787,0.11999999999999966,0.0052265508159266005,0.02072213972972925,0.0012174451581330459,-0.010863378667275825,0.0030317415838139183,0.01838079889397015,-0.002800839194724958,-0.035729242755865975,-0.04432534267068622,-0.08142313345822672,-1.3900000000000006
2021-03-26,0.14,1.67,-0.67,0.07,3974.54,13138.72,18.86,113.7406,60.93,1727.85,1.5299999999999998,0.0,0.0,0.040000000000000036,0.22999999999999998,0.019999999999999907,0.039999999999999925,0.0,0.0,0.040000000000000036,0.22999999999999998,0.016494413826352528,0.041978037274153834,0.012332637047638428,-0.00407352030581265,-0.002292066329956377,0.00803283818290712,-0.0007810127528520283,-0.021329484945608712,0.041211862072824346,-0.01012418837005935,-0.9499999999999993
2021-03-29,0.14,1.73,-0.63,0.07,3971.09,13059.65,20.74,113.9314,61.49,1723.95,1.5899999999999999,0.0,0.010000000000000009,0.06000000000000005,0.28,0.040000000000000036,0.07999999999999996,0.0,0.0,0.06000000000000005,0.27,-0.0008684019308251578,0.017597505261331747,-0.006036271728854459,-0.03972080763989716,0.0016760958279258276,0.012409540781207262,-0.002259691557747523,-0.013253240749333095,0.009148895704974791,0.01557025637180498,1.879999999999999
2021-03-30,0.16,1.73,-0.62,0.07,3958.55,13045.39,19.61,114.203,60.55,1696.7,1.57,0.01999999999999999,0.03,0.0,0.31000000000000005,0.010000000000000009,0.16000000000000003,0.0,0.0,-0.019999999999999796,0.28,-0.003162819611880252,0.0225483569620053,-0.0010925094478597686,-0.023739780490744877,0.0023810536974506746,0.014720391133306698,-0.01593298143398325,-0.0185687923127853,-0.015405089966276542,0.014137449600545082,-1.129999999999999
2021-03-31,0.16,1.74,-0.63,0.06,3972.89,13246.87,19.4,113.8234,59.19,1685.35,1.58,0.0,0.01999999999999999,0.010000000000000009,0.27,-0.010000000000000009,0.10999999999999999,-0.010000000000000009,-0.010000000000000009,0.010000000000000009,0.25,0.0036159929659937973,0.03931666805998546,0.015326483457409168,0.018985032552361503,-0.0033294421230287696,0.009371382055669564,-0.00671193069870224,-0.02444149331716794,-0.022716861296467883,-0.03551651093525887,-0.21000000000000085
2021-04-01,0.17,1.69,-0.66,0.07,4019.87,13480.11,17.33,113.7389,61.41,1715.85,1.52,0.010000000000000009,0.03,-0.050000000000000044,0.1499999999999999,-0.030000000000000027,0.0,0.010000000000000009,0.0,-0.06000000000000005,0.1200000000000001,0.011755774236888783,0.06458048025695717,0.01745396757697293,0.057766946236951,-0.0007426538041119812,0.009143219621669196,0.017935327289600345,0.003385974804478664,0.03682007963867395,-0.03833722953894814,-2.0700000000000003
2021-04-02,0.19,1.72,-0.64,0.07,,,,113.7315,,,1.53,0.01999999999999999,0.04999999999999999,0.030000000000000027,0.15999999999999992,0.020000000000000018,0.020000000000000018,0.0,0.0,0.010000000000000009,0.1100000000000001,,,,,-6.506341047085584e-05,-0.00015122195279193562,,,,,
2021-04-05,0.17,1.73,-0.62,0.07,4077.91,13705.59,17.91,113.394,58.73,,1.56,-0.01999999999999999,0.0,0.010000000000000009,0.1399999999999999,0.020000000000000018,0.0,0.0,0.0,0.030000000000000027,0.1399999999999999,,0.06498083893908024,,0.08338024485042617,-0.002971927400577279,-0.007676336485093138,,,,-0.1018980323466323,
2021-04-06,0.16,1.67,-0.65,0.07,4073.94,13698.38,18.12,113.1464,59.34,1731.05,1.51,-0.010000000000000009,-0.010000000000000009,-0.06000000000000005,0.11999999999999988,-0.030000000000000027,0.010000000000000009,0.0,0.0,-0.050000000000000044,0.1299999999999999,-0.0009740121110812794,0.04995138540938626,-0.0005262011428541769,0.04666582035465616,-0.0021859244407753664,-0.006884114516946482,,0.016424842872237555,0.010332945328247689,-0.07591191967904098,0.21000000000000085
2021-04-07,0.16,1.68,-0.66,0.07,4079.95,13688.84,17.16,113.2436,59.77,1736.0,1.52,0.0,0.0,0.010000000000000009,0.1499999999999999,-0.010000000000000009,0.06999999999999995,0.0,0.0,0.010000000000000009,0.1499999999999999,0.001474143283354934,0.04541335506962696,-0.0006966753387782632,0.046350896679202336,0.0008586952248119673,-0.0030374966538984083,0.0028554554237008034,0.014213437250055527,0.0072202479734864156,-0.07538586654903412,-0.9600000000000009
2021-04-08,0.14,1.64,-0.69,0.07,4097.17,13829.31,16.95,113.0917,59.61,1743.7,1.5,-0.01999999999999999,0.0,-0.040000000000000036,0.09999999999999987,-0.029999999999999916,0.050000000000000044,0.0,0.0,-0.020000000000000018,0.10000000000000009,0.004211758040806757,0.03928329489215443,0.010209350563661346,0.031634804592368226,-0.0013422565795613295,0.0015069925790109906,0.004425676103152476,0.004224083521076949,-0.0026805176043271928,-0.10213438119321161,-0.21000000000000085
2021-04-09,0.16,1.67,-0.64,0.07,4128.8,13900.19,16.69,113.2028,59.29,1747.95,1.51,0.01999999999999999,0.01999999999999999,0.030000000000000027,0.030000000000000027,0.04999999999999993,-0.020000000000000018,0.0,0.0,0.010000000000000009,0.010000000000000009,0.007690316372556794,0.0459587279145488,0.0051122562160603735,0.042646354561476585,0.0009819064000788913,0.0015550569659668056,0.002434380363933286,0.025553276341841347,-0.005382687512558881,-0.10098258758636813,-0.259999999999998
2021-04-12,0.18,1.69,-0.64,0.07,4127.99,13850.0,16.91,113.1815,59.7,1741.55,1.51,0.01999999999999999,0.03999999999999998,0.020000000000000018,0.06999999999999984,0.0,0.010000000000000009,0.0,0.0,0.0,0.030000000000000027,-0.00019620215667437435,0.03929154916701805,-0.0036172764746265074,0.028584453968333534,-0.00018817559400385875,-9.983465445895234e-05,-0.003668151412051124,0.007868722956254182,0.006891362679279922,-0.09057843015319111,0.21999999999999886
2021-04-13,0.16,1.64,-0.69,0.07,4141.59,13996.1,16.65,113.0391,60.2,1728.1,1.48,-0.01999999999999999,0.010000000000000009,-0.050000000000000044,0.019999999999999796,-0.04999999999999993,-0.009999999999999898,0.0,0.0,-0.030000000000000027,0.009999999999999787,0.003289166381145847,0.044151637432310764,0.01049348674511208,0.03819718044013598,-0.0012589482903679894,0.0004884458758400712,-0.007752982215384563,-0.0024274662249492707,0.008340331916219412,-0.07394184539862536,-0.26000000000000156
2021-04-14,0.16,1.64,-0.69,0.07,4124.66,13857.84,16.99,112.7849,63.15,1743.3,1.48,0.0,0.03,0.0,0.010000000000000009,0.0,-0.019999999999999907,0.0,0.0,0.0,-0.020000000000000018,-0.004096179929696575,0.03718025219763632,-0.009927581917509087,0.024296525407054403,-0.002251311706157999,-0.0033105607817587313,0.008757329689223603,0.0036491671843137397,0.04784049648172406,-0.021927268496151342,0.33999999999999986
2021-04-15,0.16,1.56,-0.77,0.07,4170.42,14038.76,16.57,112.6181,63.42,1748.0,1.4000000000000001,0.0,0.0,-0.07999999999999985,-0.1499999999999999,-0.08000000000000007,-0.20999999999999996,0.0,0.0,-0.07999999999999985,-0.1499999999999999,0.011033158016154232,0.06308393081560126,0.01297093814803496,0.06797625544190034,-0.0014800160640922044,-0.0013869141613325198,0.002692408466311136,0.00798373041097733,0.004266420313701502,0.05626838763667763,-0.41999999999999815
2021-04-16,0.16,1.59,-0.77,0.07,4185.47,14052.34,16.25,112.4814,63.16,1766.45,1.4300000000000002,0.0,0.0,0.030000000000000027,-0.1499999999999999,0.0,-0.20000000000000007,0.0,0.0,0.030000000000000027,-0.1499999999999999,0.0036022533265391843,0.06728910474861038,0.0009668543458882795,0.061418220883055596,-0.0012145741488085449,-0.00438399155065472,0.010499605626104191,0.01669726118091841,-0.004108079722760394,0.027772874211605014,-0.3200000000000003
2021-04-19,0.16,1.61,-0.73,0.07,4163.26,13914.77,17.29,112.1835,63.33,1788.4,1.4500000000000002,0.0,0.010000000000000009,0.020000000000000018,-0.07999999999999985,0.040000000000000036,-0.08999999999999997,0.0,0.0,0.020000000000000018,-0.08999999999999986,-0.005320582266875817,0.054967962931080194,-0.009838064039243477,0.039373684621468286,-0.0026519511912219684,-0.007272249036645029,0.012349482518240862,0.031236567659581382,0.0026879611408983095,0.029647231857944156,1.0399999999999991
2021-04-20,0.15,1.58,-0.74,0.07,4134.94,13786.27,18.68,112.2354,62.61,1765.5,1.4300000000000002,-0.010000000000000009,0.0,-0.030000000000000027,-0.04999999999999982,-0.010000000000000009,-0.07999999999999996,0.0,0.0,-0.020000000000000018,-0.04999999999999982,-0.006825603130707236,0.05580246061032135,-0.00927769655763555,0.04136005366103035,0.00046252789694012364,-0.009366574484918289,-0.01288742899138473,0.01497995056469037,-0.011434140771120482,0.08080166035531544,1.3900000000000006
2021-04-21,0.15,1.57,-0.76,0.07,4173.42,13950.22,17.5,112.1771,61.34,1781.05,1.4200000000000002,0.0,0.009999999999999981,-0.010000000000000009,-0.050000000000000044,-0.020000000000000018,-0.07000000000000006,0.0,0.0,-0.010000000000000009,-0.05999999999999983,0.009263025469113728,0.07054779006425882,0.011822109394344693,0.07348176512752325,-0.000519578912151708,-0.013101869364264829,0.008769141642815725,0.026743365023055077,-0.020492851071113094,0.0035930138278406076,-1.1799999999999997
2021-04-22,0.16,1.57,-0.76,0.07,4134.98,13818.41,18.71,112.2297,61.45,1785.65,1.4100000000000001,0.010000000000000009,0.01999999999999999,0.0,-0.05999999999999983,0.0,-0.07000000000000006,0.0,0.0,-0.010000000000000009,-0.07999999999999963,-0.009253351856793657,0.05606788739153856,-0.00949351768287876,0.06277080228651144,0.00046879150688283744,-0.01566481944119591,0.0025794165758066256,0.03212362079358666,0.0017916773259383234,0.04971003382446515,1.2100000000000009
2021-04-23,0.16,1.58,-0.76,0.07,4180.17,14016.81,17.33,112.0889,62.18,1785.3,1.4200000000000002,0.0,0.01999999999999999,0.010000000000000009,-0.08999999999999986,0.0,-0.08999999999999997,0.0,0.0,0.010000000000000009,-0.10999999999999965,0.010869423861540994,0.05044289742672703,0.0142555625506251,0.06469372778949811,-0.0012553575003666495,-0.014628110611606182,-0.00019602626814752,0.03270860727829117,0.011809568618563304,0.020307740370204108,-1.3800000000000026
2021-04-26,0.18,1.58,-0.78,0.07,4187.62,14138.78,17.64,111.8109,62.02,1779.65,1.4000000000000001,0.01999999999999999,0.03999999999999998,0.0,-0.1499999999999999,-0.020000000000000018,-0.15000000000000002,0.0,0.0,-0.020000000000000018,-0.18999999999999972,0.0017806378908797882,0.053091937248431975,0.008664053069425748,0.07939405258777832,-0.0024832549458144726,-0.018787461385346482,-0.0031697525803267013,0.03179854625571199,-0.002576490958304589,0.008582353706924728,0.3100000000000023
2021-04-27,0.17,1.63,-0.76,0.07,4186.72,14090.22,17.56,111.9097,63.03,1780.9,1.46,-0.009999999999999981,0.010000000000000009,0.04999999999999982,-0.10000000000000009,0.020000000000000018,-0.14,0.0,0.0,0.05999999999999983,-0.1100000000000001,-0.00021494231270047237,0.056039814547611755,-0.003440436990242546,0.07704612504539554,0.0008832446044122477,-0.02028527047838491,0.0007021387433709947,0.048433666433066236,0.01615388985271604,0.04014133352591731,-0.08000000000000185
2021-04-28,0.17,1.63,-0.78,0.07,4183.18,14051.03,17.28,111.7909,63.81,1764.15,1.46,0.0,0.010000000000000009,0.0,-0.1100000000000001,-0.020000000000000018,-0.15000000000000002,0.0,0.010000000000000009,0.0,-0.1200000000000001,-0.0008458882928294997,0.05157793328878846,-0.0027852369979903813,0.05893440458999599,-0.0010621340413790037,-0.018017962396735143,-0.009449866516805017,0.04569573061496346,0.012299114355236895,0.07515730917762209,-0.2799999999999976
2021-04-29,0.16,1.65,-0.77,0.06,4211.47,14082.55,17.61,111.7464,65.0,1774.65,1.49,-0.010000000000000009,-0.010000000000000009,0.020000000000000018,-0.040000000000000036,0.010000000000000009,-0.10999999999999999,-0.010000000000000009,-0.010000000000000009,0.030000000000000027,-0.030000000000000027,0.006740032543708807,0.04656219159560848,0.0022407395850976286,0.04372117659812069,-0.00039814384970959793,-0.01767345244233276,0.0059342324026268045,0.03369463572798992,0.018477352015381143,0.05681458155432928,0.3299999999999983
2021-04-30,0.16,1.65,-0.76,0.05,4181.17,13962.68,18.61,112.0839,63.5,1768.8,1.49,0.0,-0.03,0.0,-0.07000000000000006,0.010000000000000009,-0.12,-0.009999999999999995,-0.020000000000000004,0.0,-0.040000000000000036,-0.007220643718202524,,-0.008548386300025967,,0.0030156797875697805,-0.014592709244292124,-0.0033018698245452782,,-0.023347363996991,,1.0
2021-05-03,0.16,1.63,-0.79,0.06,4192.66,13895.12,18.31,112.005,64.46,,1.47,0.0,-0.010000000000000009,-0.020000000000000018,-0.10000000000000009,-0.030000000000000027,-0.17000000000000004,0.009999999999999995,-0.010000000000000009,-0.020000000000000018,-0.09000000000000008,0.002744265697041115,0.027750775107280745,-0.0048503566291024924,0.013733920547362999,-0.0007041848414663932,-0.012324966685181238,,,0.01500497048864613,0.09309420685286351,-0.3000000000000007
2021-05-04,0.16,1.61,-0.81,0.06,4164.66,13633.5,19.48,112.2896,65.72,1784.95,1.4500000000000002,0.0,0.0,-0.019999999999999796,-0.05999999999999983,-0.020000000000000018,-0.16000000000000003,0.0,-0.010000000000000009,-0.019999999999999796,-0.05999999999999983,-0.006700737740406026,0.022024049477955998,-0.01900770011245001,-0.004747578422232834,0.0025377352173237,-0.007601307027082171,,0.030662242820341135,0.019358416781775745,0.10211967830639157,1.1700000000000017
2021-05-05,0.16,1.59,-0.88,0.06,4167.59,13582.42,19.15,112.1514,65.63,1778.05,1.4300000000000002,0.0,0.0,-0.020000000000000018,-0.08999999999999986,-0.06999999999999995,-0.21999999999999997,0.0,-0.010000000000000009,-0.020000000000000018,-0.08999999999999986,0.0007032914568743109,0.021253197651475375,-0.0037536897504999445,-0.007804592833954516,-0.0012315042034769519,-0.00969150645537109,-0.0038731454536735654,0.023933641942966766,-0.001370384683436754,0.0935290456494684,-0.33000000000000185
2021-05-06,0.16,1.58,-0.87,0.06,4201.62,13632.84,18.39,111.8401,64.73,1793.15,1.4200000000000002,0.0,0.01999999999999999,-0.010000000000000009,-0.05999999999999983,0.010000000000000009,-0.18000000000000005,0.0,-0.010000000000000009,-0.010000000000000009,-0.07999999999999985,0.00813223411591224,0.02517367372658086,0.0037052784125553018,-0.01430866498506056,-0.0027795715500431584,-0.01112882142585292,0.008456591615294329,0.02796455745510862,-0.01380813592821184,0.08240142732558375,-0.759999999999998
2021-05-07,0.14,1.6,-0.89,0.06,4232.6,13752.24,16.69,111.0249,64.96,1820.5,1.46,-0.01999999999999999,-0.01999999999999999,0.020000000000000018,-0.06999999999999984,-0.020000000000000018,-0.25,0.0,-0.010000000000000009,0.039999999999999813,-0.050000000000000044,0.007346296237811245,0.02482965359183531,0.008720132028392058,-0.010700789172728875,-0.00731567213985862,-0.01942639996579043,0.015137338836931136,0.04066751592810647,0.003546923296003257,0.09133103813414589,-1.6999999999999993
2021-05-10,0.16,1.63,-0.91,0.06,4188.43,13401.86,19.66,110.7905,64.92,1834.15,1.47,0.01999999999999999,-0.01999999999999999,0.029999999999999805,-0.06000000000000005,-0.020000000000000018,-0.27,0.0,-0.010000000000000009,0.010000000000000009,-0.040000000000000036,-0.010490499399026021,0.014535356349483664,-0.025808216640886172,-0.03289172933898854,-0.002113469914627686,-0.021351694286414258,0.0074699702969969195,0.05180563763715451,-0.0006159532070322271,0.08382372224783374,2.969999999999999
2021-05-11,0.16,1.64,-0.89,0.06,4152.1,13389.43,21.84,110.8921,65.31,1837.15,1.48,0.0,0.0,0.010000000000000009,0.0,0.020000000000000018,-0.20000000000000007,0.0,-0.010000000000000009,0.010000000000000009,0.0,-0.008711731693216151,0.002534458275121665,-0.000927913578770756,-0.044313129662871376,0.0009166259067123761,-0.019176120089333892,0.0016342988411368609,0.061192918693675935,0.005989421268175477,0.08147281159978981,2.1799999999999997
2021-05-12,0.16,1.69,-0.85,0.06,4063.04,13031.68,27.59,111.5636,65.96,1833.6,1.53,0.0,0.0,0.050000000000000044,0.050000000000000044,0.040000000000000036,-0.16000000000000003,0.0,-0.010000000000000009,0.050000000000000044,0.050000000000000044,-0.021682768452684797,-0.015052130247866558,-0.027082273659003064,-0.06146782140436535,0.006037175397523242,-0.010887632985652651,-0.0019342102332018385,0.050501378771250494,0.00990333377683239,0.04353564889489814,5.75
2021-05-13,0.16,1.66,-0.85,0.06,4112.5,13124.99,23.13,111.5955,63.82,1814.3,1.5,0.0,0.0,-0.030000000000000027,0.09999999999999987,0.0,-0.07999999999999996,0.0,-0.010000000000000009,-0.030000000000000027,0.09999999999999987,0.012099654192200049,-0.01398563407182074,0.00713473051605007,-0.06730402903635024,0.0002858946842607679,-0.009121722237299679,-0.01058152914430277,0.03722744116063659,-0.032981876841300384,0.006287351739896252,-4.460000000000001
2021-05-14,0.16,1.63,-0.88,0.06,4173.85,13429.98,18.81,111.1353,65.32,1833.5,1.47,0.0,0.0,-0.030000000000000027,0.039999999999999813,-0.030000000000000027,-0.10999999999999999,0.0,-0.010000000000000009,-0.030000000000000027,0.039999999999999813,0.014807755166462044,-0.0027801322318978805,0.02297147475812622,-0.0452994086241123,-0.004132348600876412,-0.012039496689367546,0.010526990135263148,0.037254825669795544,0.023231647252166532,0.03362707871482318,-4.32
2021-05-17,0.16,1.64,-0.9,0.06,4163.29,13379.05,19.72,111.079,66.24,1848.45,1.48,0.0,0.0,0.010000000000000009,0.029999999999999805,-0.020000000000000018,-0.17000000000000004,0.0,-0.010000000000000009,0.010000000000000009,0.029999999999999805,-0.002533244169402593,7.205865575343751e-06,-0.0037994706461716987,-0.039260815231040525,-0.0005067180753410838,-0.009894263573486661,0.008120741540861509,0.03302608469241619,0.013986241974739855,0.04492535954866472,0.9100000000000001
2021-05-18,0.16,1.64,-0.88,0.06,4127.83,13303.64,21.34,110.8317,65.49,1867.4,1.48,0.0,0.010000000000000009,0.0,0.05999999999999983,0.020000000000000018,-0.14,0.0,-0.010000000000000009,0.0,0.04999999999999982,-0.008553781927838955,-0.0017209729315563749,-0.005652368691047016,-0.03563548736445199,-0.002228825400265144,-0.01258561687069193,0.010199638997583804,0.056113152681384726,-0.011387050847042168,0.04497244947274304,1.620000000000001
2021-05-19,0.16,1.68,-0.8,0.06,4115.68,13299.74,22.18,110.8807,63.28,1860.0,1.52,0.0,0.010000000000000009,0.040000000000000036,0.10999999999999988,0.07999999999999996,-0.040000000000000036,0.0,-0.010000000000000009,0.040000000000000036,0.09999999999999987,-0.002947775595103508,-0.01393177399577361,-0.00029319582909614894,-0.04775079258789283,0.00044201407587340924,-0.011624023882666812,-0.003970601342579094,0.043373409695989906,-0.03432813577056315,0.03113716477329298,0.8399999999999999
2021-05-20,0.15,1.63,-0.78,0.06,4159.12,13535.74,20.67,110.8605,61.95,1869.35,1.48,-0.010000000000000009,-0.010000000000000009,-0.050000000000000044,0.05999999999999983,0.020000000000000018,-0.020000000000000018,0.0,-0.010000000000000009,-0.040000000000000036,0.06999999999999984,0.01049944386861057,0.0058210217296306155,0.017589108477119808,-0.020668166427894263,-0.00018219437845434783,-0.012275009768003997,0.005014289133845828,0.04580828225402911,-0.021241715384246795,0.008103772063107861,-1.509999999999998
2021-05-21,0.17,1.63,-0.8,0.06,4155.86,13470.99,20.15,111.0576,63.61,1877.65,1.46,0.020000000000000018,0.010000000000000009,0.0,0.04999999999999982,-0.020000000000000018,-0.040000000000000036,0.0,-0.010000000000000009,-0.020000000000000018,0.039999999999999813,-0.0007841270013955182,-0.005832529133305897,-0.004795110260797486,-0.03971883923931685,0.0017763314648657769,-0.00924332080277157,0.0044302180812501035,0.05043452660342673,0.026443082615561053,0.02273728606010561,-0.5200000000000031
2021-05-24,0.15,1.61,-0.83,0.06,4197.05,13661.17,18.4,110.9118,66.13,1876.85,1.4600000000000002,-0.020000000000000018,-0.03,-0.019999999999999796,0.030000000000000027,-0.029999999999999916,-0.04999999999999993,0.0,-0.010000000000000009,2.220446049250313e-16,0.06000000000000005,0.009862511119054673,0.002249344094868988,0.014019017631326847,-0.03436387467741575,-0.001313694779265795,-0.008073760636222893,-0.00042615528677991676,0.05317812389697352,0.038851810995858216,0.06416558801426842,-1.75
2021-05-25,0.15,1.56,-0.86,0.06,4188.13,13657.17,18.84,110.842,66.27,1882.8,1.4100000000000001,0.0,-0.020000000000000018,-0.050000000000000044,-0.06999999999999984,-0.030000000000000027,-0.09999999999999998,0.0,-0.010000000000000009,-0.050000000000000044,-0.04999999999999982,-0.0021275639556268544,0.00033672245194260597,-0.00029284356432945913,-0.031216281251502664,-0.000629527000711505,-0.009586532241346646,0.0031651908914245297,0.05564117604502705,0.002114804413563931,0.050126502575116305,0.4400000000000013
2021-05-26,0.14,1.58,-0.82,0.06,4195.99,13738.0,17.36,110.8677,66.41,1904.3,1.44,-0.009999999999999981,-0.03,0.020000000000000018,-0.04999999999999982,0.040000000000000036,-0.039999999999999925,0.0,-0.010000000000000009,0.029999999999999805,-0.020000000000000018,0.0018749737128445076,0.0030575844576166133,0.005901057343924876,-0.022529986909587407,0.0002318346929808257,-0.008292563506986816,0.011354456437783433,0.0764454989996155,0.002110341452486786,0.039937729672366196,-1.4800000000000004
2021-05-27,0.14,1.61,-0.81,0.06,4200.88,13736.28,16.74,110.8688,66.87,1895.05,1.4700000000000002,0.0,-0.01999999999999999,0.030000000000000027,-0.039999999999999813,0.009999999999999898,-0.040000000000000036,0.0,0.0,0.03000000000000025,-0.019999999999999796,0.0011647198427056082,-0.0025177282433865855,-0.00012520801289461758,-0.024895934507579653,9.92168632585333e-06,-0.007884497970951365,-0.004869263572053306,0.06564200302493539,0.006902788513265534,0.028363166170250587,-0.620000000000001
2021-05-28,0.14,1.58,-0.84,0.05,4204.11,13748.74,16.76,110.7576,66.31,1892.45,1.44,0.0,-0.01999999999999999,-0.030000000000000027,-0.06999999999999984,-0.029999999999999916,-0.07999999999999996,-0.009999999999999995,0.0,-0.03000000000000025,-0.050000000000000044,0.000768591077205727,0.0054715065520216655,0.0009066757712794526,-0.015440872436274233,-0.0010034906430957946,-0.01190366840161694,-0.0013729375093900487,0.06757093534009062,-0.008409720685111033,0.04330080948213055,0.020000000000003126
2021-05-31,,,,,,,,,,,,,,,,,,,,,,,,,,,,,,,,
2021-06-01,0.16,1.62,-0.84,0.06,4202.04,13736.48,17.9,110.5046,67.8,1907.7,1.4600000000000002,,0.0,,0.010000000000000009,,-0.029999999999999916,,0.0,,0.010000000000000009,,0.008935482020417496,,0.007525068410764391,,-0.016024099322475394,,0.06650792432453567,,0.031158901777281756,
2021-06-02,0.13,1.59,-0.85,0.06,4208.12,13756.33,17.48,110.5799,68.79,1895.9,1.46,-0.03,-0.03,-0.030000000000000027,0.0,-0.010000000000000009,0.030000000000000027,0.0,0.0,-2.220446049250313e-16,0.029999999999999805,0.0014458704850337512,0.009678061048576936,0.0014440141585545518,0.012722772319818887,0.0006811875360934749,-0.014111407582904967,-0.0062046681334795295,0.06417640164472971,0.014496190591573033,0.04702547705229154,-0.41999999999999815
2021-06-03,0.16,1.63,-0.79,0.06,4192.85,13614.51,18.04,111.1782,68.81,1892.15,1.47,0.03,0.0,0.039999999999999813,0.04999999999999982,0.05999999999999994,0.07999999999999996,0.0,0.0,0.010000000000000009,0.04999999999999982,-0.0036352984992422677,-0.002089471566577572,-0.010362946053263045,-0.0013454521459994595,0.005395982845325165,-0.005935853187536644,-0.0019799111548230997,0.05373989887461228,0.00029069767646650035,0.06112431065696988,0.5599999999999987
2021-06-04,0.14,1.56,-0.84,0.06,4229.89,13814.49,16.42,110.7521,69.57,1869.55,1.42,-0.01999999999999999,0.0,-0.06999999999999984,-0.040000000000000036,-0.04999999999999993,0.050000000000000044,0.0,0.0,-0.050000000000000044,-0.040000000000000036,0.008795294352097471,-0.0006404734522913458,0.014581905537877304,0.004516321363485787,-0.0038399490612830434,-0.002460130108961067,-0.012015988474629147,0.026586571563051997,0.010984356721160715,0.06856174408212734,-1.6199999999999974
2021-06-07,0.16,1.57,-0.82,0.06,4226.52,13881.72,16.42,110.5155,69.21,1882.05,1.4100000000000001,0.01999999999999999,0.0,0.010000000000000009,-0.05999999999999983,0.020000000000000018,0.09000000000000008,0.0,0.0,-0.009999999999999787,-0.05999999999999983,-0.000797028568481295,0.00905299737825338,0.004854825410921748,0.03517936341529371,-0.002138587756864041,-0.0024852479511974224,0.006663848095278091,0.02578044936133317,-0.005188079081777985,0.06398961820738158,0.0
2021-06-08,0.14,1.53,-0.83,0.06,4227.26,13924.91,17.07,110.649,70.11,1892.05,1.3900000000000001,-0.01999999999999999,-0.01999999999999999,-0.040000000000000036,-0.10999999999999988,-0.010000000000000009,0.06000000000000005,0.0,0.0,-0.020000000000000018,-0.08999999999999986,0.00017506961427571355,0.017939798685745245,0.003106455887117221,0.039213732881181684,0.0012072463366772368,-0.0021946275212325617,0.005299289050127776,0.029445439570324083,0.012920076365104727,0.07092027330431083,0.6499999999999986
2021-06-09,0.16,1.5,-0.82,0.06,4219.55,13911.75,17.89,110.5707,69.9,1890.45,1.34,0.01999999999999999,0.0,-0.030000000000000027,-0.18999999999999995,0.010000000000000009,0.030000000000000027,0.0,0.0,-0.050000000000000044,-0.18999999999999995,-0.001825541746812931,0.03779702539161711,-0.0009455158040090339,0.06535049073617571,-0.0007078935851527746,-0.008939696503908579,-0.0008460013723352588,0.030533648431190663,-0.0029997879791121562,0.058017151548366286,0.8200000000000003
2021-06-10,0.14,1.45,-0.9,0.06,4239.18,14020.33,16.1,110.5456,70.34,1882.0,1.31,-0.01999999999999999,-0.01999999999999999,-0.050000000000000044,-0.20999999999999996,-0.08000000000000007,-0.050000000000000044,0.0,0.0,-0.030000000000000027,-0.18999999999999995,0.004641367023083376,0.03033873822250044,0.007774612339812137,0.06599037255993778,-0.00022702984906874946,-0.009452621037238096,-0.004479854806286099,0.036635322769207335,0.006274977806072002,0.09727400619573867,-1.7899999999999991
2021-06-11,0.16,1.47,-0.85,0.06,4247.44,14069.42,15.65,111.0933,71.0,1891.95,1.31,0.01999999999999999,0.0,0.020000000000000018,-0.15999999999999992,0.050000000000000044,0.030000000000000027,0.0,0.0,0.0,-0.15999999999999992,0.0019465941937433229,0.017477577249781717,0.00349522868492258,0.04651412648673414,0.00494228328014934,-0.00037798915621234386,0.0052730020559872415,0.03138133468993143,0.009339249995479193,0.08338160893905133,-0.45000000000000107
2021-06-14,0.16,1.51,-0.85,0.06,4255.15,14174.14,16.39,110.9659,70.94,1859.75,1.35,0.0,0.0,0.040000000000000036,-0.1299999999999999,0.0,0.050000000000000044,0.0,0.0,0.040000000000000036,-0.1299999999999999,0.0018135655401927409,0.02182438695937705,0.007415529761805928,0.05772912689471177,-0.0011474418891728178,-0.0010187129700440778,-0.017165973129861456,0.006094620019208463,-0.0008454276958396179,0.06854993926847186,0.7400000000000002
2021-06-15,0.16,1.51,-0.87,0.06,4246.59,14072.86,17.02,111.3507,72.06,1863.85,1.35,0.0,0.0,0.0,-0.1299999999999999,-0.020000000000000018,0.010000000000000009,0.0,0.0,0.0,-0.1299999999999999,-0.0020137061101781484,0.028364462777037858,-0.0071710577419743515,0.05621043784378443,0.0034617332603499307,0.004671845690570997,0.0022021708330282053,-0.0019028481453471358,0.01566465597447131,0.09560164608998534,0.629999999999999
2021-06-16,0.21,1.57,-0.75,0.06,4223.7,14039.68,18.15,111.1165,72.03,1858.1,1.36,0.04999999999999999,0.04999999999999999,0.06000000000000005,-0.10999999999999988,0.12,0.050000000000000044,0.0,0.0,0.010000000000000009,-0.15999999999999992,-0.005404786783293147,0.025907451588848218,-0.002360513522194907,0.054143120150685675,-0.0021054796978452472,0.0021243519168523406,-0.0030897806657694815,-0.001022027468537523,-0.0004164064186760186,0.12951337544187247,1.129999999999999
2021-06-17,0.23,1.52,-0.75,0.1,4221.86,14161.35,17.75,112.5772,71.06,1806.75,1.29,0.020000000000000018,0.08000000000000002,-0.050000000000000044,-0.10999999999999988,0.0,0.030000000000000027,0.04000000000000001,0.04000000000000001,-0.07000000000000006,-0.18999999999999995,-0.00043573191810075684,0.014972275802136892,0.008628816389020244,0.04518282806258611,0.013060008054055494,0.015366554349362183,-0.02802480907561833,-0.03406112567800168,-0.013558108308390437,0.13719698251772883,-0.3999999999999986
2021-06-18,0.26,1.45,-0.79,0.1,4166.45,14030.38,20.7,113.0408,71.64,1792.35,1.19,0.03,0.09,-0.07000000000000006,-0.17999999999999994,-0.040000000000000036,0.010000000000000009,0.0,0.04000000000000001,-0.10000000000000009,-0.27,-0.013211434948255274,0.002544967855277136,-0.009291444138323612,0.040686494185059985,0.004109606968177637,0.017699829852674043,-0.008002043199218711,-0.046493386958470495,0.008128986599630572,0.11888288650179835,2.9499999999999993
2021-06-21,0.27,1.5,-0.75,0.1,4224.79,14141.48,17.89,112.8391,73.64,1782.45,1.23,0.010000000000000009,0.12000000000000002,0.050000000000000044,-0.1100000000000001,0.040000000000000036,0.07999999999999996,0.0,0.04000000000000001,0.040000000000000036,-0.2300000000000002,0.013905201143733947,0.00658765787995641,0.007887344034944732,0.03455482058867787,-0.001785905285148992,0.017227619346790846,-0.0055387855597270885,-0.05160601723141767,0.02753477917236591,0.10756585467830604,-2.8099999999999987
2021-06-22,0.25,1.48,-0.83,0.1,4246.44,14253.27,16.66,112.9174,73.15,1779.1,1.23,-0.020000000000000018,0.1,-0.020000000000000018,-0.08000000000000007,-0.07999999999999996,0.030000000000000027,0.0,0.04000000000000001,0.0,-0.18000000000000016,0.005111429423335423,0.013826651258918687,0.007874031473038556,0.042721695626045886,0.0006936677627411569,0.018550814110243508,-0.001881203963415068,-0.056652412086257264,-0.006676228898744085,0.09877482136599802,-1.2300000000000004
2021-06-23,0.26,1.5,-0.84,0.1,4241.84,14271.73,16.32,112.3819,73.11,1782.9,1.24,0.010000000000000009,0.12,0.020000000000000018,-0.08000000000000007,-0.010000000000000009,-0.020000000000000018,0.0,0.04000000000000001,0.010000000000000009,-0.19999999999999996,-0.0010838474815404453,0.010867830064533734,0.0012943034234567108,0.03811494170557772,-0.004753685505584748,0.013565293911677934,0.002133633599994411,-0.06587323492404629,-0.00054697116090896,0.09611750875260228,-0.33999999999999986
2021-06-24,0.26,1.49,-0.81,0.1,4266.49,14369.71,15.97,112.326,73.31,1780.2,1.23,0.0,0.12,-0.010000000000000009,-0.1200000000000001,0.029999999999999916,0.0,0.0,0.04000000000000001,-0.010000000000000009,-0.2400000000000002,0.0057943377765710125,0.015497447998399139,0.006841861457528964,0.0450820111760013,-0.0004975348098854582,0.013057837415466622,-0.0015155345158932576,-0.06251950586788624,0.0027318689302715526,0.0919465891696083,-0.34999999999999964
2021-06-25,0.28,1.54,-0.8,0.1,4280.7,14360.39,15.62,111.9655,74.21,1783.25,1.26,0.020000000000000018,0.14,0.050000000000000044,-0.040000000000000036,0.010000000000000009,0.039999999999999925,0.0,0.05,0.030000000000000027,-0.17999999999999994,0.003325072472303958,0.01805392939349737,-0.0006487969291395501,0.0435265384755823,-0.003214569526122979,0.010846758532439438,0.0017118246333165388,-0.05943474372517965,0.012201886746546542,0.11255819660126587,-0.3500000000000014
2021-06-28,0.25,1.49,-0.84,0.1,4290.61,14500.51,15.76,112.0248,72.98,1774.25,1.24,-0.030000000000000027,,-0.050000000000000044,,-0.039999999999999925,,0.0,,-0.020000000000000018,,0.002312366351411299,,0.009710099196128752,,0.0005294872267720407,,-0.005059743753055734,,-0.016713480973740147,,0.14000000000000057
2021-06-29,0.27,1.49,-0.83,0.1,4291.8,14528.33,16.02,112.2613,73.14,1769.6,1.22,0.020000000000000018,0.11000000000000001,0.0,-0.13000000000000012,0.010000000000000009,0.010000000000000009,0.0,0.04000000000000001,-0.020000000000000018,-0.2400000000000002,0.00027731138634301544,0.021136103706220766,0.001916715136884406,0.056045468703109336,0.002108914352278113,0.015772040656490738,-0.0026242660770758874,-0.07514479561345588,0.0021899817129327204,0.07581321777488537,0.2599999999999998
2021-06-30,0.25,1.45,-0.87,0.08,4297.5,14503.95,15.83,112.5533,73.52,1757.8,1.2,-0.020000000000000018,0.12,-0.040000000000000036,-0.14000000000000012,-0.040000000000000036,-0.020000000000000018,-0.020000000000000004,0.020000000000000004,-0.020000000000000018,-0.26,0.0013272329146101214,0.021017466135797136,-0.001679510236938242,0.05292194430761654,0.002597697517884079,0.017688550638281342,-0.006690505197471275,-0.07563063267744763,0.005182065326196472,0.0664990925095088,-0.1899999999999995
2021-07-01,0.25,1.48,-0.87,0.1,4319.94,14522.38,15.48,112.74,75.33,1774.0,1.23,0.0,0.09,0.030000000000000027,-0.1499999999999999,0.0,-0.07999999999999996,0.020000000000000004,0.04000000000000001,0.030000000000000027,-0.24,0.005208054995812006,0.02986081963085141,0.0012698816885681197,0.0645547720494477,0.0016573954284311299,0.013949963221387307,0.009173856738979858,-0.06447686478364467,0.024320983790172335,0.09052937862321464,-0.34999999999999964
2021-07-02,0.24,1.44,-0.89,0.1,4352.34,14639.33,15.07,112.5425,75.37,1783.5,1.2,-0.010000000000000009,0.09999999999999998,-0.040000000000000036,-0.1200000000000001,-0.020000000000000018,-0.050000000000000044,0.0,0.04000000000000001,-0.030000000000000027,-0.21999999999999997,0.007472118231364178,0.028537643510118116,0.008020834648291952,0.057993701159862354,-0.0017533545712336007,0.01603655771143675,0.005340841929421636,-0.04712003437959389,0.0005308560177752497,0.08007587791982917,-0.41000000000000014
2021-07-05,,,,,,,,,,1790.95,,,,,,,,,,,,,,,,,,0.00416847950746746,-0.04961540296740452,,,
2021-07-06,0.22,1.37,-0.94,0.1,4343.54,14663.64,16.44,112.9516,73.62,1807.8,1.1500000000000001,,0.07999999999999999,,-0.15999999999999992,,-0.10999999999999999,,0.04000000000000001,,-0.24,,0.027135654800831688,,0.05169163772111318,,0.020596379423092337,0.009364431057896638,-0.04555026095963566,,0.048851290731998454,
2021-07-07,0.22,1.33,-0.95,0.1,4358.13,14665.06,16.2,113.1048,72.22,1804.25,1.11,0.0,0.06,-0.040000000000000036,-0.16999999999999993,-0.010000000000000009,-0.13,0.0,0.04000000000000001,-0.040000000000000036,-0.22999999999999998,0.0033533824363036757,0.032314578983948294,9.683347718159041e-05,0.052733987002303806,0.0013554141661487051,0.022659687174393817,-0.001965643411927509,-0.04666990299922791,-0.019199712101563016,0.032651366609547594,-0.240000000000002
2021-07-08,0.19,1.3,-0.92,0.1,4320.82,14559.78,19.0,113.0776,72.98,1810.25,1.11,-0.03,0.04999999999999999,-0.030000000000000027,-0.1499999999999999,0.029999999999999916,-0.020000000000000018,0.0,0.04000000000000001,0.0,-0.19999999999999996,-0.008597867216574073,0.019075344744290845,-0.007204861030789544,0.037754513631702125,-0.00024051385192791486,0.02264620317153465,0.0033199643165469084,-0.0388700838763949,0.010468415158990219,0.03684480396246581,2.8000000000000007
2021-07-09,0.23,1.37,-0.91,0.1,4369.55,14701.92,16.18,112.8375,74.56,1803.4,1.1400000000000001,0.04000000000000001,0.07,0.07000000000000006,-0.09999999999999987,0.010000000000000009,-0.06000000000000005,0.0,0.04000000000000001,0.030000000000000027,-0.16999999999999993,0.011214829918571922,0.028343580469119445,0.00971516473627787,0.043974449683057415,-0.002125578063610689,0.015578341827774622,-0.0037911852031236037,-0.047934271135505746,0.02141873936903327,0.048924293336019886,-2.8200000000000003
2021-07-12,0.23,1.38,-0.95,0.1,4384.63,14733.24,16.17,112.7611,74.21,1802.95,1.15,0.0,0.07,0.009999999999999787,-0.13000000000000012,-0.039999999999999925,-0.09999999999999998,0.0,0.04000000000000001,0.009999999999999787,-0.20000000000000018,0.003445214723939216,0.02997522965286592,0.002128068053295351,0.03868698797454684,-0.0006773091935921016,0.01604847452335534,-0.0002495598055292092,-0.0310178578111735,-0.0047052583952931215,0.04506446263656638,-0.00999999999999801
2021-07-13,0.26,1.42,-0.94,0.1,4369.21,14677.65,17.12,113.0063,75.24,1807.85,1.16,0.03,0.1,0.040000000000000036,-0.09000000000000008,0.010000000000000009,-0.06999999999999995,0.0,0.04000000000000001,0.010000000000000009,-0.19000000000000017,-0.0035230289676473348,0.028465906795396734,-0.003780236925797098,0.04207780879072409,0.002172147939951685,0.014758889202957093,0.0027140816483219865,-0.030505946995879718,0.01378409245078771,0.043183899112882784,0.9499999999999993
2021-07-14,0.23,1.37,-0.97,0.1,4374.3,14644.95,16.33,112.8801,73.06,1813.05,1.1400000000000001,-0.03,0.020000000000000018,-0.04999999999999982,-0.19999999999999996,-0.030000000000000027,-0.21999999999999997,0.0,0.04000000000000001,-0.019999999999999796,-0.21999999999999997,0.0011642922750674245,0.035034985853757306,-0.0022303624886994555,0.04220795982421954,-0.001117375929940323,0.015746992970862017,0.0028722160649765627,-0.024543950265133674,-0.02940198306569375,0.014198322465865054,-0.7900000000000027
2021-07-15,0.23,1.31,-1.01,0.1,4360.03,14543.13,17.01,113.0041,71.67,1832.0,1.08,0.0,0.0,-0.06000000000000005,-0.20999999999999996,-0.040000000000000036,-0.26,0.0,0.0,-0.06000000000000005,-0.20999999999999996,-0.0032675689369963123,0.03220314883486175,-0.006976848975273953,0.026602294459925346,0.0010979077992692154,0.0037848927160757384,0.010397756260499769,0.013878615070984424,-0.019208771361308052,0.00854765941294744,0.6800000000000033
2021-07-16,0.25,1.31,-1.02,0.1,4327.16,14427.24,18.45,113.0428,71.76,1822.0,1.06,0.01999999999999999,-0.010000000000000009,0.0,-0.1399999999999999,-0.010000000000000009,-0.22999999999999998,0.0,0.0,-0.020000000000000018,-0.1299999999999999,-0.007567500391697735,0.03784708339141929,-0.008000630863659097,0.02789310773458986,0.00034240682246178267,1.769257035988403e-05,-0.005473467414171651,0.016407190856031484,0.001254967744712232,0.0016736405580290992,1.4399999999999977
2021-07-19,0.21,1.19,-1.05,0.1,4258.49,14274.98,22.5,113.5472,66.45,1803.25,0.98,-0.04000000000000001,-0.060000000000000026,-0.1200000000000001,-0.31000000000000005,-0.030000000000000027,-0.30000000000000004,0.0,0.0,-0.08000000000000007,-0.25,-0.015996800327963356,0.007945081919721986,-0.010609731810113487,0.009396031889531642,0.004452101444468504,0.00625569929997738,-0.01034420643612144,0.011601769979637133,-0.07687743259128599,-0.1027385712056228,4.050000000000001
2021-07-20,0.2,1.23,-1.03,0.1,4323.06,14498.88,19.73,113.7502,67.32,1815.3,1.03,-0.009999999999999981,-0.04999999999999999,0.040000000000000036,-0.25,0.020000000000000018,-0.20000000000000007,0.0,0.0,0.050000000000000044,-0.19999999999999996,0.015048847488143835,0.017882499984530398,0.015563050573645043,0.01708505099013813,0.0017862065643798886,0.007348238101616111,0.006660150912603413,0.020143124855655614,0.013007584163350572,-0.08305475814352814,-2.7699999999999996
2021-07-21,0.22,1.3,-0.98,0.1,4358.69,14631.95,17.91,113.3926,70.26,1805.9,1.08,0.01999999999999999,-0.04000000000000001,0.07000000000000006,-0.19999999999999996,0.050000000000000044,-0.14,0.0,0.0,0.050000000000000044,-0.15999999999999992,0.00820806865888457,0.027174416124955414,0.00913608885092465,0.02492683641760607,-0.0031486826387912004,0.00895324096840966,-0.005191660838088197,0.012817830417573006,0.04274527751507584,-0.03976250946754334,-1.8200000000000003
2021-07-22,0.2,1.27,-1.01,0.1,4367.48,14684.6,17.69,113.4695,72.15,1797.4,1.07,-0.01999999999999999,-0.06,-0.030000000000000027,-0.21999999999999997,-0.030000000000000027,-0.19999999999999996,0.0,0.0,-0.010000000000000009,-0.15999999999999992,0.002014630238242887,0.02339470858662729,0.0035918316858047916,0.021676806645881896,0.0006779449096638857,0.010128720687959003,-0.004717906234024127,0.009615458699442136,0.026544638382199004,-0.015949740015615888,-0.21999999999999886
2021-07-23,0.22,1.3,-1.05,0.1,4411.79,14836.99,17.2,113.4398,72.24,1803.05,1.08,0.01999999999999999,-0.060000000000000026,0.030000000000000027,-0.24,-0.040000000000000036,-0.25,0.0,0.0,0.010000000000000009,-0.17999999999999994,0.010094319060165446,0.030163955174488777,0.010324061377051663,0.03264966495207311,-0.0002617786064265104,0.013081511607655472,0.0031384991530449824,0.01104213321917058,0.0012466238888499959,-0.026905002873312434,-0.490000000000002
2021-07-26,0.22,1.29,-1.11,0.1,4422.3,14840.71,17.58,113.2238,72.15,1808.15,1.07,0.0,-0.03,-0.010000000000000009,-0.19999999999999996,-0.06000000000000005,-0.27000000000000013,0.0,0.0,-0.010000000000000009,-0.16999999999999993,0.0023794199422138007,0.03023100876529128,0.00025069328279947456,0.023190259038743832,-0.0019059087156891863,0.010646115665194245,0.002824547735201577,0.01892642470742789,-0.0012466238888499959,-0.011438145788422283,0.379999999999999
2021-07-27,0.2,1.25,-1.13,0.1,4401.46,14660.58,19.36,113.2227,71.68,1797.15,1.05,-0.01999999999999999,-0.07,-0.040000000000000036,-0.24,-0.019999999999999796,-0.29999999999999993,0.0,0.0,-0.020000000000000018,-0.16999999999999993,-0.004723618672649366,0.025230078706298897,-0.012211821146710378,0.009061722755149049,-9.715319071013084e-06,0.008527485993845119,-0.006102146358501592,0.015448544426002186,-0.006535516553205056,-0.02016364405456006,1.7800000000000011
2021-07-28,0.2,1.26,-1.15,0.1,4400.64,14762.58,18.31,113.1807,72.37,1799.3,1.06,0.0,-0.04999999999999999,0.010000000000000009,-0.18999999999999995,-0.020000000000000018,-0.2799999999999999,0.0,0.020000000000000004,0.010000000000000009,-0.1399999999999999,-0.0001863191743716186,0.023716526617317157,0.006933341531302872,0.017674574523390163,-0.0003710191673960139,0.005558769308565026,0.0011956236044543544,0.023334673227927816,0.009580080211361697,-0.015765629169394835,-1.0500000000000007
2021-07-29,0.2,1.28,-1.15,0.1,4419.15,14778.26,17.7,112.4834,73.62,1819.45,1.08,0.0,-0.04999999999999999,0.020000000000000018,-0.19999999999999996,0.0,-0.2799999999999999,0.0,0.0,0.020000000000000018,-0.1499999999999999,0.004197385011620369,0.02270585663312552,0.0010615812869598784,0.017466274121781922,-0.006180001332035445,-0.0022786274519015493,0.011136557239213474,0.025297373728161432,0.01712487907283844,-0.02296173388672873,-0.6099999999999994
2021-07-30,0.19,1.24,-1.16,0.07,4395.26,14672.68,18.24,112.6714,73.93,1828.25,1.05,-0.010000000000000009,-0.04999999999999999,-0.040000000000000036,-0.19999999999999996,-0.010000000000000009,-0.2699999999999999,-0.03,-0.03,-0.030000000000000027,-0.1499999999999999,-0.005420682382194286,0.009813056019567057,-0.0071699207089643835,0.002275518764525586,0.0016699625652289996,0.001144689684561051,0.004824967553374471,0.024781499352114267,0.004201971618133626,-0.019290618286370353,0.5399999999999991
2021-08-02,0.17,1.2,-1.17,0.1,4387.16,14681.07,19.46,112.6691,71.31,1807.55,1.03,-0.01999999999999999,,-0.040000000000000036,,-0.010000000000000009,,0.03,,-0.020000000000000018,,-0.0018445946098477606,,0.0005716475904087304,,-2.04135519359383e-05,,-0.011386887983451999,0.009226131861194808,-0.03608212952879608,,1.2200000000000024
2021-08-03,0.17,1.19,-1.19,0.1,4423.15,14761.29,18.04,112.8228,70.64,1809.7,1.02,0.0,-0.04999999999999999,-0.010000000000000009,-0.18000000000000016,-0.020000000000000018,-0.25,0.0,0.0,-0.010000000000000009,-0.13000000000000012,0.008170019032652576,0.01816242810586388,0.005449304913767605,0.006637253409412125,0.001363242083670002,-0.0011409620751736682,0.0011887484985466656,0.0010504493018448358,-0.009440013744507425,-0.04132017165516988,-1.4200000000000017
2021-08-04,0.17,1.19,-1.16,0.1,4402.66,14780.53,17.97,112.8953,68.19,1812.45,1.02,0.0,-0.04999999999999999,0.0,-0.14000000000000012,0.030000000000000027,-0.20999999999999996,0.0,0.0,0.0,-0.09000000000000008,-0.00464320822964126,0.010165837439918946,0.0013025604191163609,0.007842980351346895,0.000642394229733334,-0.0018539820115890393,0.001518435475271751,0.004534528189044096,-0.03529862976314391,-0.05741908931675077,-0.07000000000000028
2021-08-05,0.21,1.23,-1.1,0.1,4429.1,14895.12,17.28,112.7674,69.1,1811.2,1.02,0.03999999999999998,0.01999999999999999,0.040000000000000036,-0.07000000000000006,0.05999999999999983,-0.18000000000000005,0.0,0.0,0.0,-0.09000000000000008,0.005987499431546084,0.024751204088039103,0.0077228683811458865,0.022770709763282326,-0.0011335503270615277,-0.002747018486722652,-0.0006899121325627533,0.0005246517399344341,0.013256804241063236,-0.054630700234677754,-0.6899999999999977
2021-08-06,0.21,1.31,-1.06,0.1,4436.52,14835.76,16.15,113.3088,68.26,1799.45,1.1,0.0,-0.020000000000000018,0.08000000000000007,-0.06000000000000005,0.040000000000000036,-0.15000000000000002,0.0,0.0,0.08000000000000007,-0.040000000000000036,0.0016738821949289218,0.015210256364396102,-0.003993159898140419,0.009062385128864037,0.004789544719560723,0.00416810429644876,-0.006508546371773782,-0.0021927094287157445,-0.01223078729506355,-0.08828022689877457,-1.1300000000000026
2021-08-09,0.23,1.33,-1.04,0.1,4432.35,14860.18,16.72,113.4521,66.56,1741.5,1.1,0.020000000000000018,0.0,0.020000000000000018,-0.04999999999999982,0.020000000000000018,-0.09000000000000008,0.0,0.0,0.0,-0.04999999999999982,-0.0009403678951880323,0.010824673745268854,0.0016446696420153728,0.008578986717584058,0.0012638864907987823,0.006109299980839644,-0.03273425183103473,-0.03467740145422127,-0.025220146965607704,-0.10879511546908915,0.5700000000000003
2021-08-10,0.24,1.36,-1.04,0.1,4436.75,14788.09,16.79,113.4973,68.33,1729.55,1.12,0.009999999999999981,-0.020000000000000018,0.030000000000000027,-0.05999999999999983,0.0,-0.10000000000000009,0.0,0.0,0.020000000000000018,-0.039999999999999813,0.0009922089864762285,0.015339911699392417,-0.004863025199878024,0.007496198443503133,0.00039832668072836697,0.004335478721616326,-0.006885551757100039,-0.044277034859643294,0.02624511227973425,-0.09633409564014261,0.07000000000000028
2021-08-11,0.23,1.35,-1.07,0.1,4447.7,14765.14,16.06,113.282,69.3,1734.05,1.12,-0.009999999999999981,0.0,-0.010000000000000009,-0.020000000000000018,-0.030000000000000027,-0.10000000000000009,0.0,0.0,0.0,-0.020000000000000018,0.0024649821979920716,0.016640601622317064,-0.001553130037789785,0.008173430894412803,-0.0018987629354629831,0.003554091716093666,0.0025984539392460704,-0.044550796985373786,0.014095997403170024,-0.05283611517127884,-0.7300000000000004
2021-08-12,0.23,1.36,-1.05,0.1,4460.83,14816.26,15.59,113.2691,69.12,1755.5,1.1300000000000001,0.0,0.0,0.010000000000000009,0.050000000000000044,0.020000000000000018,-0.040000000000000036,0.0,0.0,0.010000000000000009,0.050000000000000044,0.002947738741944761,0.022855909301258137,0.0034562293121975785,0.018606509181884334,-0.00011388159239889006,0.0023423023244255603,0.01229400362028521,-0.042654549625588345,-0.0026007817000568423,-0.03622812551002763,-0.46999999999999886
2021-08-13,0.23,1.29,-1.08,0.1,4468.0,14822.9,15.45,113.0615,68.36,1757.65,1.06,0.0,-0.01999999999999999,-0.07000000000000006,-0.020000000000000018,-0.030000000000000027,-0.06000000000000005,0.0,0.0,-0.07000000000000006,0.0,0.001606033834480769,0.03202944352743664,0.00044805589032037574,0.027055195935863807,-0.0018344851135490003,0.0001654103884147773,0.0012239729407577116,-0.03595710927065898,-0.01105626624840994,-0.048539359503149804,-0.14000000000000057
2021-08-16,0.21,1.26,-1.1,0.1,4479.71,14793.76,16.12,113.1698,67.44,1775.75,1.05,-0.020000000000000018,0.0,-0.030000000000000027,0.07000000000000006,-0.020000000000000018,-0.050000000000000044,0.0,0.0,-0.010000000000000009,0.07000000000000006,0.0026174309818660646,0.05064367483726606,-0.00196781199522178,0.035697115750755515,0.0009574272726444732,-0.003329263783409253,0.010245179328674858,-0.015367723505862685,-0.01354954455379076,0.014788528534345424,0.6700000000000017
2021-08-17,0.23,1.26,-1.07,0.1,4448.08,14656.18,17.91,113.6174,66.5,1794.05,1.03,0.020000000000000018,0.03,0.0,0.030000000000000027,0.030000000000000027,-0.040000000000000036,0.0,0.0,-0.020000000000000018,0.0,-0.007085769790768026,0.0285090575583542,-0.009343380725315598,0.010790684451794874,0.0039473178484765725,-0.0011681524993125691,0.010252765032486622,-0.011775109385979476,-0.01403636603179148,-0.012255421660796628,1.7899999999999991
2021-08-18,0.23,1.27,-1.05,0.09,4400.27,14525.91,21.57,113.6959,65.36,1788.1,1.04,0.0,0.010000000000000009,0.010000000000000009,-0.030000000000000027,0.020000000000000018,-0.07000000000000006,-0.010000000000000009,-0.010000000000000009,0.010000000000000009,-0.040000000000000036,-0.010806639720144062,0.009494349179325567,-0.008928138137827446,-0.007273542536957223,0.0006906767278520576,0.002671206867330689,-0.0033220303292491593,-0.009905478877140439,-0.01729149711006084,-0.07229219628593331,3.66
2021-08-19,0.22,1.24,-1.04,0.09,4405.8,14541.79,21.67,114.1106,63.69,1788.2,1.02,-0.010000000000000009,0.01999999999999999,-0.030000000000000027,-0.030000000000000027,0.010000000000000009,-0.030000000000000027,0.0,-0.010000000000000009,-0.020000000000000018,-0.050000000000000044,0.0012559520255734924,0.008735670966656173,0.0010926218159550416,-0.009772752406806973,0.003640813217256955,0.005634075174923758,5.5923720061024085e-05,-0.0051316489230552875,-0.025882886168473007,-0.12471972083660532,0.10000000000000142
2021-08-20,0.23,1.26,-1.01,0.09,4441.67,14714.66,18.56,114.5009,62.25,1782.95,1.03,0.010000000000000009,0.010000000000000009,0.020000000000000018,-0.040000000000000036,0.030000000000000027,0.040000000000000036,0.0,-0.010000000000000009,0.010000000000000009,-0.050000000000000044,0.008108577149078755,0.006749929055569481,0.011817702550141362,-0.008279111233717273,0.0034145297083423287,0.009310383489692597,-0.0029402314560691423,-0.011210379532169412,-0.02286902903845789,-0.1488353737639132,-3.110000000000003
2021-08-23,0.23,1.25,-1.02,0.09,4479.53,14942.65,17.15,113.9418,65.65,1786.9,1.02,0.0,0.010000000000000009,-0.010000000000000009,-0.040000000000000036,-0.010000000000000009,0.09000000000000008,0.0,-0.010000000000000009,-0.010000000000000009,-0.050000000000000044,0.008487698356534068,0.012858207469889749,0.015375264402717193,0.0068454598862004445,-0.004894891509636068,0.006321400695745716,0.0022129790394664894,-0.0118219482279045,0.05317906540398898,-0.09440968447107423,-1.4100000000000001
2021-08-24,0.24,1.29,-1.01,0.09,4486.23,15019.8,17.22,113.6795,67.5,1802.95,1.05,0.009999999999999981,0.03999999999999998,0.040000000000000036,0.040000000000000036,0.010000000000000009,0.11999999999999988,0.0,-0.010000000000000009,0.030000000000000027,0.0,0.0014945751943340468,0.01907640133687316,0.00514979052137754,0.024207071554288362,-0.0023047062476511115,0.004026409767165617,0.008941937375661624,0.0032221355062587165,0.027789997129678667,-0.060084170788190505,0.07000000000000028
2021-08-25,0.23,1.35,-1.0,0.09,4496.19,15041.86,16.79,113.6322,68.54,1794.7,1.12,-0.009999999999999981,0.03,0.06000000000000005,0.09000000000000008,0.010000000000000009,0.1499999999999999,0.0,-0.010000000000000009,0.07000000000000006,0.06000000000000005,0.0022176660815187432,0.021480386592763523,0.0014676504198209983,0.018741380442806488,-0.0004161686414088095,0.003981260293152822,-0.004586335225045701,-0.002559823323241339,0.015289918567978233,-0.05437433243157397,-0.4299999999999997
2021-08-26,0.25,1.34,-0.99,0.09,4470.0,14945.81,18.84,113.7883,67.42,1783.8,1.09,0.01999999999999999,0.04999999999999999,-0.010000000000000009,0.06000000000000005,0.010000000000000009,0.15999999999999992,0.0,-0.010000000000000009,-0.030000000000000027,0.010000000000000009,-0.005841962859470584,0.01144103872167257,-0.006405988092055281,0.011273811063791328,0.0013727876292133345,0.011534049254401602,-0.006091956803124354,-0.019788337365579167,-0.01647580664054793,-0.08797501814496034,2.0500000000000007
2021-08-27,0.22,1.31,-1.08,0.08,4509.37,15129.5,16.39,113.3404,68.84,1795.5,1.09,-0.03,0.03,-0.030000000000000027,0.07000000000000006,-0.09000000000000008,0.07999999999999985,-0.009999999999999995,0.009999999999999995,0.0,0.040000000000000036,0.008769045552897481,0.025630766656764337,0.012215487331692643,0.030659219104448354,-0.0039440245165183185,0.0059200621726542835,0.006537614434030559,-0.01807569048492308,0.020843261537423885,-0.07133372822567008,-2.4499999999999993
2021-08-30,0.2,1.29,-1.08,0.08,4528.79,15265.89,16.19,113.246,69.28,,1.09,-0.01999999999999999,0.03,-0.020000000000000018,0.09000000000000008,0.0,0.08999999999999986,0.0,-0.020000000000000004,0.0,0.06000000000000005,0.0042973414690568035,0.0317727027356689,0.008974447467924307,0.03906201898196393,-0.0008332362883365363,0.0051072394362536855,,,0.006371292910841042,-0.028880305786032956,-0.1999999999999993
2021-08-31,0.2,1.3,-1.03,0.06,4522.68,15259.24,16.48,113.1076,68.43,1814.3,1.1,0.0,0.03,0.010000000000000009,0.1100000000000001,0.050000000000000044,0.15999999999999992,-0.020000000000000004,-0.04000000000000001,0.010000000000000009,0.08000000000000007,-0.0013500571571327669,0.022252626545883558,-0.0004357065870124188,0.03317700748118391,-0.0012228656159818385,0.002521131736601845,,0.0025386327099621298,-0.01234493928977276,-0.03178523133129829,0.28999999999999915
2021-09-01,0.2,1.31,-1.03,0.08,4524.09,15309.38,16.11,112.8732,68.63,1813.9,1.11,0.0,0.03,0.010000000000000009,0.1200000000000001,0.0,0.1299999999999999,0.020000000000000004,-0.020000000000000004,0.010000000000000009,0.09000000000000008,0.0003117134648977782,0.027207548240422597,0.0032804912335357983,0.035154938295603344,-0.0020745132689485857,-0.00019577576208007486,-0.0002204950121935667,0.000799702222496812,0.0029184319561368355,0.006431830387982451,-0.370000000000001
2021-09-02,0.2,1.29,-1.03,0.08,4536.95,15331.18,16.41,112.7863,70.07,1815.15,1.09,0.0,-0.009999999999999981,-0.020000000000000018,0.06000000000000005,0.0,0.07000000000000006,0.0,-0.020000000000000004,-0.020000000000000018,0.07000000000000006,0.00283852816777852,0.024058576976655033,0.001422950734474071,0.02885502064893153,-0.0007701869790164295,0.00016758758596502332,0.0006888855482474199,0.002178499903306985,0.020764985461898533,0.013940011608817748,0.3000000000000007
2021-09-03,0.21,1.33,-1.01,0.08,4535.43,15363.52,16.41,112.5476,69.34,1812.05,1.12,0.009999999999999981,0.0,0.040000000000000036,0.020000000000000018,0.020000000000000018,0.050000000000000044,0.0,-0.020000000000000004,0.030000000000000027,0.020000000000000018,-0.0003350829692383428,0.022049611812487768,0.0021072049550348027,0.03495538550210675,-0.0021186345178065835,-0.0067405916514022834,-0.0017093078709642384,0.006977738404116529,-0.010472802125564229,0.01569799677831707,0.0
2021-09-06,,,,,,,,,,1823.85,,,,,,,,,,,,,,,,,,0.006490850369329948,0.04620284060448121,,,
2021-09-07,0.22,1.38,-0.98,0.08,4520.03,15374.33,18.14,112.9795,68.49,1810.75,1.16,,-0.01999999999999999,,0.019999999999999796,,0.06000000000000005,,-0.020000000000000004,,0.039999999999999813,,0.018596504557718774,,0.03887710843573977,,-0.0045726617669732406,-0.007208527335101245,0.045879865026480005,,0.0023388404171260646,
2021-09-08,0.22,1.35,-1.03,0.08,4514.07,15286.64,17.96,113.2319,69.36,1797.95,1.1300000000000001,0.0,-0.010000000000000009,-0.029999999999999805,0.0,-0.050000000000000044,0.040000000000000036,0.0,-0.020000000000000004,-0.029999999999999805,0.010000000000000009,-0.0013194454045599713,0.01481207695516673,-0.005719991186765583,0.03471024728676397,0.0022315418651874808,-0.00044235696632277666,-0.007093997106845329,0.036187413980388605,0.012622583262473341,0.0008654262764293819,-0.17999999999999972
2021-09-09,0.23,1.3,-1.08,0.08,4493.28,15248.25,18.8,113.043,68.26,1795.35,1.07,0.010000000000000009,0.0,-0.050000000000000044,-0.06000000000000005,-0.050000000000000044,-0.030000000000000027,0.0,-0.020000000000000004,-0.06000000000000005,-0.06000000000000005,-0.004616238276287987,0.007248099936933983,-0.0025145019502232913,0.028739516024343104,-0.0016696508882203531,-0.0019981262621442397,-0.0014471379811009655,0.02244627237900243,-0.015986388993725953,-0.012520181017239729,0.8399999999999999
2021-09-10,0.23,1.35,-1.05,0.08,4458.58,15115.49,20.95,112.9425,69.82,1799.9,1.12,0.0,0.0,0.050000000000000044,0.06000000000000005,0.030000000000000027,0.030000000000000027,0.0,-0.020000000000000004,0.050000000000000044,0.06000000000000005,-0.007752617623131286,-0.0021105515206780723,-0.008744696536652441,0.019546763597370287,-0.0008894376552968097,-0.0010530788038920491,0.0025311187979442096,0.023753418236188928,0.022596558198329397,0.02113264342949961,2.1499999999999986
2021-09-13,0.21,1.33,-1.04,0.08,4468.73,15105.58,19.37,113.0341,70.54,1787.85,1.12,-0.020000000000000018,0.0,-0.020000000000000018,0.07000000000000006,0.010000000000000009,0.06000000000000005,0.0,-0.020000000000000004,0.0,0.07000000000000006,0.0022739222394125846,-0.0024540602631315522,-0.0006558338507005601,0.020858741741891507,0.0008107034535163038,-0.0011998026230202186,-0.00671732718860607,0.006790911718907999,0.010259423131016021,0.04494161111430639,-1.5799999999999983
2021-09-14,0.21,1.28,-1.05,0.08,4443.05,15037.76,19.46,113.0061,70.53,1788.65,1.07,0.0,-0.020000000000000018,-0.050000000000000044,0.020000000000000018,-0.010000000000000009,0.020000000000000018,0.0,-0.020000000000000004,-0.050000000000000044,0.040000000000000036,-0.00576317437780105,-0.0011314648501645763,-0.004499840723562798,0.025702281743644306,-0.0002477435442296283,-0.005394864015726419,0.00044736474952689065,-0.0030144885640517316,-0.00014177358781797267,0.0588362035582799,0.08999999999999986
2021-09-15,0.21,1.31,-1.04,0.08,4480.7,15161.53,18.18,112.9773,72.59,1801.4,1.1,0.0,-0.020000000000000018,0.030000000000000027,0.040000000000000036,0.010000000000000009,0.010000000000000009,0.0,-0.009999999999999995,0.030000000000000027,0.06000000000000005,0.008438206673245574,0.01811338154322506,0.008196927345254679,0.04282734722672643,-0.0002548859797304459,-0.006340426723308923,0.00710299500328837,0.007410536768485798,0.028789020076660954,0.10491672074500169,-1.2800000000000011
2021-09-16,0.23,1.34,-1.01,0.08,4473.75,15181.92,18.69,113.3036,72.69,1781.45,1.11,0.020000000000000018,0.010000000000000009,0.030000000000000027,0.10000000000000009,0.030000000000000027,0.030000000000000027,0.0,-0.009999999999999995,0.010000000000000009,0.09000000000000008,-0.0015523011230360595,0.015305128394615508,0.0013439475780785415,0.04307867298884993,0.0028840280038648913,-0.007097211936700987,-0.011136500933933924,-0.0037818878855091498,0.0013766521997951031,0.1321762591132698,0.5100000000000016
2021-09-17,0.23,1.37,-0.96,0.08,4432.99,15043.97,20.81,113.5989,72.09,1766.1,1.1400000000000001,0.0,0.0,0.030000000000000027,0.1100000000000001,0.050000000000000044,0.050000000000000044,0.0,-0.009999999999999995,0.030000000000000027,0.1100000000000001,-0.009152683146432139,-0.001956131900895386,-0.009127999727112979,0.02213297071159559,0.0026028815612102463,-0.00790886008383307,-0.008653913713383865,-0.009495570142823873,-0.008288485080057306,0.14675680307167038,2.1199999999999974
2021-09-20,0.23,1.31,-0.98,0.08,4357.73,14713.9,25.71,113.9422,70.41,1757.15,1.08,0.0,0.0,-0.06000000000000005,0.06000000000000005,-0.020000000000000018,0.040000000000000036,0.0,-0.009999999999999995,-0.06000000000000005,0.06000000000000005,-0.017123020373770004,-0.027566850631199458,-0.022184621217101963,-0.015426914908223566,0.003017479132200407,3.510558003405606e-06,-0.005080547364741506,-0.016789096547031868,-0.023580039885445103,0.0699976977822363,4.900000000000002
2021-09-21,0.22,1.33,-0.96,0.08,4354.19,14746.4,24.36,113.8179,70.51,1766.45,1.11,-0.010000000000000009,-0.01999999999999999,0.020000000000000018,0.040000000000000036,0.020000000000000018,0.050000000000000044,0.0,-0.009999999999999995,0.030000000000000027,0.06000000000000005,-0.0008126796836602779,-0.029874105509193782,0.0022063599613186824,-0.018370345468282423,-0.0010914994535093925,0.0012167173521451247,0.005278704504001475,-0.020452329418692017,0.0014192451999077704,0.043626945852465404,-1.3500000000000014
2021-09-22,0.25,1.32,-0.96,0.08,4395.64,14896.85,20.87,113.6223,72.37,1775.35,1.07,0.03,0.01999999999999999,-0.010000000000000009,-0.030000000000000027,0.0,0.040000000000000036,0.0,-0.009999999999999995,-0.040000000000000036,-0.050000000000000044,0.009474540664092146,-0.02261723092662038,0.010150796005497398,-0.009687199882606023,-0.0017200129811936193,-8.712698763968518e-05,0.005025703728490427,-0.010840290465155888,0.026037305147086798,0.05437433243157397,-3.4899999999999984
2021-09-23,0.27,1.41,-0.9,0.08,4448.98,15052.24,18.63,113.513,73.43,1771.05,1.14,0.020000000000000018,0.020000000000000018,0.08999999999999986,0.06999999999999984,0.05999999999999994,0.08999999999999997,0.0,-0.009999999999999995,0.06999999999999984,0.04999999999999982,0.012061715863250555,-0.004713552203899241,0.010377036123704997,0.007095824333154255,-0.000962422031596688,-0.0024223366484497078,-0.002424995548847342,-0.007173329210878876,0.014540722585482335,0.08539086165760423,-2.240000000000002
2021-09-24,0.29,1.47,-0.87,0.08,4455.48,15047.7,17.75,113.7597,74.18,1755.15,1.18,0.019999999999999962,0.06999999999999998,0.06000000000000005,0.15999999999999992,0.030000000000000027,0.21000000000000008,0.0,0.0,0.040000000000000036,0.08999999999999986,0.0014599428049599794,-0.012022654951836742,-0.00030166173317525136,-0.005421324731713639,0.002170961113172609,0.00369264898124122,-0.00901826768815095,-0.022729211333060384,0.01016200059792638,0.07470960071810673,-0.879999999999999
2021-09-27,0.31,1.48,-0.87,0.08,4443.11,14969.97,18.76,113.7432,75.54,1749.15,1.17,0.020000000000000018,0.10999999999999999,0.010000000000000009,0.18999999999999995,0.0,0.21000000000000008,0.0,0.0,-0.010000000000000009,0.07999999999999985,-0.0027802175328766054,-0.01910021395377015,-0.0051789611743409125,-0.01957473337397886,-0.0001450530962801011,0.004380832173297655,-0.003424367698625197,,0.018167745222865683,0.08650605303013137,1.0100000000000016
2021-09-28,0.31,1.54,-0.84,0.08,4352.63,14546.68,23.25,114.2469,75.44,1739.65,1.23,0.0,0.10999999999999999,0.06000000000000005,0.24,0.030000000000000027,0.19000000000000006,0.0,0.020000000000000004,0.06000000000000005,0.1299999999999999,-0.020574321587474742,-0.038324478384112126,-0.02868340553488835,-0.04782243232185479,0.0044186201026112926,0.010022317891890786,-0.005446012084423302,-0.04201577482608876,-0.001324678959108816,0.09752631336079531,4.489999999999998
2021-09-29,0.3,1.55,-0.82,0.08,4359.46,14512.44,22.56,114.7092,75.06,1741.65,1.25,-0.010000000000000009,0.09999999999999998,0.010000000000000009,0.24,0.020000000000000018,0.21000000000000008,0.0,0.0,0.020000000000000018,0.1399999999999999,0.0015679363733056562,-0.03706825547570425,-0.002356576238085495,-0.053459499793476084,0.00403833423325306,0.016135165394092432,0.0011489961910964297,-0.04064628362279876,-0.005049844618326915,0.08955803678633156,-0.6900000000000013
2021-09-30,0.28,1.52,-0.85,0.06,4307.54,14448.58,23.14,114.6403,75.22,1730.95,1.24,-0.019999999999999962,0.08000000000000002,-0.030000000000000027,0.22999999999999998,-0.030000000000000027,0.18000000000000005,-0.020000000000000004,-0.020000000000000004,-0.010000000000000009,0.1499999999999999,-0.01198122097381571,-0.05188800461729848,-0.004410072815092647,-0.0592925233430428,-0.0006008297560953224,0.01630452261701354,-0.006162549019647301,-0.04749771819069348,0.0021293593353153284,0.07092241065974836,0.5800000000000018
2021-10-01,0.27,1.48,-0.9,0.08,4357.04,14566.7,21.15,114.3798,76.01,1755.6,1.21,-0.010000000000000009,0.060000000000000026,-0.040000000000000036,0.1499999999999999,-0.050000000000000044,0.10999999999999999,0.020000000000000004,0.0,-0.030000000000000027,0.08999999999999986,0.011425952216360002,-0.04012696943170013,0.008141961926890318,-0.05325776637118729,-0.0022749104759389738,0.01614824665888115,0.014140288092601594,-0.03164812222712765,0.010447757535758662,0.09184297032107125,-1.990000000000002
2021-10-04,0.27,1.49,-0.89,0.08,4300.46,14255.48,22.96,114.2739,77.68,1751.85,1.22,0.0,,0.010000000000000009,,0.010000000000000009,,0.0,,0.010000000000000009,,-0.01307093399993775,,-0.0215967075669532,,-0.000926291659150813,,-0.0021383064213953418,-0.04027727901785294,0.021732913405120513,,1.8100000000000023
2021-10-05,0.28,1.54,-0.91,0.08,4345.72,14433.83,21.3,114.3654,79.17,1758.0,1.26,0.010000000000000009,0.060000000000000026,0.050000000000000044,0.16000000000000014,-0.020000000000000018,0.06999999999999995,0.0,0.0,0.040000000000000036,0.10000000000000009,0.010469458977262036,-0.03932717829089505,0.012433362640354773,-0.06312447867355608,0.0008003873777138182,0.012192199321487962,0.003504426852438236,-0.02956432483031346,0.018999615200272935,0.14490968997352915,-1.6600000000000001
2021-10-06,0.3,1.53,-0.9,0.08,4363.55,14501.91,21.0,114.7185,77.66,1748.25,1.23,0.019999999999999962,0.07999999999999999,-0.010000000000000009,0.17999999999999994,0.010000000000000009,0.13,0.0,0.0,-0.030000000000000027,0.09999999999999987,0.004094493547635025,-0.03391323933870005,0.0047056080558594005,-0.0526988794309311,0.0030827158052559867,0.013043373261556468,-0.005561511661145602,-0.028031839384613733,-0.019257114879821735,0.11302999183123408,-0.3000000000000007
2021-10-07,0.32,1.58,-0.88,0.08,4399.76,14654.02,19.54,114.5044,78.46,1758.55,1.26,0.020000000000000018,0.09,0.050000000000000044,0.28,0.020000000000000018,0.20000000000000007,0.0,0.0,0.030000000000000027,0.18999999999999995,0.008264047735016433,-0.02103295332739563,0.010434335662312222,-0.03975004181839559,-0.0018680512484623435,0.012844972901314478,0.005874318249697197,-0.02071038315381557,0.010248616477885442,0.13926499730284547,-1.4600000000000009
2021-10-08,0.32,1.61,-0.89,0.08,4391.34,14579.54,18.77,114.5986,79.55,1757.5,1.29,0.0,0.09,0.030000000000000027,0.26,-0.010000000000000009,0.16000000000000003,0.0,0.0,0.030000000000000027,0.16999999999999993,-0.0019155742909777729,-0.015195909995242118,-0.005095524537697571,-0.03610086981944072,0.0008223375975733305,0.014556748154184618,-0.0005972611488536117,-0.02383876310061339,0.01379681400238919,0.13046525310690527,-0.7699999999999996
2021-10-11,,,,,4361.19,14486.2,20.0,,80.64,1752.55,,,,,,,,,,,,-0.0068894637904683975,-0.0243592960251231,-0.006422703902586591,-0.04186773987132675,,,-0.0028204745125961495,-0.01994191042460347,0.013609049539263118,0.13381487951515236,1.2300000000000004
2021-10-12,0.35,1.59,-0.9,0.08,4350.65,14465.92,19.85,114.7542,80.75,1759.1,1.2400000000000002,,0.13999999999999999,,0.31000000000000005,,0.15000000000000002,,0.0,,0.17000000000000015,-0.0024196966754637117,-0.021015818322785762,-0.0014009339085934158,-0.038768833056357366,,0.015350650021798806,0.0037304444326355934,-0.016658830741494768,0.0013631577797070804,0.13531981088267742,-0.14999999999999858
2021-10-13,0.37,1.56,-0.96,0.08,4363.8,14571.64,18.64,114.4705,80.67,1767.45,1.19,0.020000000000000018,0.16,-0.030000000000000027,0.25,-0.05999999999999994,0.08000000000000007,0.0,0.0,-0.050000000000000266,0.08999999999999986,0.0030179781813099993,-0.026436046814721337,0.007281635724581292,-0.03968412467703075,-0.0024753017005165745,0.013130234301012678,0.004735515222599851,-0.019026310522183287,-0.0009912031538830135,0.10553958765213345,-1.2100000000000009
2021-10-14,0.36,1.52,-1.0,0.08,4438.26,14823.43,16.86,114.2053,81.43,1797.15,1.1600000000000001,-0.010000000000000009,0.12999999999999998,-0.040000000000000036,0.17999999999999994,-0.040000000000000036,0.010000000000000009,0.0,0.0,-0.029999999999999805,0.050000000000000044,0.016919170336134215,-0.007964575355551062,0.01713186315589965,-0.023896209099209642,-0.0023194419251524323,0.007926764371995354,0.016664246926558768,0.008774437338309404,0.009376996530157555,0.1135399319824959,-1.7800000000000011
2021-10-15,0.41,1.59,-0.97,0.08,4471.37,14897.34,16.3,114.0905,82.39,1781.45,1.1800000000000002,0.04999999999999999,0.17999999999999997,0.07000000000000006,0.21999999999999997,0.030000000000000027,-0.010000000000000009,0.0,0.0,0.020000000000000018,0.040000000000000036,0.007432441620920827,0.008620549411801903,0.004973636440752216,-0.009794572931344447,-0.0010057128486486988,0.004318169962136409,-0.008774437338309404,0.008653913713383865,0.011720314848458813,0.13354873191101202,-0.5599999999999987
2021-10-18,0.44,1.59,-0.95,0.08,4486.46,15021.81,16.31,113.9899,82.62,1762.45,1.1500000000000001,0.030000000000000027,0.21,0.0,0.28,0.020000000000000018,0.030000000000000027,0.0,0.0,-0.030000000000000027,0.07000000000000006,0.003369122716966544,0.02911269250253845,0.008320471543470376,0.02071051982922789,-0.0008821451253480106,0.00041854570458799145,-0.010722752926013435,0.003011708152111936,0.0027877116411199054,0.15991648343757703,0.00999999999999801
2021-10-19,0.41,1.65,-0.89,0.08,4519.63,15129.09,15.7,113.647,83.19,1779.4,1.24,-0.030000000000000027,0.18999999999999997,0.05999999999999983,0.31999999999999984,0.05999999999999994,0.06999999999999995,0.0,0.0,0.08999999999999986,0.1299999999999999,0.0073661600060432875,0.037291532192242016,0.007116235517244718,0.025620395385153927,-0.003012694860596632,-0.001502649702499248,0.009571342320971787,0.007304345969082249,0.006875366327177446,0.1653726045648467,-0.6099999999999994
2021-10-20,0.4,1.65,-0.92,0.08,4536.19,15121.68,15.49,113.5083,84.4,1778.15,1.25,-0.009999999999999953,0.15000000000000002,0.0,0.32999999999999985,-0.030000000000000027,0.039999999999999925,0.0,0.0,0.010000000000000009,0.17999999999999994,0.0036573205869530057,0.031474312115102876,-0.0004899048948647788,0.01497969448479175,-0.0012211911167119283,-0.001003827838017557,-0.000702730840854926,0.0015759113997368956,0.014440253306115203,0.1537755527238751,-0.20999999999999908
2021-10-21,0.45,1.68,-0.96,0.08,4549.78,15215.7,15.01,113.6188,82.64,1785.3,1.23,0.04999999999999999,0.18,0.030000000000000027,0.27,-0.039999999999999925,-0.05999999999999994,0.0,0.0,-0.020000000000000018,0.09000000000000008,0.0029914274720983514,0.022404023723950672,0.006198313830227065,0.010800972191313818,0.0009730235512908081,0.0009316177448699392,0.0040129703491036395,0.008013877297687877,-0.02107357679052857,0.1181612533478642,-0.4800000000000004
2021-10-22,0.48,1.66,-0.98,0.08,4544.9,15090.2,15.43,113.67,84.53,1792.3,1.18,0.02999999999999997,0.19,-0.020000000000000018,0.18999999999999995,-0.020000000000000018,-0.10999999999999999,0.0,0.0,-0.050000000000000044,0.0,-0.0010731549583589128,0.01987092596063178,-0.008282263017944658,0.0028203709065444116,0.0004505281462705568,-0.0007888152220321132,0.003913242918636151,0.020945387904474977,0.02261267612945339,0.13061192887939121,0.41999999999999993
2021-10-25,0.47,1.64,-1.02,0.08,4566.48,15226.71,15.24,113.605,84.64,1799.2,1.17,-0.010000000000000009,0.15999999999999998,-0.020000000000000018,0.15999999999999992,-0.040000000000000036,-0.15000000000000002,0.0,0.0,-0.010000000000000009,0.0,0.004736942230948671,0.027388085724457056,0.009005596057610532,0.017004928138495856,-0.0005719942956528001,-0.0012157564214048122,0.0038424104075538423,0.028212166010654016,0.0013004671691527747,0.1137446508256783,-0.1899999999999995
2021-10-26,0.47,1.63,-1.06,0.08,4574.79,15235.71,15.98,113.674,85.64,1801.9,1.16,0.0,0.15999999999999998,-0.010000000000000009,0.08999999999999986,-0.040000000000000036,-0.22000000000000008,0.0,0.0,-0.010000000000000009,-0.07000000000000006,0.00181812861650954,0.04978053592844134,0.0005908920080468505,0.04627922568143106,0.0006071832603966598,-0.005027193263619445,0.0014995420876626753,0.03515772018273999,0.011745495611492629,0.12681482539627975,0.7400000000000002
2021-10-27,0.5,1.54,-1.11,0.08,4551.68,15235.84,16.98,113.6218,82.66,1783.85,1.04,0.030000000000000027,0.2,-0.08999999999999986,-0.010000000000000009,-0.050000000000000044,-0.29000000000000015,0.0,0.0,-0.11999999999999988,-0.20999999999999996,-0.005064400451443518,0.043148199103692164,8.532549212958429e-06,0.04864433446872951,-0.0004593133785819603,-0.009524840875454466,-0.010067713845284487,0.023941010146359076,-0.03541665463789556,0.0964480153767111,1.0
2021-10-28,0.5,1.57,-1.0,0.08,4596.42,15448.12,16.53,113.4389,82.78,1798.2,1.07,0.0,0.21999999999999997,0.030000000000000027,0.050000000000000044,0.1100000000000001,-0.15000000000000002,0.0,0.020000000000000004,0.030000000000000027,-0.16999999999999993,0.009781344040089124,0.064910764117597,0.01383676597463257,0.06689117325845473,-0.0016110233039716704,-0.010535034423330814,0.008012214663188466,0.03811577382919484,0.0014506772369999865,0.09576933327839576,-0.4499999999999993
2021-10-29,0.48,1.55,-0.96,0.07,4605.38,15498.39,16.26,114.1349,83.5,1796.3,1.07,-0.020000000000000018,0.20999999999999996,-0.020000000000000018,0.07000000000000006,0.040000000000000036,-0.05999999999999994,-0.009999999999999995,-0.009999999999999995,0.0,-0.1399999999999999,0.0019474456805763651,0.05543225758181336,0.003248834470596762,0.06199804580216117,0.006116716159972668,-0.0021434077874191715,-0.001057170775882632,0.022918314960710617,0.008660145536223851,0.09398172127886095,-0.2699999999999996
2021-11-01,0.5,1.58,-0.92,0.08,4613.67,15595.92,16.41,114.2067,84.08,1786.55,1.08,0.020000000000000018,0.22999999999999998,0.030000000000000027,0.09000000000000008,0.039999999999999925,-0.030000000000000027,0.009999999999999995,0.0,0.010000000000000009,-0.1399999999999999,0.0017984504334940254,0.07030164201524514,0.0062731940243079265,0.0898679473934223,0.0006288823619202688,-0.0005882337663480897,-0.005442608017554917,0.01961401336455104,0.006922094711885762,0.0791709025856262,0.14999999999999858
2021-11-02,0.46,1.56,-0.95,0.08,4630.65,15649.6,16.03,114.2847,83.91,1791.5,1.1,-0.03999999999999998,0.18,-0.020000000000000018,0.020000000000000018,-0.029999999999999916,-0.039999999999999925,0.0,0.0,0.020000000000000018,-0.15999999999999992,0.0036736112761168727,0.06350579431409997,0.0034360159672868207,0.08087060072035435,0.0006827390705286263,-0.0007058820735332816,0.0027668719877738113,0.018876458499886617,-0.0020239306867173568,0.05814735669863591,-0.379999999999999
2021-11-03,0.47,1.6,-0.93,0.08,4660.57,15811.58,15.1,114.3593,80.82,1781.85,1.1300000000000001,0.009999999999999953,0.16999999999999998,0.040000000000000036,0.07000000000000006,0.019999999999999907,-0.030000000000000027,0.0,0.0,0.030000000000000027,-0.09999999999999987,0.006440511240473512,0.06585181200693846,0.010297225422837286,0.08646221808733223,0.0006525428408101774,-0.003136055037979091,-0.005401107341350908,0.01903686281968131,-0.037520336231651186,0.03988413534680646,-0.9300000000000015
2021-11-04,0.41,1.53,-1.03,0.08,4680.06,15940.31,15.44,114.3558,78.88,1778.1,1.12,-0.06,0.08999999999999997,-0.07000000000000006,-0.050000000000000044,-0.09999999999999998,-0.15000000000000002,0.0,0.0,-0.010000000000000009,-0.1399999999999999,0.0041731721062596705,0.0617609363781817,0.00810853812576795,0.08413642055078796,-3.060576236801893e-05,-0.0012986095518847662,-0.0021067719417553477,0.011055772628228766,-0.02429674935594761,0.005338769512973407,0.33999999999999986
2021-11-05,0.39,1.45,-1.09,0.08,4697.53,15971.59,16.48,114.0732,81.25,1793.2,1.06,-0.019999999999999962,0.07,-0.08000000000000007,-0.16000000000000014,-0.06000000000000005,-0.20000000000000007,0.0,0.0,-0.06000000000000005,-0.22999999999999998,0.0037259083006286886,0.06740241896978816,0.0019603978464353133,0.09119234293492084,-0.0024742930554007003,-0.004595240204858797,0.008456354819381673,0.02010938859646405,0.029603110915466857,0.021145066426051073,1.040000000000001
2021-11-08,0.45,1.51,-1.11,0.08,4701.7,15982.36,17.22,113.8256,81.96,1818.0,1.06,0.06,,0.06000000000000005,,-0.020000000000000018,,0.0,,0.0,,0.000887306784404629,0.07517918954466118,0.0006740950904564613,0.0982891419279639,-0.0021728951395942886,,0.013735262456139985,0.036665125565200185,0.008700502160852608,0.016236519047640563,0.7399999999999984
2021-11-09,0.41,1.46,-1.17,0.08,4685.25,15886.54,17.78,113.762,84.12,1824.4,1.05,-0.040000000000000036,0.06,-0.050000000000000044,-0.13000000000000012,-0.05999999999999983,-0.2699999999999999,0.0,0.0,-0.010000000000000009,-0.19000000000000017,-0.003504869385574594,0.0740940168345503,-0.006013404211985929,0.09367667162457138,-0.000558905684277633,-0.008683902805631583,0.003514170100121561,0.03644885123268615,0.026013027463799965,0.04088638873173345,0.5600000000000023
2021-11-10,0.51,1.56,-1.14,0.08,4646.71,15622.71,18.73,114.1484,81.23,1824.95,1.05,0.10000000000000003,0.14,0.10000000000000009,0.0,0.030000000000000027,-0.17999999999999994,0.0,0.0,0.0,-0.1399999999999999,-0.008259833757376711,0.06281620489586359,-0.016746584946103482,0.06964845095388661,0.003390809460404043,-0.002817791644710965,0.0003014235434601886,0.03201475955354649,-0.0349597137716362,0.006917878113980258,0.9499999999999993
2021-11-11,,,,,4649.27,15704.28,17.66,,81.47,1859.25,,,,,,,,,,,,0.0005507757255749368,0.046447810285304314,0.005207661785977535,0.05772424958396449,,,0.01862059120240378,0.0339711038293915,0.002950217259687804,0.0004910988435105068,-1.0700000000000003
2021-11-12,0.53,1.58,-1.15,0.08,4682.85,15860.96,16.29,114.5144,80.87,1850.0,1.05,,0.12000000000000005,,-0.010000000000000009,,-0.17999999999999994,,0.0,,-0.13000000000000012,0.0071966809110382,0.04621204957542169,0.009927457341680324,0.0626780704848926,,0.0037085861750663085,-0.004987541511039417,0.03775799965666149,-0.007391927214819738,-0.018621143219768044,-1.370000000000001
2021-11-15,0.53,1.63,-1.13,0.08,4682.8,15853.85,16.49,114.5876,80.85,1863.8,1.0999999999999999,0.0,0.09000000000000002,0.04999999999999982,0.039999999999999813,0.020000000000000018,-0.17999999999999994,0.0,0.0,0.04999999999999982,-0.050000000000000266,-1.0677315508189622e-05,0.042832249542946954,-0.00044837097363092937,0.053909227967791296,0.0006390167042704675,0.005229748004684787,0.007431775279184372,0.055912527861859296,-0.0002473410846155488,-0.021656195945503498,0.1999999999999993
2021-11-16,0.54,1.63,-1.1,0.08,4700.9,15973.86,16.37,115.136,80.76,1872.25,1.0899999999999999,0.010000000000000009,0.13000000000000006,0.0,-0.020000000000000018,0.029999999999999805,-0.21000000000000008,0.0,0.0,-0.010000000000000009,-0.15000000000000013,0.0038577581225869295,0.039323847659490596,0.007541263179371427,0.054334255629918005,0.004774442345016894,0.013016885210298312,0.0045235017779221565,0.050864687318809665,-0.0011137925784785452,-0.02964535485115949,-0.11999999999999744
2021-11-17,0.52,1.6,-1.1,0.08,4688.67,15921.57,17.11,115.0263,78.32,1858.45,1.08,-0.020000000000000018,0.12,-0.029999999999999805,-0.04999999999999982,0.0,-0.18000000000000005,0.0,0.0,-0.009999999999999787,-0.16999999999999993,-0.0026050195943359,0.03306150747820169,-0.00327884257065314,0.051545317954129644,-0.0009532404595082866,0.013284835867501954,-0.007398109170807743,0.04416930898885685,-0.03067879522238215,-0.07476440337965684,0.7399999999999984
2021-11-18,0.52,1.59,-1.14,0.08,4704.54,15993.71,17.59,115.0678,78.92,1860.5,1.07,0.0,0.07,-0.010000000000000009,-0.08999999999999986,-0.039999999999999813,-0.17999999999999994,0.0,0.0,-0.010000000000000009,-0.15999999999999992,0.0033790397745132594,0.0334491197806166,0.004520726301645794,0.04986773042554837,0.0003607219867873823,0.012672534302998528,0.0011024618280082166,0.041258800467761425,0.007631682932159656,-0.046059143656968615,0.4800000000000004
2021-11-19,0.52,1.54,-1.11,0.08,4697.96,16057.44,17.91,115.2187,76.11,1861.4,1.02,0.0,0.040000000000000036,-0.050000000000000044,-0.11999999999999988,0.029999999999999805,-0.13000000000000012,0.0,0.0,-0.050000000000000044,-0.15999999999999992,-0.001399627987058949,0.03312264675191656,0.003976773625243624,0.062126767068736655,0.0013105416218293087,0.01353254777855728,0.0004836239649330665,0.03782918151405834,-0.03625501887511451,-0.10492683866153651,0.3200000000000003
2021-11-22,0.63,1.63,-0.98,0.08,4682.94,15854.76,19.17,115.6481,76.74,1841.1,0.9999999999999999,0.10999999999999999,0.16000000000000003,0.08999999999999986,-0.010000000000000009,0.13000000000000012,0.040000000000000036,0.0,0.0,-0.02000000000000013,-0.17000000000000004,-0.003202254119567982,0.02518345040139991,-0.012702522876091749,0.040418648135034374,0.003719898185074122,0.017824440259284202,-0.010965673688449584,0.023021097418054914,0.008243422539506717,-0.09798388329118257,1.2600000000000016
2021-11-23,0.6,1.67,-0.95,0.08,4690.7,15775.14,19.38,116.0118,78.32,1797.3,1.0699999999999998,-0.030000000000000027,0.13,0.040000000000000036,0.040000000000000036,0.030000000000000027,0.1100000000000001,0.0,0.0,0.06999999999999995,-0.09000000000000008,0.001655707232783854,0.025021029017674223,-0.0050344875052452664,0.03479326862174226,0.0031399504084959062,0.02035720740738345,-0.024077680305172322,-0.002556124974780083,0.020379913403448136,-0.08934946549922707,0.2099999999999973
2021-11-24,0.64,1.64,-0.97,0.08,4701.46,15845.23,18.58,116.2711,78.32,1790.8,0.9999999999999999,0.040000000000000036,0.14,-0.030000000000000027,0.09999999999999987,-0.020000000000000018,0.14000000000000012,0.0,0.0,-0.06999999999999995,-0.04000000000000015,0.0022912737234968006,0.03237670319261454,0.004433225467805002,0.0392179615403343,0.002232623302955261,0.02304914408892067,-0.0036230913911783347,0.0038884974793260696,0.0,-0.053932810861331504,-0.8000000000000007
2021-11-25,,,,,,,,,,1790.65,,,,,,,,,,,,,,,,,,-8.376495558337638e-05,-0.004207482139445773,,,
2021-11-26,0.5,1.48,-1.07,0.08,4594.62,15491.66,28.62,116.5103,,1809.8,0.98,,0.020000000000000018,,-0.07000000000000006,,-0.1100000000000001,,0.009999999999999995,,-0.09000000000000008,,-0.0023391315013352454,,-0.0004343329620830616,,0.02059859897402827,0.010637659505806418,0.0074873481422432775,,,
2021-11-29,0.51,1.52,-1.02,0.08,4655.27,15782.83,22.96,116.581,69.88,1795.0,1.01,0.010000000000000009,0.010000000000000009,0.040000000000000036,-0.06000000000000005,0.050000000000000044,-0.09999999999999998,0.0,0.0,0.030000000000000027,-0.07000000000000006,0.01311385739268367,0.008976275457854399,0.018620825675546016,0.011913298689155027,0.0006066292664561601,0.020576345878564162,-0.008211319994654076,0.004718636165144119,,-0.18498924130283978,-5.66
2021-11-30,0.52,1.43,-1.07,0.07,4567.0,15537.69,27.19,116.2071,66.14,1797.6,0.9099999999999999,0.010000000000000009,0.06,-0.09000000000000008,-0.13000000000000012,-0.050000000000000044,-0.1200000000000001,-0.009999999999999995,-0.009999999999999995,-0.10000000000000009,-0.19000000000000017,-0.019143376992335703,-0.013840712810598177,-0.015653955034412803,-0.007176672312544596,-0.003212366281026391,0.016681240527009145,0.001447419948740425,0.0033991841261107325,-0.055005777712209714,-0.23797108832833214,4.23
2021-12-01,0.56,1.43,-1.01,0.08,4513.04,15254.05,31.12,115.889,65.44,1786.8,0.8699999999999999,0.040000000000000036,0.09000000000000008,0.0,-0.17000000000000015,0.06000000000000005,-0.07999999999999996,0.009999999999999995,0.0,-0.040000000000000036,-0.26000000000000023,-0.011885550113429844,-0.03216677416450153,-0.018423643676106494,-0.035897541411488376,-0.0027411076633763187,0.013287590022822648,-0.00602613139315622,0.0027741600743054207,-0.010640015259154367,-0.21109076735583532,3.9299999999999997
2021-12-02,0.63,1.44,-1.03,0.08,4577.1,15381.32,27.95,116.018,66.6,1775.7,0.8099999999999999,0.06999999999999995,0.22000000000000003,0.010000000000000009,-0.09000000000000008,-0.020000000000000018,0.0,0.0,0.0,-0.05999999999999994,-0.31000000000000016,0.014094625715696196,-0.022245320555065007,0.008308744576963178,-0.03569733496029315,0.0011125150452997445,0.014430710830490412,-0.006231599113173836,-0.0013506670971130674,0.017570885251851465,-0.16922313274803624,-3.1700000000000017
2021-12-03,0.6,1.35,-1.08,0.08,4538.43,15085.47,30.67,116.2377,66.39,1773.5,0.7500000000000001,-0.030000000000000027,0.20999999999999996,-0.08999999999999986,-0.09999999999999987,-0.050000000000000044,0.010000000000000009,0.0,0.0,-0.05999999999999983,-0.30999999999999994,-0.008484472537633181,-0.034455701393326876,-0.019421757238484716,-0.05707949004521318,0.0018918809357915123,0.018796884821682625,-0.0012397161511126242,-0.011046738067607365,-0.003158134815275382,-0.20198437847877848,2.7200000000000024
2021-12-06,0.65,1.43,-1.01,0.08,4591.67,15225.15,27.18,116.1538,69.62,1781.25,0.7799999999999999,0.050000000000000044,0.2,0.07999999999999985,-0.08000000000000007,0.07000000000000006,0.10000000000000009,0.0,0.0,0.029999999999999805,-0.28000000000000014,0.011662655055921789,-0.023680353121809716,0.00921663686025731,-0.04853694827541233,-0.0007220574215942577,0.020247722539682655,0.0043603698032841365,-0.020421630720463213,0.04750543965222498,-0.1631794409874061,-3.490000000000002
2021-12-07,0.7,1.48,-0.99,0.08,4686.75,15686.92,21.89,115.8555,71.94,1779.65,0.78,0.04999999999999993,0.29,0.050000000000000044,0.020000000000000018,0.020000000000000018,0.17999999999999994,0.0,0.0,1.1102230246251565e-16,-0.27,0.020495586171746183,0.00032010243551106043,0.029878578332786176,-0.012644965730640223,-0.002571450061459757,0.01823517816250053,-0.0008986492783717992,-0.024834450098956573,0.032780555884184714,-0.15641191256702136,-5.289999999999999
2021-12-08,0.68,1.52,-1.0,0.08,4701.21,15786.99,19.9,115.4418,72.43,1789.8,0.84,-0.019999999999999907,0.17000000000000004,0.040000000000000036,-0.040000000000000036,-0.010000000000000009,0.1399999999999999,0.0,0.0,0.05999999999999994,-0.21000000000000008,0.0030805438956171827,0.011660480088504954,0.00635893901985618,0.01046055823531944,-0.0035772180752555727,0.011267150626840916,0.005687166010168276,-0.019448707632248485,0.00678813993975691,-0.11466405885562825,-1.990000000000002
2021-12-09,0.7,1.49,-0.98,0.08,4667.45,15517.37,21.58,115.7784,70.87,1783.4,0.79,0.019999999999999907,,-0.030000000000000027,,0.020000000000000018,,0.0,,-0.04999999999999993,,-0.007207038387209153,0.003902665975720865,-0.017226141484391277,-0.011973245035049374,0.002911512383236392,,-0.0035822270479783924,-0.04165152588263066,-0.021773365385070242,-0.1393876415003863,1.6799999999999997
2021-12-10,0.67,1.48,-0.96,0.08,4712.02,15630.6,18.69,115.5732,71.71,1771.9,0.8099999999999999,-0.029999999999999916,0.14,-0.010000000000000009,-0.10000000000000009,0.020000000000000018,0.18999999999999995,0.0,0.0,0.019999999999999907,-0.2400000000000001,0.009503806818878857,0.006209791883561522,0.007270489780099254,-0.014630212596630443,-0.0017739237922747009,0.009203516171826465,-0.0064692375367556565,-0.0431332219083469,0.011782995072318947,-0.12021271921324761,-2.889999999999997
2021-12-13,0.66,1.42,-0.98,0.08,4668.97,15413.28,20.31,115.842,71.19,1784.45,0.7599999999999999,-0.010000000000000009,0.13,-0.06000000000000005,-0.20999999999999996,-0.020000000000000018,0.1499999999999999,0.0,0.0,-0.050000000000000044,-0.33999999999999997,-0.009178200213042942,-0.0029577310139732305,-0.014001055930114248,-0.02818289755311376,0.0023230982311277515,0.010887597698683749,0.0070578273206942654,-0.043507169866837,-0.007277848778701745,-0.1272432269073338,1.6199999999999974
2021-12-14,0.67,1.44,-0.93,0.08,4634.09,15237.64,21.89,116.2397,70.57,1782.35,0.7699999999999999,0.010000000000000009,0.13,0.020000000000000018,-0.18999999999999995,0.04999999999999993,0.17000000000000004,0.0,0.0,0.010000000000000009,-0.31999999999999995,-0.007498643121873982,-0.014314132258434142,-0.011460792858329683,-0.04718495359081487,0.0034272447097905,0.009540400063457355,-0.0011775262098510098,-0.04920819785461017,-0.008747234103043233,-0.1348766684318985,1.5800000000000018
2021-12-15,0.69,1.47,-0.92,0.08,4709.85,15565.58,19.29,116.4219,70.89,1769.4,0.78,0.019999999999999907,0.16999999999999993,0.030000000000000027,-0.13000000000000012,0.010000000000000009,0.18000000000000005,0.0,0.0,0.01000000000000012,-0.30000000000000004,0.016216212899903937,0.004507100235805694,0.02129338366550293,-0.0226127273546588,0.0015662235387843282,0.01205986406174997,-0.007292212225580741,-0.04910230090938317,0.004524254854187504,-0.09967361835532884,-2.6000000000000014
2021-12-16,0.64,1.44,-0.98,0.08,4668.67,15180.43,20.57,115.7146,72.34,1785.15,0.7999999999999999,-0.04999999999999993,0.12,-0.030000000000000027,-0.15000000000000013,-0.05999999999999994,0.15999999999999992,0.0,0.0,0.019999999999999907,-0.27000000000000013,-0.008781825842753221,-0.0076537653814607864,-0.025054967977578002,-0.0521884216338826,-0.006093847273444197,0.00560529480151839,0.00886193924727241,-0.041342823490118974,0.020247846657025725,-0.08705745463046277,1.2800000000000011
2021-12-17,0.66,1.41,-0.97,0.08,4620.64,15169.68,21.57,115.791,70.93,1807.5,0.7499999999999999,0.020000000000000018,0.14,-0.030000000000000027,-0.13000000000000012,0.010000000000000009,0.14000000000000012,0.0,0.0,-0.050000000000000044,-0.27000000000000013,-0.010341010906644854,-0.01659514830104669,-0.0007083994390502113,-0.05687359469817643,0.0006600272544030616,0.004954780434092143,0.012442229736361554,-0.029384217718690486,-0.019683751309956143,-0.0704861870653044,1.0
2021-12-20,0.65,1.43,-0.96,0.08,4568.02,14980.94,22.87,116.0092,68.69,1797.4,0.7799999999999999,-0.010000000000000009,0.020000000000000018,0.020000000000000018,-0.19999999999999996,0.010000000000000009,0.020000000000000018,0.0,0.0,0.030000000000000027,-0.21999999999999997,-0.011453373010201773,-0.024846267191680482,-0.012519972418825631,-0.056691044240910315,0.0018826563950247177,0.003117538644042739,-0.005603498808646634,-0.024022042838887536,-0.03208984698820494,-0.11081945659301606,1.3000000000000007
2021-12-21,0.7,1.48,-0.96,0.08,4649.23,15341.09,21.01,116.1089,71.1,1795.85,0.78,0.04999999999999993,0.09999999999999998,0.050000000000000044,-0.18999999999999995,0.0,-0.010000000000000009,0.0,0.0,1.1102230246251565e-16,-0.2899999999999998,0.017621763861807693,-0.008880210562656643,0.023756123023197517,-0.02790043371246753,0.0008590455128762997,0.0008366337484231323,-0.000862728780986366,-0.0008070913147015801,0.034483708583404216,-0.09671566141305998,-1.8599999999999994
2021-12-22,0.68,1.46,-1.01,0.08,4696.56,15521.89,18.63,115.7485,72.82,1789.9,0.7799999999999999,-0.019999999999999907,0.040000000000000036,-0.020000000000000018,-0.17999999999999994,-0.050000000000000044,-0.040000000000000036,0.0,0.0,-1.1102230246251565e-16,-0.21999999999999997,0.01012871135227833,-0.0010427729338751135,0.011716436213877301,-0.020617222966395232,-0.003108809900076892,-0.004504799454609021,-0.0033186950908321577,-0.0005026950143554032,0.023903305938092423,-0.07281235547496756,-2.3800000000000026
2021-12-23,0.71,1.5,-0.97,0.08,4725.79,15653.37,17.96,115.5337,73.89,1805.55,0.79,0.029999999999999916,,0.040000000000000036,,0.040000000000000036,,0.0,,0.01000000000000012,,0.0062044168953239165,,0.008434943576860476,,-0.0018574716234853739,,0.008705502141398647,0.00828657208262662,0.01458685805326887,,-0.6699999999999982
2021-12-24,,,,0.08,,,,,,1786.05,,,,,,,,0.0,0.0,,,,,,,,,-0.010858776928559521,-0.01320986435173932,,,
2021-12-27,0.76,1.48,-1.02,0.08,4791.19,15871.26,17.68,115.4684,75.49,,0.72,,0.25,,-0.040000000000000036,,0.0,0.0,0.0,,-0.29000000000000004,,0.028778903610946927,,0.005587286195801511,,-0.009589410926424513,,,,0.07722071188567714,
2021-12-28,0.74,1.49,-1.01,0.08,4786.35,15781.72,17.54,115.4192,76.01,,0.75,-0.020000000000000018,0.21999999999999997,0.010000000000000009,0.06000000000000005,0.010000000000000009,0.06000000000000005,0.0,0.009999999999999995,0.030000000000000027,-0.15999999999999992,-0.00101069803143794,0.04691158257184469,-0.0056576182613916615,0.015583622968822652,-0.00042618140380579206,-0.006803226049203914,,,0.006864713426415925,0.13909120302430278,-0.14000000000000057
2021-12-29,0.75,1.55,-0.98,0.08,4793.06,15766.22,16.95,115.3678,76.58,1796.35,0.8,0.010000000000000009,0.18999999999999995,0.06000000000000005,0.1200000000000001,0.030000000000000027,0.030000000000000027,0.0,0.0,0.050000000000000044,-0.06999999999999984,0.0014009215802239794,0.06019805426549851,-0.0009826315916150463,0.0330246350533141,-0.0004454323757387968,-0.004507550761566392,,0.0053305179035954,0.0074710354711990945,0.15720225375465624,-0.5899999999999999
2021-12-30,0.73,1.52,-1.06,0.08,4778.73,15741.56,17.33,115.283,76.83,1799.25,0.79,-0.020000000000000018,0.09999999999999998,-0.030000000000000027,0.08000000000000007,-0.08000000000000007,-0.030000000000000027,0.0,0.0,-0.010000000000000009,-0.019999999999999907,-0.0029942175300767815,0.043109211019725535,-0.0015653279942444698,0.02315056248210645,-0.0007353107279133297,-0.006355376534779467,0.0016130830063545432,0.013175200023123779,0.003259242830395692,0.14289061133320047,0.379999999999999
2021-12-31,0.73,1.52,-1.04,0.07,4766.18,15644.97,17.22,,75.33,1820.1,0.79,0.0,0.13,0.0,0.16999999999999993,0.020000000000000018,0.040000000000000036,-0.009999999999999995,-0.009999999999999995,0.0,0.039999999999999925,-0.0026296753415451235,0.04896400821581359,-0.006154889051044776,0.03641743066954639,,,0.011521533228448178,0.02593644940268458,-0.019716727041940274,0.12633201910653558,-0.10999999999999943
2022-01-03,0.78,1.63,-0.97,0.08,4796.56,15832.8,16.6,115.4101,75.99,,0.8499999999999999,0.050000000000000044,0.13,0.10999999999999988,0.19999999999999996,0.07000000000000006,0.040000000000000036,0.009999999999999995,0.0,0.05999999999999983,0.06999999999999995,0.006353848835551901,0.043655201995443704,0.011934278021168865,0.039135071830457946,,-0.006423303088380905,,,0.00872329084408996,0.08754987029840056,-0.6199999999999974
2022-01-04,0.77,1.66,-0.91,0.08,4793.54,15622.72,16.91,115.3103,77.0,1809.05,0.8899999999999999,-0.010000000000000009,0.07000000000000006,0.030000000000000027,0.17999999999999994,0.05999999999999994,0.07999999999999996,0.0,0.0,0.040000000000000036,0.10999999999999988,-0.000629816185405474,0.022529799638292047,-0.013357472619528465,-0.004100979121856696,-0.0008651164459179128,-0.004716969472839061,,0.016385129854618263,0.013203669171990562,0.0679729835862064,0.3099999999999987
2022-01-05,0.83,1.71,-0.82,0.08,4700.58,15100.17,19.73,115.137,77.83,1818.5,0.88,0.05999999999999994,0.1499999999999999,0.050000000000000044,0.18999999999999995,0.09000000000000008,0.18000000000000005,0.0,0.0,-0.009999999999999898,0.040000000000000036,-0.01958327277580274,-0.0001340170331278756,-0.03402026293945504,-0.04448018108116791,-0.0015040317909447154,-0.0026437831885282037,0.005210139833836003,0.01590810367828599,0.010721539117612977,0.07190638276406247,2.8200000000000003
2022-01-06,0.88,1.73,-0.73,0.08,4696.05,15080.86,19.61,115.4046,79.47,1804.95,0.85,0.050000000000000044,0.18000000000000005,0.020000000000000018,0.24,0.08999999999999997,0.25,0.0,0.0,-0.030000000000000027,0.05999999999999994,-0.0009641755290861198,0.006108845824995157,-0.0012796119042235432,-0.02853365150100018,0.0023214909602593536,-0.003233804611505242,-0.007479094874762282,0.0120112358515021,0.02085263098079082,0.11453237912992353,-0.120000000000001
2022-01-07,0.87,1.76,-0.72,0.08,4677.03,14935.9,18.76,115.0451,79.0,1792.2,0.89,-0.010000000000000009,0.19999999999999996,0.030000000000000027,0.28,0.010000000000000009,0.24,0.0,0.0,0.040000000000000036,0.08000000000000007,-0.004058436737205184,-0.007453397731088884,-0.009658679147413807,-0.04546282042851324,-0.00311998923517276,-0.004579870054403301,-0.0070889751021621095,0.011391498286095647,-0.005931739485066423,0.09681764457253816,-0.8499999999999979
2022-01-10,0.92,1.78,-0.7,0.08,4670.29,14942.83,19.4,115.2216,78.11,1800.55,0.86,0.050000000000000044,0.26,0.020000000000000018,0.3600000000000001,0.020000000000000018,0.28,0.0,0.0,-0.030000000000000027,0.10000000000000009,-0.0014421248375171558,0.0002826776444369017,0.00046387514625045867,-0.030997889352148533,0.0015330052896587176,-0.005369962995872335,0.004648258317100584,0.008981929282501966,-0.011329762844815683,0.09276573050642423,0.639999999999997
2022-01-11,0.9,1.75,-0.79,0.08,4713.07,15153.45,18.41,114.8332,81.17,1805.2,0.85,-0.020000000000000018,0.22999999999999998,-0.030000000000000027,0.31000000000000005,-0.09000000000000008,0.14,0.0,0.0,-0.010000000000000009,0.08000000000000007,0.009118332112992178,0.016899652879303062,0.013996642672497117,-0.005540453821321734,-0.0033765900039810504,-0.012173797709643885,0.0025792151856265377,0.012738670677979513,0.03842763115087866,0.13994059576034612,-0.9899999999999984
2022-01-12,0.92,1.74,-0.74,0.08,4726.35,15188.39,17.62,114.355,82.51,1816.4,0.82,0.020000000000000018,0.2300000000000001,-0.010000000000000009,0.27,0.050000000000000044,0.18000000000000005,0.0,0.0,-0.030000000000000027,0.039999999999999925,0.002813734056029915,0.0034971740354290404,0.0023030914040909067,-0.024530746082733756,-0.004172995764559317,-0.01791301701298753,0.006185131270949995,0.02621601417451025,0.01637377734316736,0.15179011824932598,-0.7899999999999991
2022-01-13,0.91,1.7,-0.73,0.08,4659.03,14806.81,20.31,114.177,81.97,1822.4,0.7899999999999999,-0.010000000000000009,0.27,-0.040000000000000036,0.26,0.010000000000000009,0.25,0.0,0.0,-0.030000000000000027,-0.010000000000000009,-0.014345962458905959,-0.002066962580723697,-0.025444110131356723,-0.024919888236512477,-0.001557769030116063,-0.013376938769659397,0.0032977934691214017,0.02065186839635924,-0.0065661714513129965,0.12497610014098726,2.6899999999999977
2022-01-14,0.99,1.78,-0.66,0.08,4662.85,14893.75,19.19,114.3825,83.82,1822.25,0.79,0.07999999999999996,0.32999999999999996,0.08000000000000007,0.3700000000000001,0.06999999999999995,0.30999999999999994,0.0,0.0,1.1102230246251565e-16,0.04000000000000015,0.0008195772127130851,0.009093625538634242,0.005854451789419457,-0.01835703700804281,0.0017982193291050663,-0.012238746694957392,-8.231243059508841e-05,0.008127326229402598,0.022318315831986624,0.16697816728293002,-1.1199999999999974
2022-01-17,,,,,,,,,,1820.05,,,,,,,,,,,,,,,,,,-0.001208028041371989,0.012522796996677243,,,
2022-01-18,1.06,1.87,-0.59,0.08,4577.11,14506.9,22.79,114.7373,85.42,1810.8,0.81,,0.3600000000000001,,0.3900000000000001,,0.37,,0.0,,0.030000000000000027,,-0.015633819897407975,,-0.05591045116828397,,-0.01188337638475101,-0.00509523665914724,0.00829028911851637,,0.18349292860412536,
2022-01-19,1.04,1.83,-0.57,0.08,4532.76,14340.26,23.85,114.6109,86.84,1817.5,0.79,-0.020000000000000018,0.36,-0.040000000000000036,0.3700000000000001,0.020000000000000018,0.44000000000000006,0.0,0.0,-0.020000000000000018,0.01000000000000012,-0.009736769104655707,-0.03549930035434201,-0.011553432200123837,-0.07918031958228511,-0.0011022542387308931,-0.009876820723405011,0.003693193845871079,0.015302178055219606,0.01648707959677065,0.17607670226280359,1.0600000000000023
2022-01-20,1.08,1.83,-0.5,0.08,4482.73,14154.02,25.59,114.4642,86.29,1836.7,0.75,0.040000000000000036,0.3700000000000001,0.0,0.33000000000000007,0.06999999999999995,0.47,0.0,0.0,-0.040000000000000036,-0.040000000000000036,-0.011098789654239383,-0.05280250690390531,-0.013072283428208209,-0.1006875465873538,-0.0012808028463551224,-0.00930015194627476,0.010508552726815168,0.017105228640636128,-0.006353628489874197,0.15513621571966052,1.7399999999999984
2022-01-21,1.01,1.75,-0.59,0.08,4397.94,13768.92,28.85,114.6125,85.16,1834.25,0.74,-0.07000000000000006,,-0.08000000000000007,,-0.08999999999999997,,0.0,0.0,-0.010000000000000009,,-0.01909598635863574,,-0.027584804388599338,,0.0012947630266859633,,-0.0013348045403862585,0.02662920102880939,-0.013181876494937406,,3.2600000000000016
2022-01-24,0.99,1.75,-0.63,0.08,4410.13,13855.13,29.9,115.2034,84.48,1838.25,0.76,-0.020000000000000018,0.22999999999999998,0.0,0.27,-0.040000000000000036,0.39,0.0,0.0,0.020000000000000018,0.040000000000000036,0.0027679180076169985,-0.08287464732382155,0.0062416828730711416,-0.13585436530657624,0.005142388339134385,-0.0022976377396890513,0.002178353482228168,,-0.008017020067327962,0.112514622806418,1.0499999999999972
2022-01-25,1.02,1.78,-0.63,0.08,4356.45,13539.29,31.16,115.1654,86.61,1835.65,0.76,0.030000000000000027,0.28,0.030000000000000027,0.29000000000000004,0.0,0.38,0.0,0.0,0.0,0.010000000000000009,-0.012246661962160843,-0.09411061125454445,-0.02305973227897873,-0.1532564793241633,-0.00032990578884461996,-0.002201362124727879,-0.001415389876727069,,0.024900462385001987,0.13055037176500406,1.2600000000000016
2022-01-26,1.13,1.85,-0.53,0.08,4349.93,13542.12,31.96,115.0922,88.33,1845.2,0.7200000000000002,0.10999999999999988,0.3799999999999999,0.07000000000000006,0.30000000000000004,0.09999999999999998,0.44999999999999996,0.0,0.0,-0.039999999999999813,-0.07999999999999985,-0.00149775250307016,-0.09700928533783859,0.00020899945832297817,-0.15206484827422528,-0.0006358096537617541,-0.0023917394027508365,0.005189030484061163,0.026830844302106804,0.01966451841408734,0.1427438547078923,0.8000000000000007
2022-01-27,1.18,1.81,-0.59,0.08,4326.51,13352.78,30.49,115.978,87.61,1815.5,0.6300000000000001,0.050000000000000044,0.44999999999999996,-0.040000000000000036,0.29000000000000004,-0.05999999999999994,0.4700000000000001,0.0,0.0,-0.09000000000000008,-0.15999999999999992,-0.005398540617997938,-0.09941360842575975,-0.014080225476773123,-0.16457974575675394,0.007666971674587408,0.006010542999749902,-0.016226760829274767,0.008991000466477495,-0.008184654078768006,0.1312999577987286,-1.4700000000000024
2022-01-28,1.15,1.78,-0.66,0.08,4431.85,13770.57,27.66,116.0393,87.67,1790.2,0.6300000000000001,-0.030000000000000027,0.41999999999999993,-0.030000000000000027,0.26,-0.07000000000000006,0.38,0.0,0.009999999999999995,0.0,-0.15999999999999992,0.024055891707797983,-0.07272804137641664,0.030809103351597145,-0.12761575335411202,0.0005284088852546276,,-0.014033566417552379,-0.016564099179523062,0.0006846189222216026,0.15170130376289048,-2.8299999999999983
2022-01-31,1.18,1.79,-0.65,0.08,4515.55,14239.88,24.83,115.566,89.16,1790.6,0.6100000000000001,0.030000000000000027,0.3999999999999999,0.010000000000000009,0.16000000000000014,0.010000000000000009,0.31999999999999995,0.0,0.0,-0.020000000000000018,-0.23999999999999977,0.01870989151139746,-0.06037199870057108,0.033512772762676946,-0.10603725861260394,-0.004087131502248376,0.0013499234221603373,0.00022341376321755035,,0.01685274291717409,0.15983075583597461,-2.830000000000002
2022-02-01,1.18,1.81,-0.62,0.08,4546.54,14346.0,21.96,115.3685,88.22,1806.5,0.6300000000000001,0.0,0.4099999999999999,0.020000000000000018,0.15000000000000013,0.030000000000000027,0.29000000000000004,0.0,0.0,0.020000000000000018,-0.2599999999999998,0.006839508503304614,-0.052902674011860995,0.007424678722211198,-0.08525510727086427,-0.0017104421223397281,0.000504597745738522,0.008840512387639166,-0.0014105740055123661,-0.010598813840874577,0.13602827282310948,-2.8699999999999974
2022-02-02,1.16,1.78,-0.63,0.08,4589.38,14417.55,22.09,115.1538,88.16,1802.0,0.6200000000000001,-0.020000000000000018,0.32999999999999996,-0.030000000000000027,0.07000000000000006,-0.010000000000000009,0.18999999999999995,0.0,0.0,-0.010000000000000009,-0.2599999999999999,0.009378434574516703,-0.02394096666154155,0.0049750568048043675,-0.04625978752660487,-0.0018627270513924543,0.0001459024852907831,-0.002494112419411998,-0.009114826258760367,-0.0006803492721889626,0.12462638443330754,0.129999999999999
2022-02-03,1.19,1.82,-0.56,0.08,4477.44,13878.82,24.35,114.9065,90.17,1803.75,0.6300000000000001,0.030000000000000027,0.30999999999999994,0.040000000000000036,0.09000000000000008,0.06999999999999995,0.16999999999999993,0.0,0.0,0.010000000000000009,-0.21999999999999986,-0.02469348416817496,-0.047670275300630394,-0.03808227745353854,-0.08306245307591986,-0.0021498719705288494,-0.00432546044549742,0.0009706719197977165,-0.0006650594642003682,0.022543432107211103,0.12631718555972782,2.2600000000000016
2022-02-04,1.31,1.93,-0.48,0.08,4500.53,14098.01,23.22,115.1362,92.27,1814.55,0.6199999999999999,0.1200000000000001,0.44000000000000006,0.10999999999999988,0.16999999999999993,0.08000000000000007,0.24,0.0,0.0,-0.010000000000000231,-0.27000000000000013,0.0051437130908578155,-0.038468125472567394,0.015669715616395408,-0.05773405831211065,0.0019970212168329837,0.0007915500065083236,0.005969671985885938,0.01239358762384768,0.023022284078648703,0.15527120912344294,-1.1300000000000026
2022-02-07,1.3,1.92,-0.48,0.08,4483.87,14015.67,22.86,115.0098,91.25,1811.15,0.6199999999999999,-0.010000000000000009,0.38,-0.010000000000000009,0.1399999999999999,0.0,0.21999999999999997,0.0,0.0,0.0,-0.2400000000000001,-0.0037086548006097786,-0.04073465543566002,-0.0058576632755915625,-0.06405559673395267,-0.0010984332789538698,-0.0018398885621042638,-0.0018755004532229336,0.005869828853524162,-0.011116069127863781,0.15548490284039485,-0.35999999999999943
2022-02-08,1.35,1.96,-0.46,0.08,4521.54,14194.45,21.44,115.0892,89.32,1821.0,0.6099999999999999,0.050000000000000044,0.45000000000000007,0.040000000000000036,0.20999999999999996,0.019999999999999962,0.33,0.0,0.0,-0.010000000000000009,-0.2400000000000001,0.00836613096277894,-0.041486856585873255,0.012675053740638376,-0.06537718566581141,0.0006901377507206874,0.002226839192597474,0.0054237981068645524,0.008714411774762176,-0.021377565490643846,0.09567970619887234,-1.4199999999999982
2022-02-09,1.36,1.94,-0.48,0.08,4587.18,14490.37,19.96,114.8232,89.57,1828.1,0.5799999999999998,0.010000000000000009,0.44000000000000006,-0.020000000000000018,0.19999999999999996,-0.019999999999999962,0.26,0.0,0.0,-0.030000000000000027,-0.2400000000000001,0.014412812398356678,-0.029887778243546492,0.02063324772125341,-0.047047029348648906,-0.00231392581423151,0.004085909142925281,0.0038913753854314947,0.006420655889243676,0.00279501551514727,0.08210094437085225,-1.4800000000000004
2022-02-10,1.61,2.03,-0.42,0.08,4504.08,14185.64,23.91,114.5527,89.83,1832.3,0.4199999999999997,0.25,0.7000000000000001,0.08999999999999986,0.32999999999999985,0.06,0.31,0.0,0.0,-0.16000000000000014,-0.3700000000000002,-0.018281803510330263,-0.0338236192949708,-0.02125410553269802,-0.0428570247499902,-0.002358574945288794,0.0032851032277525505,0.002294832173089567,0.0054176945932118414,0.0028985527540115186,0.09156566857617676,3.9499999999999993
2022-02-11,1.5,1.92,-0.51,0.08,4418.64,13791.15,27.36,114.8413,93.1,1826.25,0.41999999999999993,-0.1100000000000001,0.51,-0.10999999999999988,0.1399999999999999,-0.09000000000000002,0.15000000000000002,0.0,0.0,2.220446049250313e-16,-0.3700000000000001,-0.019151696234066762,-0.053794892741750644,-0.028203103233764182,-0.07691457977317384,0.0025161961713591197,0.004003080070006604,-0.0033073242212200427,0.002192682802586887,0.035755189041905666,0.1050025417860958,3.4499999999999993
2022-02-14,1.58,1.98,-0.5,0.08,4401.67,13790.92,28.33,115.1946,95.52,1855.8,0.3999999999999999,0.08000000000000007,,0.06000000000000005,,0.010000000000000009,,0.0,,-0.020000000000000018,,-0.003847942065318577,,-1.6677500999762174e-05,,0.0030716968768054187,,0.016051185854169425,0.0194518966981283,0.025661465361270785,,0.9699999999999989
2022-02-15,1.58,2.05,-0.43,0.08,4471.07,14139.76,25.7,114.93,92.07,1855.1,0.46999999999999975,0.0,0.52,0.06999999999999984,0.17999999999999972,0.07,0.15999999999999998,0.0,0.0,0.06999999999999984,-0.3400000000000003,0.01564373921237383,-0.023440041010259094,0.024980282607756976,-0.025633711110547353,-0.0022996247824558225,0.0016780799462488005,-0.00037726697475104487,0.024169866382524496,-0.03678649234453779,0.07496889188643419,-2.629999999999999
2022-02-16,1.52,2.03,-0.43,0.08,4475.01,14124.09,24.29,114.6886,93.83,1854.4,0.5099999999999998,-0.06000000000000005,0.48,-0.020000000000000018,0.19999999999999973,0.0,0.13999999999999996,0.0,0.0,0.040000000000000036,-0.28000000000000025,0.0008808327792149129,-0.012822439126388474,-0.0011088370201193243,-0.01518911593054284,-0.0021026178971199627,0.0006777162878597309,-0.00037740935884045257,0.020099263177812965,0.018935477002203882,0.07741728929186742,-1.4100000000000001
2022-02-17,1.49,1.97,-0.46,0.08,4380.26,13716.72,28.11,114.6755,91.78,1886.55,0.48,-0.030000000000000027,0.4099999999999999,-0.05999999999999983,0.1399999999999999,-0.030000000000000027,0.03999999999999998,0.0,0.0,-0.029999999999999805,-0.27,-0.021400503004024074,-0.023124152476173165,-0.029266323517116888,-0.03138315601945152,-0.0001142288615723075,0.0018442902726425459,0.0171885705757866,0.026779281026784396,-0.02209022533527083,0.061680692446470786,3.8200000000000003
2022-02-18,1.47,1.92,-0.49,0.08,4348.87,13548.07,27.75,114.7982,91.26,1886.95,0.44999999999999996,-0.020000000000000018,0.45999999999999996,-0.050000000000000044,0.16999999999999993,-0.02999999999999997,0.09999999999999998,0.0,0.0,-0.030000000000000027,-0.29000000000000004,-0.007192042117619479,-0.011220208235156903,-0.012371424904793926,-0.016169776535646108,0.0010694036980583022,0.0016189309440148847,0.00021200477090133063,0.028326090338071985,-0.005681833467431119,0.06918073547397707,-0.35999999999999943
2022-02-21,,,,,,,,,,1895.45,,,,,,,,,,,,,,,,,,0.004494508411991838,0.030642245267835655,,,
2022-02-22,1.56,1.94,-0.51,0.08,4304.76,13381.52,28.81,114.7002,92.11,1895.0,0.3799999999999999,,0.54,,0.15999999999999992,,0.12,,0.0,,-0.3800000000000001,,-0.011936118323429667,,-0.011721178246757447,,-0.00404758811334105,-0.00023743882764026836,0.031820196316922456,,0.06156823265719069,
2022-02-23,1.58,1.99,-0.54,0.08,4225.5,13037.49,31.02,114.6668,92.14,1895.7,0.4099999999999999,0.020000000000000018,0.4500000000000002,0.050000000000000044,0.1399999999999999,-0.030000000000000027,-0.010000000000000009,0.0,0.0,0.030000000000000027,-0.3100000000000003,-0.01858379019433265,-0.029022156014692158,-0.026045597331069814,-0.03797577503615024,-0.0002912363176568178,-0.0037030147772361133,0.0003693249309923985,0.02700049076385369,0.0003256445076269543,0.042229358750730306,2.210000000000001
2022-02-24,1.54,1.96,-0.59,0.08,4288.7,13473.59,30.32,115.9419,92.77,1968.35,0.41999999999999993,-0.040000000000000036,0.3600000000000001,-0.030000000000000027,0.1499999999999999,-0.04999999999999993,0.0,0.0,0.0,0.010000000000000009,-0.2100000000000002,0.01484605971153563,-0.008777555685158589,0.03290241979279784,0.009006870233420727,0.01105867206878397,-0.0003113143830395515,0.0376074648804936,0.08083471647362206,0.006814152157409659,0.05722816498690797,-0.6999999999999993
2022-02-25,1.55,1.97,-0.57,0.08,4384.65,13694.62,27.59,115.2577,91.68,1912.15,0.41999999999999993,0.010000000000000009,0.40000000000000013,0.010000000000000009,0.18999999999999995,0.020000000000000018,0.09000000000000008,0.0,0.0,0.0,-0.2100000000000002,0.022126148364755238,-0.010707299028201334,0.016271581875850316,-0.005530651242326101,-0.005918712639284784,-0.0067584359075789635,-0.02896736491100871,0.06590091798016573,-0.011819058698750773,0.044724487365935595,-2.7300000000000004
2022-02-28,1.44,1.83,-0.79,0.08,4373.94,13751.4,30.15,115.2224,96.13,1903.3,0.3900000000000001,-0.1100000000000001,0.26,-0.1399999999999999,0.040000000000000036,-0.22000000000000008,-0.14,0.0,0.0,-0.029999999999999805,-0.21999999999999997,-0.002445600339324727,-0.03186279087892352,0.004137582134251971,-0.034905841870751075,-0.00030631712044559833,-0.0029776215257761862,-0.004639041723265791,0.06103846249368239,0.04739718911129476,0.07526893356005626,2.5599999999999987
2022-03-01,1.31,1.72,-0.9,0.08,4306.26,13532.46,33.32,115.7962,103.66,1920.45,0.4099999999999999,-0.1299999999999999,0.13000000000000012,-0.1100000000000001,-0.09000000000000008,-0.10999999999999999,-0.28,0.0,0.0,0.019999999999999796,-0.2200000000000002,-0.015594426756136315,-0.05429672613836445,-0.016049393273686263,-0.058379913866648536,0.004967575597482288,0.0037003961940458296,0.008970311866559832,0.061168261972603055,0.07541487068383645,0.1612826180847673,3.1700000000000017
2022-03-02,1.5,1.86,-0.85,0.08,4386.54,13752.02,30.74,115.7623,110.74,1926.0,0.3600000000000001,0.18999999999999995,0.3400000000000001,0.14000000000000012,0.08000000000000007,0.050000000000000044,-0.21999999999999997,0.0,0.0,-0.04999999999999982,-0.26,0.018470983448990452,-0.0452041772638907,0.016094478575812587,-0.047260492095640316,-0.00029279858214881216,0.005270324663289472,0.002885779797773047,0.0665481541897881,0.06606879863326043,0.22803176599021668,-2.580000000000002
2022-03-03,1.53,1.86,-0.83,0.08,4363.49,13537.94,30.48,115.9495,107.69,1935.4,0.33000000000000007,0.030000000000000027,0.3400000000000001,0.0,0.040000000000000036,0.020000000000000018,-0.2699999999999999,0.0,0.0,-0.030000000000000027,-0.30000000000000004,-0.005268565551901361,-0.025779258647617098,-0.015689608306082903,-0.02486782294818468,0.0016158006690094595,0.00903599730282778,0.004868710088770989,0.07044619235876137,-0.02792838205403214,0.17755995182897344,-0.259999999999998
2022-03-04,1.5,1.74,-0.93,0.08,4328.87,13313.44,31.98,116.6503,115.77,1943.8,0.24,-0.030000000000000027,0.18999999999999995,-0.1200000000000001,-0.18999999999999995,-0.10000000000000009,-0.45000000000000007,0.0,0.0,-0.09000000000000008,-0.3799999999999999,-0.007965657901415568,-0.03888862963989048,-0.01672206280183275,-0.05725960136641284,0.006025818771395741,0.013064794857390538,0.004330796622528332,0.06880731699540377,0.07234873487684812,0.22688640262717286,1.5
2022-03-07,1.55,1.78,-0.99,0.08,4201.09,12830.96,36.45,117.3278,119.26,1999.25,0.22999999999999998,0.050000000000000044,0.25,0.040000000000000036,-0.1399999999999999,-0.05999999999999994,-0.51,0.0,0.0,-0.010000000000000009,-0.3899999999999999,-0.029962522550535553,-0.06514249738981626,-0.03691305084739405,-0.08831498893821532,0.005791156466950831,0.01995438460329524,0.028127290142628603,0.0988101075912553,0.02970051947732255,0.2677029912323592,4.470000000000002
2022-03-08,1.63,1.86,-1.04,0.08,4170.7,12795.55,35.13,117.6176,123.64,2007.0,0.2300000000000002,0.07999999999999985,0.2799999999999998,0.08000000000000007,-0.09999999999999987,-0.050000000000000044,-0.5800000000000001,0.0,0.0,2.220446049250313e-16,-0.37999999999999967,-0.007260127998096166,-0.08076875635069136,-0.00276354622896946,-0.10375358890782316,0.0024669574034978936,0.021731204256072445,0.0038689595843388602,0.09725526906872961,0.03606813356895611,0.32514869029195914,-1.3200000000000003
2022-03-09,1.68,1.94,-0.9,0.08,4277.88,13255.55,32.45,116.5961,108.81,2017.15,0.26,0.050000000000000044,0.31999999999999984,0.07999999999999985,0.0,0.14,-0.42000000000000004,0.0,0.0,0.029999999999999805,-0.31999999999999984,0.025373672345635256,-0.06980789640341278,0.03531887842695269,-0.08906795820212388,-0.0087228584579373,0.015322271612366656,0.005044554265799306,0.09840844794909742,-0.12777087530099518,0.1945827994758167,-2.6799999999999997
2022-03-10,1.72,1.98,-0.88,0.08,4259.52,13129.96,30.23,116.7401,105.93,1997.65,0.26,0.040000000000000036,0.10999999999999988,0.040000000000000036,-0.04999999999999982,0.020000000000000018,-0.46,0.0,0.0,0.0,-0.1599999999999997,-0.004301081899390269,-0.05582717479247279,-0.009519690804507874,-0.07733354347393373,0.0012342707070835957,0.018915117264739045,-0.009714134373776773,0.08639948140223108,-0.026824743354516123,0.16485950336728905,-2.2200000000000024
2022-03-11,1.75,2.0,-0.94,0.08,4204.31,12843.81,30.75,117.0192,109.31,1991.45,0.25,0.030000000000000027,0.25,0.020000000000000018,0.08000000000000007,-0.05999999999999994,-0.42999999999999994,0.0,0.0,-0.010000000000000009,-0.16999999999999993,-0.013046288284511931,-0.04972176684291796,-0.022034658633128146,-0.0711650988732977,0.0023879275188081195,0.018786848612188045,-0.0031084730853301323,0.08659833253812099,0.0314093836973397,0.16051369802272308,0.5199999999999996
2022-03-14,1.87,2.14,-0.79,0.08,4173.11,12581.22,31.77,117.1506,103.22,1961.6,0.27,0.1200000000000001,0.29000000000000004,0.14000000000000012,0.16000000000000014,0.1499999999999999,-0.29000000000000004,0.0,0.0,0.020000000000000018,-0.1299999999999999,-0.007448628397105139,-0.05332245317470452,-0.020656757316066532,-0.09180517868836446,0.0011222626811075997,0.016837414416490226,-0.01510254986113857,0.055444596822813,-0.05732524958516283,0.07752698307628947,1.0199999999999996
2022-03-15,1.85,2.15,-0.69,0.08,4262.45,12948.62,29.83,117.246,96.42,1928.75,0.2999999999999998,-0.020000000000000018,0.27,0.009999999999999787,0.10000000000000009,0.10000000000000009,-0.25999999999999995,0.0,0.0,0.029999999999999805,-0.16999999999999993,0.02118255114065626,-0.04778364124642209,0.028783992858290475,-0.08800146843783097,0.0008140050262479548,0.019951044225194003,-0.01688834206452139,0.03893352173304265,-0.06814898374310552,0.04616449167772174,-1.9400000000000013
2022-03-16,1.95,2.19,-0.61,0.08,4357.86,13436.55,26.67,116.8073,94.85,1918.75,0.24,0.09999999999999987,0.42999999999999994,0.040000000000000036,0.16000000000000014,0.07999999999999996,-0.18,0.0,0.0,-0.05999999999999983,-0.2699999999999998,0.0221369988429565,-0.026527475182680504,0.03698938695359644,-0.049903244464115204,-0.003748723164778589,0.018304938957535377,-0.005198192341863361,0.034112738750019744,-0.016416952596452816,0.010812062079065043,-3.1599999999999966
2022-03-17,1.94,2.2,-0.71,0.33,4411.67,13614.78,25.67,116.0467,102.97,1941.4,0.26000000000000023,-0.010000000000000009,0.44999999999999996,0.010000000000000231,0.2300000000000002,-0.09999999999999998,-0.24999999999999994,0.25,0.25,0.02000000000000024,-0.21999999999999975,0.012272191404502308,0.007145219225845878,0.013177361632356721,-0.007459559314641595,-0.0065328721439055215,0.011886295675202163,0.011735429942619113,0.02865959811685226,0.08214098728763641,0.11504327470197229,-1.0
2022-03-18,1.97,2.14,-0.72,0.33,4463.12,13893.84,23.87,116.1378,104.69,1932.9,0.17000000000000015,0.030000000000000027,0.5,-0.06000000000000005,0.2200000000000002,-0.010000000000000009,-0.22999999999999998,0.0,0.25,-0.09000000000000008,-0.2799999999999998,0.011594770446318847,0.025932031789784205,0.020289609095561545,0.025201474685713876,0.0007847208118958449,0.011601612789039706,-0.004387896465419594,0.024059696880531334,0.016565918662603707,0.1372910268320071,-1.8000000000000007
2022-03-21,2.14,2.32,-0.58,0.33,4461.18,13838.46,23.53,115.9398,112.14,1925.05,0.17999999999999972,0.17000000000000015,,0.17999999999999972,,0.14,,0.0,,0.009999999999999565,,-0.00043476799985597836,,-0.00399390412011158,,-0.001706326229162336,,-0.004069524402167346,0.01549566406637215,0.06874448836426339,,-0.33999999999999986
2022-03-22,2.18,2.38,-0.53,0.33,4511.61,14108.82,22.94,116.0824,111.03,1929.35,0.19999999999999973,0.040000000000000036,0.6200000000000001,0.06000000000000005,0.43999999999999995,0.04999999999999993,-0.020000000000000018,0.0,0.25,0.020000000000000018,-0.18000000000000016,0.011240769260245642,0.04693268709299048,0.019348461413407847,0.05292548309602907,0.0012291928785668205,0.01197851594551036,0.002231217197956603,0.01796432009196902,-0.00994765562935207,0.1868169200660308,-0.5899999999999999
2022-03-23,2.13,2.32,-0.62,0.33,4456.24,13922.6,23.57,116.005,114.89,1932.15,0.18999999999999995,-0.050000000000000266,0.5499999999999998,-0.06000000000000005,0.32999999999999985,-0.08999999999999997,-0.07999999999999996,0.0,0.25,-0.009999999999999787,-0.21999999999999997,-0.012348713151043356,0.05316776413627977,-0.01328671466152187,0.06568436576557701,-0.0006669901327640559,0.011602762130403121,0.0014502139017107396,0.019045209062687363,0.03417471379909909,0.22066598935750292,0.629999999999999
2022-03-24,2.13,2.34,-0.58,0.33,4520.16,14191.84,21.67,115.9599,114.2,1945.9,0.20999999999999996,0.0,0.5899999999999999,0.020000000000000018,0.3799999999999999,0.040000000000000036,0.010000000000000009,0.0,0.25,0.020000000000000018,-0.20999999999999996,0.014242030309045361,0.0525637347337895,0.019153732472556584,0.05193567844533575,-0.0003888519389638745,0.0001552381226552768,0.0070912224539032565,-0.011471033363902983,-0.00602385164336372,0.20782798555672954,-1.8999999999999986
2022-03-25,2.3,2.48,-0.47,0.33,4543.06,14169.3,20.81,115.7921,116.2,1956.65,0.18000000000000016,0.16999999999999993,0.7499999999999998,0.14000000000000012,0.51,0.10999999999999999,0.09999999999999998,0.0,0.25,-0.029999999999999805,-0.23999999999999977,0.005053402374178617,0.03549098874321288,-0.001589499205294942,0.034074597364190495,-0.0014480999458301724,0.004625850816109889,0.005509232266081021,0.023005563813186747,0.017361547195901217,0.23700859145138153,-0.860000000000003
2022-03-28,2.35,2.46,-0.49,0.33,4575.52,14354.9,19.63,116.1911,107.55,1927.0,0.10999999999999988,0.050000000000000266,0.9100000000000001,-0.020000000000000018,0.6299999999999999,-0.020000000000000018,0.30000000000000004,0.0,0.25,-0.07000000000000028,-0.28000000000000025,0.007119559648820939,0.04505614873135855,0.01301369499368299,0.04295071022362151,0.003439907660951924,0.008372075597507411,-0.01526943781582446,0.012375167720628077,-0.07735698870407237,0.1122544136360144,-1.1799999999999997
2022-03-29,2.35,2.41,-0.45,0.33,4631.6,14619.64,18.9,115.5679,104.25,1911.05,0.06000000000000005,0.0,1.04,-0.04999999999999982,0.6900000000000002,0.03999999999999998,0.45,0.0,0.25,-0.04999999999999982,-0.34999999999999987,0.01218202728525597,0.07283260277275083,0.018274482880551446,0.07727458637785922,-0.005378013385184843,-0.0019735133851597197,-0.008311560204494306,-0.004906704350426061,-0.03116399503482814,0.00567554791734981,-0.7300000000000004
2022-03-30,2.31,2.35,-0.51,0.33,4602.45,14442.27,19.33,115.0818,107.81,1917.8,0.040000000000000036,-0.040000000000000036,0.81,-0.06000000000000005,0.49,-0.06,0.33999999999999997,0.0,0.25,-0.020000000000000018,-0.32000000000000006,-0.006313610350948906,0.04804800897281147,-0.012206506889679503,0.04897360091236713,-0.004215056162649944,-0.0058957709656608515,0.003525866509709097,-0.004266617638490011,0.033578557872115944,-0.026814692843794674,0.4299999999999997
2022-03-31,2.28,2.32,-0.52,0.33,4530.41,14220.52,20.56,115.2218,100.53,1924.1,0.040000000000000036,-0.03000000000000025,0.7499999999999998,-0.03000000000000025,0.45999999999999974,-0.010000000000000009,0.30999999999999994,0.0,0.25,0.0,-0.29000000000000004,-0.01577632727939715,0.03754024724531568,-0.015473331405495117,0.04918987781295492,0.0012157866159707709,-0.00629578501869954,0.003279630207389417,-0.005855697519871583,-0.06991422813369752,-0.06880053892346005,1.2300000000000004
2022-04-01,2.44,2.39,-0.41,0.33,4545.86,14261.5,19.63,115.4814,99.32,1933.35,-0.04999999999999982,0.16000000000000014,0.94,0.07000000000000028,0.6500000000000001,0.11000000000000004,0.52,0.0,0.25,-0.08999999999999986,-0.2899999999999998,0.0034044855260564333,0.048910390672787685,0.002877606874674754,0.06878954748946242,0.002250511562635893,-0.010071092227459388,0.004795923591927931,-0.005390570550471985,-0.012109229777363062,-0.15325850357767123,-0.9299999999999997
2022-04-04,2.43,2.42,-0.38,0.33,4582.64,14532.55,18.57,115.4112,103.29,1927.1,-0.010000000000000231,-0.009999999999999787,0.8800000000000001,0.029999999999999805,0.6399999999999999,0.02999999999999997,0.61,0.0,0.25,0.03999999999999959,-0.2400000000000002,0.00805832262263273,0.08693123584595597,0.018827362356748978,0.12452996069360545,-0.0006080749418826414,-0.01647032363629286,-0.003237967315024015,-0.0367558280081246,0.03919360537857575,-0.14376541767641804,-1.0599999999999987
2022-04-05,2.51,2.54,-0.3,0.33,4525.12,14204.17,21.03,115.73,101.98,1929.45,0.03000000000000025,0.07999999999999963,0.8799999999999999,0.1200000000000001,0.6799999999999999,0.08000000000000002,0.74,0.0,0.25,0.04000000000000048,-0.19999999999999996,-0.012631155137048822,0.08156020870700331,-0.022855377682892808,0.1044381292396821,0.0027584887692251314,-0.016178792270565623,0.0012187059889594565,-0.039406081603504006,-0.012763850391531939,-0.19259740163690608,2.460000000000001
2022-04-06,2.5,2.61,-0.22,0.33,4481.15,13888.82,22.1,115.9995,96.39,1929.0,0.10999999999999988,-0.009999999999999787,0.8200000000000001,0.06999999999999984,0.6699999999999999,0.07999999999999999,0.68,0.0,0.25,0.07999999999999963,-0.15000000000000013,-0.009764386222700594,0.04642215013866746,-0.022451383515027956,0.04666786729770145,0.0023259888922613214,-0.005129944920367002,-0.00023325428710485596,-0.04468389015640817,-0.056374253831132926,-0.12120078016704383,1.0700000000000003
2022-04-07,2.47,2.66,-0.16,0.33,4500.21,13897.3,21.55,116.3512,96.05,1926.4,0.18999999999999995,-0.029999999999999805,0.7500000000000002,0.050000000000000266,0.6800000000000002,0.06,0.72,0.0,0.25,0.08000000000000007,-0.07000000000000006,0.004244352439510379,0.05496758447756811,0.0006103767106218072,0.05679793481283113,0.00302732265150496,-0.003336892975945638,-0.0013487577912272286,-0.036318513573858624,-0.0035335725813112617,-0.09790960939383897,-0.5500000000000007
2022-04-08,2.53,2.72,-0.15,0.33,4488.28,13711.0,21.16,116.4176,98.35,1931.2,0.1900000000000004,0.05999999999999961,0.7799999999999998,0.06000000000000005,0.7200000000000002,0.010000000000000009,0.7899999999999999,0.0,0.25,4.440892098500626e-16,-0.05999999999999961,-0.0026545074879766872,0.06535936527410335,-0.013496146289885047,0.06533644715607423,0.0005705232127422022,-0.005154297282011555,0.0024885952287654334,-0.03072144525976306,0.023663655620502766,-0.1056553374706759,-0.39000000000000057
2022-04-11,2.5,2.79,-0.12,0.33,4412.53,13411.96,24.37,116.5401,94.22,1956.85,0.29000000000000004,-0.029999999999999805,0.6299999999999999,0.06999999999999984,0.6499999999999999,0.03,0.67,0.0,0.25,0.09999999999999964,0.020000000000000018,-0.017021333762949453,0.05578665990825904,-0.02205158417880071,0.06394162029334005,0.0010516931725463863,-0.005224866790572769,0.013194466184700104,-0.002424429213924384,-0.04290007156317355,-0.09123015944868662,3.210000000000001
2022-04-12,2.39,2.72,-0.14,0.33,4397.45,13371.57,24.26,116.3866,100.52,1951.4,0.33000000000000007,-0.10999999999999988,0.54,-0.06999999999999984,0.5700000000000003,-0.020000000000000018,0.5499999999999999,0.0,0.25,0.040000000000000036,0.03000000000000025,-0.0034233936348684324,0.03118071513273435,-0.0030160349003427456,0.03214159253470683,-0.0013180113934652127,-0.007356883210285936,-0.0027889738541180265,0.011674938996478978,0.06472423940349614,0.04164306369791504,-0.10999999999999943
2022-04-13,2.37,2.7,-0.1,0.33,4446.59,13643.59,21.82,116.2796,104.26,1975.25,0.33000000000000007,-0.020000000000000018,0.42000000000000015,-0.020000000000000018,0.5100000000000002,0.04000000000000001,0.51,0.0,0.25,0.0,0.09000000000000008,0.011112682823132047,0.020156399112909895,0.020139002970763542,0.015291208551873936,-0.0009197726832974595,-0.004527932728804807,0.01214790892899309,0.02902104026733543,0.03653106666456907,0.09459108295893692,-2.4400000000000013
2022-04-14,2.47,2.83,-0.06,0.33,4392.59,13351.08,22.7,116.7558,106.84,1970.6,0.3599999999999999,0.10000000000000009,0.5300000000000002,0.1299999999999999,0.6299999999999999,0.04000000000000001,0.6499999999999999,0.0,0.0,0.029999999999999805,0.09999999999999964,-0.012218479951524586,-0.004334272243116999,-0.021672533815612738,-0.019558686896095523,0.004086938403633944,0.006091877818734659,-0.0023569077144687256,0.01492870261024759,0.024444608901800002,0.03689470457310051,0.879999999999999
2022-04-15,,,,0.33,,,,116.7017,,,,,,,,,,0.0,0.0,,,,,,,-0.000463467663007755,0.004843689343831059,,,,,
2022-04-18,2.46,2.85,-0.07,0.33,4391.69,13332.36,22.17,116.8441,108.24,,0.3900000000000001,,0.31999999999999984,,0.5300000000000002,,0.51,0.0,0.0,,0.2100000000000004,,-0.015699186191296732,,-0.03725750954087381,0.001219461173326053,0.007769476746319448,,,,-0.035397106832994574,
2022-04-19,2.61,2.93,0.0,0.33,4462.21,13619.66,21.37,117.1324,102.54,1975.95,0.3200000000000003,0.1499999999999999,0.4299999999999997,0.08000000000000007,0.5500000000000003,0.07,0.53,0.0,0.0,-0.06999999999999984,0.12000000000000055,0.01593004016149635,-0.011009915290046024,0.021320174339301445,-0.035285796614980214,0.0024643512994213523,0.00900463516717398,,0.02386613673545046,-0.05409801750697785,-0.07954746871062035,-0.8000000000000007
2022-04-20,2.6,2.85,-0.07,0.33,4459.45,13453.07,20.32,116.7306,102.56,1947.55,0.25,-0.009999999999999787,0.4700000000000002,-0.08000000000000007,0.5300000000000002,-0.07,0.55,0.0,0.0,-0.07000000000000028,0.06000000000000005,-0.000618718957692721,0.0007200789033046107,-0.012307004330249782,-0.034306086283708126,-0.0034362032074692905,0.006235422092468745,-0.014477122987663016,0.007938799846076705,0.00019502681680538814,-0.11352715569291405,-1.0500000000000007
2022-04-21,2.68,2.9,-0.12,0.33,4393.66,13174.65,22.68,117.1432,103.89,1945.95,0.21999999999999975,0.08000000000000007,0.5500000000000003,0.04999999999999982,0.56,-0.04999999999999999,0.45999999999999996,0.0,0.0,-0.03000000000000025,0.009999999999999787,-0.01486284731647558,-0.02838479872221633,-0.020912804180586164,-0.07437262293685087,0.0035284023097883477,0.010152676341220968,-0.0008218826711523519,2.569472102109671e-05,0.012884653910080424,-0.0946186501394699,2.3599999999999994
2022-04-22,2.72,2.9,-0.08,0.33,4271.78,12839.29,28.21,118.0186,102.86,1942.0,0.17999999999999972,0.040000000000000036,0.4200000000000004,0.0,0.41999999999999993,0.039999999999999994,0.38999999999999996,0.0,0.0,-0.040000000000000036,-4.440892098500626e-16,-0.02813199052103066,-0.06157019161742561,-0.025784527826880677,-0.09856765155843661,0.007445121134488808,0.019045897421539948,-0.0020319198338603073,-0.007515457378920232,-0.009963806735670211,-0.12194400407104133,5.530000000000001
2022-04-25,2.63,2.81,-0.1,0.33,4296.12,13004.85,27.02,118.6271,99.6,1918.7,0.18000000000000016,-0.0900000000000003,0.2799999999999998,-0.08999999999999986,0.3500000000000001,-0.020000000000000004,0.39,0.0,0.0,4.440892098500626e-16,0.07000000000000028,0.005681687572860028,-0.06300806369338652,0.012812364025942102,-0.0987689825261775,0.005142720456039029,0.020748710216627053,-0.012070496487217142,-0.004316516050312913,-0.032206675756217606,-0.07679369112318657,-1.1900000000000013
2022-04-26,2.54,2.77,-0.08,0.33,4175.2,12490.74,33.52,118.9624,102.62,1903.4,0.22999999999999998,-0.08999999999999986,0.18999999999999995,-0.040000000000000036,0.3599999999999999,0.020000000000000004,0.37,0.0,0.0,0.04999999999999982,0.16999999999999993,-0.028550028430272434,-0.10374011940891492,-0.040334795028377,-0.15737826043510594,0.002822517178580064,0.02894924078039196,-0.008006112725809977,-0.004011068571628584,0.029870680923266946,-0.015759015165091483,6.5000000000000036
2022-04-27,2.58,2.82,-0.06,0.33,4183.96,12488.93,31.6,119.4708,101.96,1896.15,0.23999999999999977,0.040000000000000036,0.27,0.04999999999999982,0.46999999999999975,0.020000000000000004,0.45,0.0,0.0,0.009999999999999787,0.19999999999999973,0.002095905140411247,-0.09533060391755477,-0.00014491784744663505,-0.14531667139287308,0.004264513251368562,0.03742881019441047,-0.003816246028566894,-0.011353181109904575,-0.006452266005904761,-0.05578983904311219,-1.9200000000000017
2022-04-28,2.63,2.85,-0.12,0.33,4287.5,12871.53,29.99,120.0675,105.47,1890.0,0.2200000000000002,0.04999999999999982,0.3500000000000001,0.03000000000000025,0.5300000000000002,-0.06,0.4,0.0,0.0,-0.019999999999999574,0.18000000000000016,0.024445646004581434,-0.05510863063357618,0.030175243728216117,-0.09966809625916184,0.004982094589775166,0.04119511816821486,-0.003248685555988118,-0.01788149687328211,0.03384597278060841,0.047970361871193745,-1.610000000000003
2022-04-29,2.7,2.89,0.01,0.33,4131.93,12334.64,33.4,119.4933,104.59,1915.45,0.18999999999999995,0.07000000000000028,0.26000000000000023,0.040000000000000036,0.5,0.13,0.42,0.0,0.0,-0.03000000000000025,0.23999999999999977,-0.03695920232685879,-0.0954723184864914,-0.04260633135092995,-0.14515203448476655,-0.004793781784073303,0.034150824821505665,0.01337575290112003,-0.00930166756409001,-0.00837860752234576,0.05170098412621105,3.41
2022-05-02,2.73,2.99,0.18,0.33,4155.38,12536.02,32.34,119.8825,105.18,,0.26000000000000023,0.029999999999999805,0.2999999999999998,0.10000000000000009,0.5700000000000003,0.16999999999999998,0.56,0.0,0.0,0.07000000000000028,0.27000000000000046,0.005659270037375208,-0.09787137107174892,0.01619453614749311,-0.1477848606940224,0.003251793564388983,0.03801069332777729,,,0.005625223395020917,0.018132602142656218,-1.0599999999999952
2022-05-03,2.78,2.97,0.14,0.33,4175.48,12563.76,29.25,119.7043,102.53,1857.9,0.1900000000000004,0.04999999999999982,0.27,-0.020000000000000018,0.43000000000000016,-0.03999999999999998,0.44,0.0,0.0,-0.06999999999999984,0.16000000000000014,0.004825441551572496,-0.08041477438312761,0.002210378839519578,-0.12271910417161003,-0.0014875613586449177,0.03376464319990724,,-0.0377881705807086,-0.025517729479197726,0.005378723054990431,-3.0900000000000034
2022-05-04,2.66,2.93,0.07,0.33,4300.17,12964.86,25.42,119.5592,107.84,1868.7,0.27,-0.11999999999999966,0.16000000000000014,-0.040000000000000036,0.3200000000000003,-0.07,0.29000000000000004,0.0,0.0,0.07999999999999963,0.16000000000000014,0.02942523504760608,-0.041225153112820934,0.03142614133200361,-0.06884157932457846,-0.00121288886761306,0.03022576544003286,0.005796184316084307,-0.03175873197751944,0.050493208481996454,0.11224618536811981,-3.8299999999999983
2022-05-05,2.71,3.05,0.18,0.83,4146.87,12317.69,31.2,120.0068,108.17,1895.2,0.33999999999999986,0.04999999999999982,0.23999999999999977,0.11999999999999966,0.3899999999999997,0.10999999999999999,0.33999999999999997,0.49999999999999994,0.49999999999999994,0.06999999999999984,0.1499999999999999,-0.03630072399124984,-0.08177022954358115,-0.05120618010415079,-0.12065813613935106,0.0037367616509378365,0.030935204439465736,0.014081371916366159,-0.01632860226992605,0.0030554164782010673,0.11883517442763214,5.779999999999998
2022-05-06,2.72,3.12,0.26,0.83,4123.34,12144.66,30.19,119.8577,109.72,1884.3,0.3999999999999999,0.010000000000000231,0.1900000000000004,0.07000000000000028,0.3999999999999999,0.08000000000000002,0.41000000000000003,0.0,0.49999999999999994,0.06000000000000005,0.20999999999999952,-0.005690318260649363,-0.08480604031625383,-0.014146873522479453,-0.12130886337194546,-0.001243202051186998,0.029121479175536535,-0.005767974716131441,-0.024585172214822926,0.014227602427205,0.10939912123433437,-1.009999999999998
2022-05-09,2.61,3.05,0.3,0.83,3991.24,11623.25,34.75,120.4972,103.08,1865.4,0.43999999999999995,-0.11000000000000032,0.10999999999999988,-0.07000000000000028,0.2599999999999998,0.03999999999999998,0.42,0.0,0.49999999999999994,0.040000000000000036,0.1499999999999999,-0.032561554986877184,-0.10034626154018156,-0.04388216449548743,-0.14313944368863218,0.005321310354183595,0.033391096357173744,-0.010080891835681172,-0.0478605302352042,-0.06242628028523889,0.08987291251226903,4.559999999999999
2022-05-10,2.62,2.99,0.34,0.83,4001.05,11737.67,32.99,120.7742,99.74,1862.25,0.3700000000000001,0.010000000000000231,0.22999999999999998,-0.05999999999999961,0.27,0.040000000000000036,0.48000000000000004,0.0,0.49999999999999994,-0.06999999999999984,0.040000000000000036,0.002454867109817016,-0.09446800079549611,0.009795925415490458,-0.13032748337279898,0.0022961703849233572,0.037005278135562314,-0.0016900732363778204,-0.046761629617463996,-0.03293858566618724,-0.007789912557414347,-1.759999999999998
2022-05-11,2.66,2.91,0.21,0.83,3935.18,11364.24,32.56,120.3925,105.5,1851.75,0.25,0.040000000000000036,0.29000000000000004,-0.08000000000000007,0.20999999999999996,-0.13000000000000003,0.31,0.0,0.49999999999999994,-0.1200000000000001,-0.08000000000000007,-0.016600202520525187,-0.12218088613915334,-0.03233174482946133,-0.18279823117302385,-0.0031654479554710235,0.03475960286338875,-0.005654296162986405,-0.06456383470944349,0.05614415279814455,0.011823173576161139,-0.4299999999999997
2022-05-12,2.56,2.84,0.25,0.83,3930.08,11370.96,31.77,121.2796,106.15,1850.75,0.2799999999999998,-0.10000000000000009,0.08999999999999986,-0.07000000000000028,0.009999999999999787,0.04000000000000001,0.31,0.0,0.49999999999999994,0.029999999999999805,-0.08000000000000007,-0.0012968422441890226,-0.11125924843181778,0.0005911538227678648,-0.16053454353464325,0.00734138515992111,0.038014049619675916,-0.0005401755701912592,-0.06274710256516602,0.0061422352331437224,-0.006479200092495141,-0.7900000000000027
2022-05-13,2.61,2.93,0.24,0.83,4023.89,11805.0,28.87,120.8442,110.52,1824.2,0.3200000000000003,0.04999999999999982,,0.0900000000000003,,-0.010000000000000009,,0.0,0.49999999999999994,0.04000000000000048,,0.023589314531626826,,0.0374604336215949,,-0.0035965111180384923,0.03488100616464518,-0.01444942757714962,,0.04034331190595086,,-2.8999999999999986
2022-05-16,2.58,2.88,0.2,0.83,4008.01,11662.79,27.47,120.6881,114.07,1805.8,0.2999999999999998,-0.029999999999999805,0.1200000000000001,-0.050000000000000266,0.029999999999999805,-0.03999999999999998,0.27,0.0,0.49999999999999994,-0.020000000000000462,-0.0900000000000003,-0.003954237650276582,-0.09141926004875067,-0.012119738649589706,-0.13379073089330973,-0.0012925809238257813,0.032368964067493344,-0.01013782787267914,,0.03161579498459055,0.05246131117727426,-1.4000000000000021
2022-05-17,2.71,2.98,0.27,0.83,4088.85,11984.52,26.1,119.8871,112.31,1828.05,0.27,0.1299999999999999,0.10000000000000009,0.10000000000000009,0.04999999999999982,0.07,0.27,0.0,0.49999999999999994,-0.029999999999999805,-0.050000000000000266,0.019968898134441915,-0.08738040207580511,0.02721238513385771,-0.12789852009875347,-0.006659065106486395,0.023245547661585597,0.01224611806424214,-0.07779947040632518,-0.015549390064861335,0.09100993861939077,-1.3699999999999974
2022-05-18,2.68,2.89,0.17,0.83,3923.68,11418.15,30.96,120.0274,109.67,1818.5,0.20999999999999996,-0.029999999999999805,0.08000000000000007,-0.08999999999999986,0.040000000000000036,-0.1,0.24000000000000002,0.0,0.49999999999999994,-0.06000000000000005,-0.040000000000000036,-0.04123376798544065,-0.12799545110355304,-0.048411622414104016,-0.1640031381826077,0.001169583464053936,0.027851334333108824,-0.005237839510577658,-0.06856018692923982,-0.023787048202827954,0.06702786359975743,4.859999999999999
2022-05-19,2.63,2.84,0.25,0.83,3900.79,11388.5,29.35,119.4278,112.21,1825.55,0.20999999999999996,-0.050000000000000266,-0.050000000000000266,-0.050000000000000266,-0.06000000000000005,0.07999999999999999,0.37,0.0,0.49999999999999994,0.0,-0.009999999999999787,-0.005850892213604908,-0.11898349600068236,-0.0026001202898608966,-0.14569045429188243,-0.005008045372908221,0.019314886650412255,0.0038693260497870696,-0.0638689782083004,0.022896258904657962,0.07703946859433497,-1.6099999999999994
2022-05-20,2.6,2.78,0.23,0.83,3901.36,11354.62,29.43,119.3677,112.63,1846.3,0.17999999999999972,-0.029999999999999805,-0.1200000000000001,-0.06000000000000005,-0.1200000000000001,-0.01999999999999999,0.31,0.0,0.49999999999999994,-0.03000000000000025,0.0,0.00014611357151927962,-0.09070539190813243,-0.0029793647539673174,-0.12288529121896907,-0.0005033595797989676,0.01136640593612448,0.011302324924867158,-0.05053473344957293,0.003735994382830121,0.0907392697128353,0.0799999999999983
2022-05-23,2.65,2.86,0.26,0.83,3973.75,11535.27,28.48,118.7169,110.32,1864.3,0.20999999999999996,0.04999999999999982,0.020000000000000018,0.08000000000000007,0.04999999999999982,0.03,0.36,0.0,0.49999999999999994,0.03000000000000025,0.029999999999999805,0.01838502294652855,-0.0780020565344639,0.015784588810070943,-0.11991306643484023,-0.00546697788027295,0.0007567075998125006,0.009702011099718355,-0.028762225862637436,-0.020722876574558846,0.10222306889449406,-0.9499999999999993
2022-05-24,2.5,2.76,0.21,0.83,3941.48,11264.45,29.45,118.6245,112.55,1858.6,0.2599999999999998,-0.1499999999999999,-0.040000000000000036,-0.10000000000000009,-0.010000000000000231,-0.05000000000000002,0.29,0.0,0.49999999999999994,0.04999999999999982,0.029999999999999805,-0.008153945948249586,-0.057605974052441056,-0.02375754947209785,-0.10333582087856108,-0.0007786252602208776,-0.002844434838988441,-0.0030621313781775683,-0.023818244515005027,0.020012333867694743,0.09236472183892186,0.9699999999999989
2022-05-25,2.48,2.75,0.19,0.83,3978.73,11434.74,28.37,118.9598,112.88,1859.05,0.27,-0.020000000000000018,-0.10000000000000009,-0.009999999999999787,-0.06999999999999984,-0.01999999999999999,0.25,0.0,0.49999999999999994,0.010000000000000231,0.03000000000000025,0.009406385602540368,-0.050295493590311935,0.015004341104145169,-0.08818656192696928,0.0028225789550049285,-0.004286369135352075,0.00024208841725226193,-0.01975991006918587,0.0029277401918177404,0.10174472803664436,-1.0799999999999983
2022-05-26,2.46,2.75,0.13,0.83,4057.84,11740.65,27.5,118.7687,116.19,1845.15,0.29000000000000004,-0.020000000000000018,-0.16999999999999993,0.0,-0.10000000000000009,-0.06,0.25,0.0,0.49999999999999994,0.020000000000000018,0.06999999999999984,0.019688139439344,-0.05505300015554937,0.02640108913053041,-0.09196071652465498,-0.0016077167118133673,-0.010876180436940608,-0.007505029557586695,-0.02401625407078445,0.028901474650211867,0.09680022990624781,-0.870000000000001
2022-05-27,2.47,2.74,0.11,0.83,4158.24,12131.13,25.72,118.2834,114.96,1858.95,0.27,0.010000000000000231,-0.22999999999999998,-0.009999999999999787,-0.1499999999999999,-0.020000000000000004,0.1,0.0,0.49999999999999994,-0.020000000000000018,0.08000000000000007,0.024441095491292586,0.006347297662602003,0.03271769694145199,-0.016636688232273045,-0.004094464280128385,-0.01017686293299569,0.007451237196089089,-0.02994076977581539,-0.010642540424001368,0.0945362970045922,-1.7800000000000011
2022-05-30,,,,,,,26.54,,,1857.25,,,,,,,,,,,,,,,,,,-0.0009149131470778116,,,,0.8200000000000003
2022-05-31,2.53,2.85,0.21,0.83,4132.15,12081.39,26.19,118.0704,114.38,1854.4,0.3200000000000003,,-0.25,,-0.1200000000000001,,0.06999999999999998,,0.49999999999999994,,0.1299999999999999,,-0.01043146912274473,,-0.039150227184974185,,-0.01374347832582945,-0.001535705446428004,-0.0018856240266380553,,0.10937079980516984,-0.34999999999999787
2022-06-01,2.66,2.94,0.29,0.83,4101.23,11994.46,25.69,118.6954,115.26,1829.7,0.2799999999999998,0.13000000000000034,0.0,0.08999999999999986,0.009999999999999787,0.07999999999999999,0.21999999999999997,0.0,0.49999999999999994,-0.04000000000000048,0.009999999999999787,-0.0075109239121431415,-0.04736762808249395,-0.007221375591758061,-0.07779774410873586,0.005279490971410894,-0.007251098486805496,-0.013409174614967156,-0.02109098295768952,0.007664207521350441,0.06654179884452383,-0.5
2022-06-02,2.65,2.92,0.26,0.83,4176.82,12316.9,24.72,118.0658,116.88,,0.27,-0.010000000000000231,-0.06000000000000005,-0.020000000000000018,-0.1299999999999999,-0.02999999999999997,0.08000000000000002,0.0,0.0,-0.009999999999999787,-0.06999999999999984,0.018263262738202002,0.00719635864695789,0.026527426545809973,-6.413745877509314e-05,-0.0053184515373940755,-0.016306311675137408,,,0.013957321433923475,0.07744370380024623,-0.9700000000000024
2022-06-03,2.66,2.96,0.22,0.83,4108.54,12012.73,24.79,118.2153,118.97,,0.2999999999999998,0.010000000000000231,-0.06000000000000005,0.040000000000000036,-0.16000000000000014,-0.04000000000000001,-0.04000000000000001,0.0,0.0,0.029999999999999805,-0.10000000000000009,-0.01648245720240027,-0.003595780294793016,-0.025005382230997242,-0.010922646167292882,0.0012654420514381925,-0.013797667572512218,,,0.01772359304599025,0.08093969441903148,0.07000000000000028
2022-06-06,2.73,3.04,0.28,0.83,4121.43,12061.37,25.07,118.3081,118.41,1851.5,0.31000000000000005,0.06999999999999984,0.1200000000000001,0.08000000000000007,-0.009999999999999787,0.060000000000000026,-0.019999999999999962,0.0,0.0,0.010000000000000231,-0.1299999999999999,0.0031324562641241727,0.03209823095620834,0.004040862685219082,0.03700038101341363,0.0007847004124066359,-0.018334277514289177,,-0.007479385939095806,-0.004718182145569294,0.13864779255870108,0.28000000000000114
2022-06-07,2.75,2.98,0.25,0.83,4160.68,12175.23,24.02,118.4414,119.55,1846.8,0.22999999999999998,0.020000000000000018,0.1299999999999999,-0.06000000000000005,-0.010000000000000231,-0.030000000000000027,-0.09000000000000002,0.0,0.0,-0.08000000000000007,-0.14000000000000012,0.009478331934065665,0.03912169578045699,0.009395776440150883,0.036600232038074054,0.0011260848625749276,-0.019504363036637606,-0.0025417097208340067,-0.008331022423551993,0.009581515561468912,0.18116789378635723,-1.0500000000000007
2022-06-08,2.78,3.03,0.28,0.83,4115.77,12086.27,23.96,118.3951,121.94,1848.35,0.25,0.029999999999999805,0.11999999999999966,0.04999999999999982,0.11999999999999966,0.030000000000000027,0.07000000000000003,0.0,0.0,0.020000000000000018,0.0,-0.010852585537421078,0.0448693127635611,-0.007333462373411592,0.06159851449412379,-0.00039098703611895047,-0.016729902117285533,0.0008389375754216388,-0.0018377886851439484,0.019794426575336033,0.1448181675635487,-0.05999999999999872
2022-06-09,2.83,3.04,0.29,0.83,4017.82,11754.23,26.09,118.9226,121.52,1849.25,0.20999999999999996,0.050000000000000266,0.27,0.010000000000000231,0.20000000000000018,0.009999999999999953,0.03999999999999998,0.0,0.0,-0.040000000000000036,-0.06999999999999984,-0.024086469933733312,0.022079685074016808,-0.027856921781522104,0.03315043888983382,0.0044455248701193995,-0.019625762407087244,0.0004868022597221966,-0.0008108108552304927,-0.003450262192152387,0.1352256701382526,2.129999999999999
2022-06-10,3.06,3.15,0.39,0.83,3900.86,11340.02,27.75,119.9981,120.73,1843.35,0.08999999999999986,0.22999999999999998,0.4500000000000002,0.10999999999999988,0.21999999999999975,0.10000000000000003,0.15000000000000002,0.0,0.0,-0.1200000000000001,-0.23000000000000043,-0.029542425335362665,-0.031052054792972683,-0.03587511383923392,-0.040185108570995,0.009003047994863067,-0.0070262032941856845,-0.003195583069261154,0.010443033652657974,-0.006522210943221474,0.08836014728908026,1.6600000000000001
2022-06-13,3.4,3.43,0.69,0.83,3749.63,10809.23,34.02,121.1523,120.92,1855.95,0.03000000000000025,0.33999999999999986,0.8199999999999998,0.28000000000000025,0.5500000000000003,0.29999999999999993,0.48999999999999994,0.0,0.0,-0.05999999999999961,-0.2699999999999996,-0.03953987319895802,-0.06663769034165412,-0.047937663194641544,-0.07600303311604684,0.009572522488636714,0.003838900118276811,0.006812125929378077,0.02739298745471519,0.0015725225669616094,0.05831687487145132,6.270000000000003
2022-06-14,3.45,3.49,0.89,0.83,3735.48,10828.35,32.69,121.6669,118.92,1823.65,0.040000000000000036,0.050000000000000266,0.7400000000000002,0.06000000000000005,0.5100000000000002,0.20000000000000007,0.62,0.0,0.0,0.009999999999999787,-0.22999999999999998,-0.003780844063994593,-0.09038743254009063,0.0017672960632850732,-0.10144812218661947,0.0042385509087612405,0.014736516133524447,-0.017556707071197053,-0.002409837680724003,-0.01667817178136044,0.05718809315495221,-1.3300000000000054
2022-06-15,3.2,3.33,0.63,0.83,3789.99,11099.15,29.62,121.6403,115.32,1823.15,0.1299999999999999,-0.25,0.52,-0.16000000000000014,0.43999999999999995,-0.26,0.45999999999999996,0.0,0.0,0.08999999999999986,-0.08000000000000007,0.014487056184645297,-0.03466660837000468,0.02470083397445144,-0.028335665798064014,-0.00021865362065742744,0.013348279048813083,-0.00027421301038277335,0.0025537888194708813,-0.030740125359695725,0.05023501599808444,-3.0699999999999967
2022-06-16,3.14,3.28,0.66,1.58,3666.77,10646.1,32.95,120.6714,117.56,1831.55,0.13999999999999968,-0.06000000000000005,0.5100000000000002,-0.050000000000000266,0.43999999999999995,0.030000000000000027,0.41000000000000003,0.7500000000000001,0.7500000000000001,0.009999999999999787,-0.07000000000000028,-0.03305221501708466,-0.061867931173484436,-0.04167490090380355,-0.06741044641200666,-0.007997180192445441,0.010359144229275863,0.0045968286270161585,0.00328129139669997,0.01923796878051487,0.04657672587394135,3.330000000000002
2022-06-17,3.17,3.25,0.67,1.58,3674.84,10798.35,31.13,121.2369,109.56,1849.85,0.08000000000000007,0.029999999999999805,0.5699999999999998,-0.029999999999999805,0.4700000000000002,0.010000000000000009,0.44000000000000006,0.0,0.7500000000000001,-0.05999999999999961,-0.09999999999999964,0.002198428750711301,-0.059815615994292415,0.014199716774909277,-0.05023136488313007,0.004675333835945317,0.015537837645020147,0.009941951830509943,0.0019209183023427556,-0.07047649715583937,-0.02763576566472814,-1.8200000000000038
2022-06-20,,,,,,,31.03,,,1841.2,,,,,,,,,,,,,,,,,,-0.0046870217609544795,-0.012468114558330079,,,-0.09999999999999787
2022-06-21,3.21,3.31,0.7,1.58,3764.79,11069.3,30.19,120.6427,110.49,1836.5,0.10000000000000009,,0.71,,0.5500000000000003,,0.49,,0.7500000000000001,,-0.1599999999999997,,-0.045864204490786875,,-0.017476238146263867,,0.016870242687717862,-0.0025559466833637856,-0.011961929863516296,,-0.018472548227657093,-0.8399999999999999
2022-06-22,3.06,3.16,0.62,1.58,3759.89,11053.08,28.95,120.5197,106.22,1827.3,0.10000000000000009,-0.1499999999999999,0.5800000000000001,-0.1499999999999999,0.41000000000000014,-0.07999999999999996,0.43,0.0,0.7500000000000001,0.0,-0.16999999999999993,-0.0013023811491290616,-0.056572971242456305,-0.001466388598920787,-0.03394696784932982,-0.0010200596002141182,0.013027604132498816,-0.005022118749173465,-0.017226137029942024,-0.03941260413083114,-0.060812892550305975,-1.240000000000002
2022-06-23,3.01,3.09,0.59,1.58,3795.73,11232.19,29.05,120.7622,105.75,1831.4,0.08000000000000007,-0.050000000000000266,0.5499999999999998,-0.07000000000000028,0.33999999999999986,-0.030000000000000027,0.45999999999999996,0.0,0.7500000000000001,-0.020000000000000018,-0.20999999999999996,0.009487049060657782,-0.06677406162114252,0.016074640938198215,-0.04427341604166202,0.00201009758006343,0.016645418424375613,0.0022412341630833055,-0.007479873309272023,-0.004434597067865198,-0.09414896426838304,0.10000000000000142
2022-06-24,3.04,3.13,0.57,1.58,3911.74,11607.62,27.23,120.4853,109.07,1826.5,0.08999999999999986,0.03000000000000025,0.5699999999999998,0.040000000000000036,0.3899999999999997,-0.020000000000000018,0.45999999999999996,0.0,0.7500000000000001,0.009999999999999787,-0.18000000000000016,0.03010553708080721,-0.0611096200316279,0.03287801590714423,-0.044113097075969776,-0.0022955688377850336,0.018444313866718964,-0.002679134438294817,-0.01761024494365593,0.03091206001426361,-0.05259436383011806,-1.8200000000000003
2022-06-27,3.08,3.2,0.65,1.58,3900.11,11524.55,26.95,120.1736,111.44,1838.05,0.1200000000000001,0.040000000000000036,,0.07000000000000028,,0.08000000000000007,,0.0,,0.03000000000000025,,-0.0029775299301260105,,-0.007182236434674749,,-0.0025903897532595366,,0.0063036597923327164,-0.0103916720042454,0.021496451530898852,,-0.28000000000000114
2022-06-28,3.1,3.2,0.72,1.58,3821.55,11181.54,28.36,120.62,113.66,1827.0,0.10000000000000009,0.020000000000000018,0.5700000000000003,0.0,0.3500000000000001,0.06999999999999995,0.51,0.0,0.7500000000000001,-0.020000000000000018,-0.2200000000000002,-0.02034865838324862,-0.0781417531486035,-0.03021533835146606,-0.07740204789642213,0.0037077439882278185,0.021364051288776942,-0.006029949649663635,-0.014885916207481031,0.019725206397425588,-0.0063147026181944454,1.4100000000000001
2022-06-29,3.06,3.1,0.74,1.58,3818.83,11177.89,28.16,120.9616,111.65,1811.85,0.040000000000000036,-0.040000000000000036,0.3999999999999999,-0.10000000000000009,0.16000000000000014,0.020000000000000018,0.45,0.0,0.7500000000000001,-0.06000000000000005,-0.23999999999999977,-0.0007120065009615928,-0.07134283573742195,-0.0003264841753498615,-0.07050715648001393,0.0028280318341264987,0.018912592151492547,-0.00832685465860905,-0.009803596251122926,-0.01784255758280917,-0.03182146772235406,-0.1999999999999993
2022-06-30,2.92,2.98,0.65,1.58,3785.38,11028.74,28.71,120.9652,107.76,1813.6,0.06000000000000005,-0.14000000000000012,0.27,-0.1200000000000001,0.06000000000000005,-0.08999999999999997,0.39,0.0,0.7500000000000001,0.020000000000000018,-0.20999999999999996,-0.00879781483060782,-0.09840391330623177,-0.013433127207756357,-0.11046771023358026,2.976106822671909e-05,0.02426080475711334,0.0009653974739221027,,-0.03546244618405758,-0.08124123534033512,0.5500000000000007
2022-07-01,2.84,2.88,0.54,1.58,3825.33,11127.85,26.7,121.5058,110.3,1795.65,0.040000000000000036,-0.08000000000000007,0.17999999999999972,-0.10000000000000009,-0.08000000000000007,-0.10999999999999999,0.32000000000000006,0.0,0.7500000000000001,-0.020000000000000018,-0.2599999999999998,0.010498459915641689,-0.07142299618818981,0.00894638218645305,-0.07651594581612997,0.004459097341567464,0.027454460047242613,-0.009946746827830921,,0.023297394157347995,-0.07566743422897737,-2.0100000000000016
2022-07-04,,,,,,,27.53,,,1807.05,,,,,,,,,,,,,,,,,,0.006328608015483184,-0.02430043997269582,,,0.8300000000000018
2022-07-05,2.82,2.82,0.52,1.58,3831.39,11322.24,27.54,122.6203,101.55,1804.4,0.0,,0.06999999999999984,,-0.16000000000000014,,0.27,,0.7500000000000001,,-0.22999999999999998,,-0.08245086081980091,,-0.07263462690259281,,0.03467426541998808,-0.0014675548467311117,-0.023226285098592925,,-0.16318340587794022,0.00999999999999801
2022-07-06,2.97,2.93,0.64,1.58,3845.08,11361.85,26.73,123.0073,100.31,1766.65,-0.040000000000000036,0.15000000000000036,0.1900000000000004,0.11000000000000032,-0.09999999999999964,0.12,0.36,0.0,0.7500000000000001,-0.040000000000000036,-0.29000000000000004,0.0035667473495824,-0.06803152793279743,0.0034923190886591016,-0.06180884544052212,0.0031511142903077882,0.03821636674641482,-0.021143028668901387,-0.04520825134291595,-0.012285897131000034,-0.1952637295842763,-0.8099999999999987
2022-07-07,3.03,3.01,0.68,1.58,3902.62,11621.35,26.08,122.7257,104.62,1743.45,-0.020000000000000018,0.05999999999999961,0.19999999999999973,0.07999999999999963,-0.03000000000000025,0.040000000000000036,0.39000000000000007,0.0,0.7500000000000001,0.020000000000000018,-0.22999999999999998,0.014853713471199015,-0.029091344527865104,0.022582671530512854,-0.011369252128487162,-0.0022919194676171983,0.03147892240867822,-0.013219189107512186,-0.05891424271015033,0.04206934704707166,-0.14974412034505225,-0.6500000000000021
2022-07-08,3.12,3.09,0.72,1.58,3899.38,11635.31,24.64,122.4662,106.78,1737.05,-0.03000000000000025,0.0900000000000003,0.06000000000000005,0.08000000000000007,-0.06000000000000005,0.039999999999999925,0.32999999999999996,0.0,0.7500000000000001,-0.010000000000000231,-0.1200000000000001,-0.0008305563153676587,-0.0003794755078700973,0.0012005164694031123,0.02570637818014987,-0.0021167101922205944,0.02035916422159456,-0.003677636669063844,-0.05939629630995302,0.020435905129574827,-0.12278600427225594,-1.4399999999999977
2022-07-11,3.07,2.99,0.67,1.58,3854.43,11372.6,26.17,123.2974,106.09,1737.4,-0.07999999999999963,-0.050000000000000266,-0.33000000000000007,-0.09999999999999964,-0.43999999999999995,-0.04999999999999993,-0.019999999999999907,0.0,0.7500000000000001,-0.04999999999999938,-0.10999999999999988,-0.011594429978107001,0.02756596771298092,-0.022837486581918753,0.05080655479287266,0.0067642496228002,0.017550891355758047,0.0002014707370570079,-0.06600695150227409,-0.006482852600860234,-0.1308413794400778,1.5300000000000011
2022-07-12,3.03,2.96,0.64,1.58,3818.8,11264.73,27.29,123.4524,97.69,1734.35,-0.06999999999999984,-0.040000000000000036,-0.4200000000000004,-0.03000000000000025,-0.5300000000000002,-0.030000000000000027,-0.25,0.0,0.7500000000000001,0.009999999999999787,-0.10999999999999988,-0.009286899019016914,0.0220599127579586,-0.009530348010352796,0.03950891071923479,0.0012563335037132362,0.014568673950710043,-0.001757039409324257,-0.050207283840401296,-0.08248859080632887,-0.1966517984650462,1.1199999999999974
2022-07-13,3.13,2.91,0.6,1.58,3801.78,11247.58,26.82,123.2834,98.44,1728.9,-0.21999999999999975,0.10000000000000009,-0.07000000000000028,-0.04999999999999982,-0.41999999999999993,-0.040000000000000036,-0.030000000000000027,0.0,0.7500000000000001,-0.1499999999999999,-0.34999999999999964,-0.004466859031662551,0.0031059975416507513,-0.001523611154755855,0.013284465590027494,-0.0013698865460840537,0.013417441025283416,-0.0031473353057656084,-0.05308040613578413,0.0076480258580042815,-0.1582636472473462,-0.46999999999999886
2022-07-14,3.15,2.96,0.62,1.58,3790.38,11251.19,26.4,124.0622,97.79,1716.15,-0.18999999999999995,0.020000000000000018,0.009999999999999787,0.04999999999999982,-0.31999999999999984,0.020000000000000018,-0.040000000000000036,0.0,0.0,0.029999999999999805,-0.3299999999999996,-0.0030031001895842735,0.03315511236915114,0.0003209064345277568,0.0552802729283588,0.0062972826171776575,0.027711903834906515,-0.007401958295667477,-0.06507919305846777,-0.0066249031986718165,-0.1841265192265329,-0.4200000000000017
2022-07-15,3.13,2.93,0.57,1.58,3863.16,11452.42,24.23,123.4765,99.59,1702.55,-0.19999999999999973,-0.020000000000000018,-0.040000000000000036,-0.029999999999999805,-0.31999999999999984,-0.050000000000000044,-0.10000000000000009,0.0,0.0,-0.009999999999999787,-0.2799999999999998,0.01901922349251528,0.04997590711095512,0.01772716054585821,0.05880771669930773,-0.004732198181526925,0.018304371817434273,-0.007956282647019641,-0.08297742753599735,0.01823943561936492,-0.0954105864513286,-2.169999999999998
2022-07-18,3.15,2.96,0.59,1.58,3830.85,11360.05,25.3,122.7727,104.48,1723.65,-0.18999999999999995,0.020000000000000018,,0.029999999999999805,,0.020000000000000018,,0.0,,0.009999999999999787,,-0.00839879072885985,,-0.008098246688220456,,-0.0057161762667119476,,0.012317008203709179,-0.06597339757133369,0.04793390758457239,,1.0700000000000003
2022-07-19,3.23,3.01,0.62,1.58,3936.69,11713.15,24.5,122.4819,106.12,1712.95,-0.2200000000000002,0.08000000000000007,0.020000000000000018,0.04999999999999982,-0.30000000000000027,0.030000000000000027,-0.07999999999999996,0.0,0.0,-0.03000000000000025,-0.3200000000000003,0.02725355801980278,0.044648185900113546,0.030609327597584723,0.056536631533832704,-0.002371414328446342,0.015129979320072096,-0.006227105031712199,-0.0696445559196821,0.015574863741417921,-0.04035448985554524,-0.8000000000000007
2022-07-20,3.25,3.04,0.66,1.58,3959.9,11897.65,23.88,122.5997,104.45,1712.65,-0.20999999999999996,0.020000000000000018,0.18999999999999995,0.03000000000000025,-0.1200000000000001,0.040000000000000036,0.040000000000000036,0.0,0.0,0.010000000000000231,-0.31000000000000005,0.005878503718333761,0.05182907076757637,0.015628759334989084,0.07363177946774258,0.0009613125511815923,0.017111351471467806,-0.00017515179867277908,-0.06479758896918142,-0.015862041266964333,-0.01680392699167843,-0.620000000000001
2022-07-21,3.1,2.91,0.58,1.58,3998.95,12059.61,23.11,122.9032,98.44,1686.55,-0.18999999999999995,-0.1499999999999999,0.0900000000000003,-0.1299999999999999,-0.17999999999999972,-0.08000000000000007,-0.010000000000000009,0.0,0.0,0.020000000000000018,-0.27,0.009813054238449581,0.05215507594536817,0.013520950843343371,0.07107808937288773,0.0024724771447628413,0.017573731036167217,-0.015356856280791753,-0.08239567941305648,-0.05926126247971908,-0.07163059240353231,-0.7699999999999996
2022-07-22,2.98,2.77,0.43,1.58,3961.63,11834.11,23.03,122.451,97.71,1725.0,-0.20999999999999996,-0.1200000000000001,-0.06000000000000005,-0.14000000000000012,-0.3599999999999999,-0.14999999999999997,-0.13999999999999996,0.0,0.0,-0.020000000000000018,-0.2999999999999998,-0.009376269923423663,0.012673268941137295,-0.018875813005413633,0.019324260460329867,-0.0036861036983824036,0.016183196175569847,0.022542028204884268,-0.05717451676987739,-0.007443317566603547,-0.10998596998439947,-0.0799999999999983
2022-07-25,3.0,2.81,0.45,1.58,3966.84,11782.67,23.36,122.4594,99.83,1731.95,-0.18999999999999995,0.020000000000000018,-0.08000000000000007,0.040000000000000036,-0.3900000000000001,0.020000000000000018,-0.2,0.0,0.0,0.020000000000000018,-0.31000000000000005,0.0013142512363462089,0.016965050107609514,-0.004356231573227731,0.022150265321776885,6.859651532398203e-05,0.018842182444153366,0.004020890879944616,-0.05945728568226549,0.021464831392082218,-0.1100175901232161,0.3299999999999983
2022-07-26,3.02,2.81,0.45,1.58,3921.05,11562.57,24.69,122.7581,97.74,1719.85,-0.20999999999999996,0.020000000000000018,-0.08000000000000007,0.0,-0.3900000000000001,0.0,-0.26999999999999996,0.0,0.0,-0.020000000000000018,-0.31000000000000005,-0.011610332895749309,0.025703375595108824,-0.018856651014774073,0.03350895265846887,0.0024362057988067676,0.017570644254732315,-0.007010863643183818,-0.060438199675785675,-0.02115784750632521,-0.1509006440269669,1.3300000000000018
2022-07-27,2.96,2.78,0.36,1.58,4023.61,12032.42,23.24,122.8169,100.03,1723.95,-0.18000000000000016,-0.06000000000000005,-0.10000000000000009,-0.03000000000000025,-0.3200000000000003,-0.09000000000000002,-0.38,0.0,0.0,0.029999999999999805,-0.2200000000000002,0.025820034533563074,0.05223541662963349,0.03983151663887341,0.07366695347269214,0.0004788761162473065,0.015221488536853123,0.0023810917806565968,-0.04973025323652003,0.023159249155080275,-0.10989883728907746,-1.4500000000000028
2022-07-28,2.85,2.68,0.2,2.33,4072.43,12162.59,22.33,122.1161,99.11,1746.6,-0.16999999999999993,-0.10999999999999988,-0.06999999999999984,-0.09999999999999964,-0.2999999999999998,-0.15999999999999998,-0.45,0.75,0.75,0.010000000000000231,-0.22999999999999998,0.012060363275690378,0.07309359473593169,0.010760173766049874,0.09786025444649837,-0.00572239683795317,0.009469330630673234,0.013052871496755714,-0.03764277921368642,-0.009239796578471626,-0.0836761876834915,-0.9100000000000001
2022-07-29,2.89,2.67,0.14,2.32,4130.29,12390.69,21.33,121.7678,101.31,1758.9,-0.2200000000000002,0.040000000000000036,0.050000000000000266,-0.010000000000000231,-0.20999999999999996,-0.06,-0.4,-0.010000000000000231,0.7399999999999998,-0.050000000000000266,-0.26000000000000023,0.01410774953829197,0.07670288435858197,0.018580536883861853,0.10749440914390718,-0.0028562790474939703,0.0021539542416117996,0.00701757265864611,-0.020678459727209386,0.021954778646968265,-0.08501880319387123,-1.0
2022-08-01,2.9,2.6,0.09,2.33,4118.63,12368.98,22.84,121.4109,96.59,1766.75,-0.2999999999999998,0.009999999999999787,,-0.06999999999999984,,-0.05000000000000002,,0.010000000000000231,,-0.07999999999999963,,-0.002827038634318768,,-0.001753658717081663,,-0.0029352920815215455,,0.004453086932684869,-0.0225539808100077,-0.04770990687438115,,1.5100000000000016
2022-08-02,3.06,2.75,0.27,2.33,4091.19,12348.76,23.93,121.9486,97.14,1772.9,-0.31000000000000005,0.16000000000000014,0.2400000000000002,0.1499999999999999,-0.06999999999999984,0.18000000000000002,-0.25,0.0,0.75,-0.010000000000000231,-0.31000000000000005,-0.006684702509966556,0.0656082196477179,-0.001636072271193001,0.08678672011672539,0.004418984054379571,-0.0054929444332572075,0.0034749233333712937,-0.017611502629905296,0.0056780207263944504,-0.04439805110879469,1.0899999999999999
2022-08-03,3.1,2.73,0.23,2.33,4155.17,12668.16,21.95,122.3888,93.25,1766.6,-0.3700000000000001,0.040000000000000036,0.1299999999999999,-0.020000000000000018,-0.20000000000000018,-0.04000000000000001,-0.41000000000000003,0.0,0.75,-0.06000000000000005,-0.33000000000000007,0.015517460750034573,0.07755893304817008,0.02553610567129816,0.10883050669936445,0.0036032181423415466,-0.005040840581223449,-0.0035598285933033935,-2.830255430730233e-05,-0.04086917839367388,-0.07298133237146853,-1.9800000000000004
2022-08-04,3.03,2.68,0.22,2.33,4151.94,12720.58,21.44,121.8333,91.29,1777.9,-0.34999999999999964,-0.07000000000000028,0.0,-0.04999999999999982,-0.3299999999999996,-0.010000000000000009,-0.4600000000000001,0.0,0.75,0.020000000000000462,-0.3299999999999996,-0.0007776471390830153,0.061927572437888045,0.004129395510640066,0.09037723067949166,-0.004549145699697554,-0.007298066813303805,0.006376097211494347,0.01956698376469923,-0.02124280594693584,-0.13629348536547603,-0.509999999999998
2022-08-05,3.24,2.83,0.37,2.33,4145.19,12657.55,21.15,122.321,91.77,1786.75,-0.41000000000000014,0.2100000000000004,0.1200000000000001,0.1499999999999999,-0.2599999999999998,0.15,-0.35,0.0,0.75,-0.0600000000000005,-0.3799999999999999,-0.0016270689959387852,0.06113105975731692,-0.004967279275456704,0.08420943493463184,0.003995019941473998,-0.0011863366796092123,0.0049654345775618225,0.028210055011324897,0.005244194253932299,-0.15148519624111856,-0.2900000000000027
2022-08-08,3.21,2.77,0.29,2.33,4140.06,12644.46,21.29,121.8783,93.52,1775.7,-0.43999999999999995,-0.03000000000000025,0.14000000000000012,-0.06000000000000005,-0.2200000000000002,-0.08000000000000002,-0.38000000000000006,0.0,0.75,-0.029999999999999805,-0.3600000000000003,-0.001238345410353503,0.07148714432507042,-0.0010347004975379548,0.10601222101901264,-0.0036257309908345192,-0.011576317293243932,-0.006203615735298484,0.021804968538969405,0.01888987033289169,-0.12611247330736663,0.14000000000000057
2022-08-09,3.28,2.8,0.33,2.33,4122.47,12493.93,21.77,121.8614,93.18,1790.6,-0.48,0.06999999999999984,0.25,0.029999999999999805,-0.16000000000000014,0.040000000000000036,-0.31,0.0,0.75,-0.040000000000000036,-0.41000000000000014,-0.004257782198347826,0.0765162611457395,-0.011976248217333563,0.10356632081203188,-0.00013867252669186314,-0.012971323323649031,0.008356047835266445,0.031918055783560106,-0.003642210775162802,-0.04726609327620057,0.4800000000000004
2022-08-10,3.23,2.78,0.35,2.33,4210.24,12854.8,19.74,120.7543,94.68,1793.5,-0.4500000000000002,-0.04999999999999982,0.10000000000000009,-0.020000000000000018,-0.13000000000000034,0.019999999999999962,-0.25,0.0,0.75,0.029999999999999805,-0.23000000000000043,0.021067154907855823,0.10205027508525788,0.028474356081851226,0.13356428804863896,-0.00912643068314356,-0.020727867460708538,0.0016182587722815,0.036683649861607215,0.015969678257132358,-0.038944440877072495,-2.030000000000001
2022-08-11,3.23,2.87,0.4,2.33,4207.27,12779.91,20.2,120.7163,97.02,1789.7,-0.3599999999999999,0.0,0.08000000000000007,0.0900000000000003,-0.08999999999999986,0.050000000000000044,-0.21999999999999997,0.0,0.75,0.0900000000000003,-0.16999999999999993,-0.0007056718966165221,0.10434770337822563,-0.005842875777172907,0.1274005058369383,-0.00031473811150206643,-0.02733988818938826,-0.0021210099489747947,0.0419645982082999,0.024414358171287454,-0.007905179507113225,0.46000000000000085
2022-08-12,3.25,2.84,0.37,2.33,4280.15,13047.19,19.53,121.018,94.86,1788.45,-0.41000000000000014,0.020000000000000018,0.1200000000000001,-0.03000000000000025,-0.0900000000000003,-0.030000000000000027,-0.19999999999999996,0.0,0.75,-0.050000000000000266,-0.2100000000000004,0.017174074409835427,0.10250255429554578,0.02069837824123333,0.1303717235323134,0.00249613031042184,-0.020111559697439496,-0.0006986851031118846,0.049222195752207654,-0.022515022367634252,-0.048659637494112395,-0.6699999999999982
2022-08-15,3.2,2.79,0.35,2.33,4297.14,13128.05,19.95,121.4315,92.24,1781.45,-0.41000000000000014,-0.04999999999999982,0.050000000000000266,-0.04999999999999982,-0.16999999999999993,-0.020000000000000018,-0.24,0.0,0.75,0.0,-0.2200000000000002,0.0039616294239337435,0.11486297444833937,0.006178377521493417,0.14464834774202728,0.003411022921683049,-0.0109843605090445,-0.003921683504541917,0.03298350404395656,-0.028008244488632705,-0.12460178956731749,0.41999999999999815
2022-08-16,3.25,2.82,0.38,2.33,4305.2,13102.55,19.69,121.6807,89.23,1776.15,-0.43000000000000016,0.04999999999999982,0.020000000000000018,0.029999999999999805,-0.18999999999999995,0.030000000000000027,-0.24,0.0,0.75,-0.020000000000000018,-0.20999999999999996,0.001873909275516894,0.08948332570405348,-0.0019442946812571194,0.11209472546318544,0.00205008294342246,-0.006562863237175698,-0.0029795389706332998,0.03623107010503546,-0.033176570048743415,-0.17335322335747883,-0.259999999999998
2022-08-17,3.28,2.89,0.43,2.33,4274.04,12938.12,19.9,122.0711,90.85,1773.65,-0.3899999999999997,0.029999999999999805,0.029999999999999805,0.07000000000000028,-0.1499999999999999,0.04999999999999999,-0.23000000000000004,0.0,0.75,0.04000000000000048,-0.17999999999999972,-0.007264078640478289,0.07634074334524144,-0.012628875169893305,0.08383709095830305,0.0032032611354715357,-0.0043209146528857545,-0.0014085302909032649,0.03499769161280497,0.017992488930119954,-0.13949869316039454,0.2099999999999973
2022-08-18,3.22,2.88,0.36,2.33,4283.74,12965.34,19.56,122.3627,93.2,1765.6,-0.3400000000000003,-0.05999999999999961,0.1200000000000001,-0.010000000000000231,-0.03000000000000025,-0.07,-0.21999999999999997,0.0,0.75,0.04999999999999938,-0.15000000000000036,0.002266944033161522,0.06879463313995338,0.002101650514569897,0.07241779062952958,0.002385923209726748,-0.004407468587921848,-0.00454899421164523,0.045805553681951494,0.025537926849366066,-0.05469950383130939,-0.33999999999999986
2022-08-19,3.25,2.98,0.43,2.33,4228.48,12705.22,20.6,123.0501,93.55,1752.9,-0.27,0.029999999999999805,0.27,0.10000000000000009,0.20999999999999996,0.07,0.0,0.0,0.75,0.07000000000000028,-0.06000000000000005,-0.01298386938135998,0.06518703368201706,-0.020266710457693904,0.0710268931772493,0.00560200444060488,0.0048806395510654355,-0.0072190167140258055,0.01604450876304142,0.003748331028552876,-0.04350785523615297,1.0400000000000027
2022-08-22,3.32,3.03,0.46,2.33,4137.99,12381.57,23.8,123.605,93.42,1732.8,-0.29000000000000004,0.06999999999999984,0.31999999999999984,0.04999999999999982,0.21999999999999975,0.030000000000000027,0.010000000000000009,0.0,0.75,-0.020000000000000018,-0.10000000000000009,-0.021632427725286618,0.04224035472038423,-0.025803855976228363,0.049579268774248675,0.0044994077653131015,0.009311450801054555,-0.011532961981775003,0.0004906559013218015,-0.0013905976461368041,-0.06636328427437199,3.1999999999999993
2022-08-23,3.29,3.05,0.47,2.33,4128.73,12381.3,24.11,123.0547,96.46,1739.45,-0.2400000000000002,-0.029999999999999805,0.27,0.020000000000000018,0.23999999999999977,0.009999999999999953,0.019999999999999962,0.0,0.75,0.04999999999999982,-0.03000000000000025,-0.00224030906405126,0.05161037855208228,-2.1806842262606096e-05,0.06841411294676014,-0.004462025316855467,0.0024132196853923205,0.003830374040234119,0.011331893584739738,0.03202295956686374,-0.01318247720118304,0.3099999999999987
2022-08-24,3.36,3.11,0.49,2.33,4140.77,12431.53,22.82,123.109,95.52,1752.0,-0.25,0.06999999999999984,0.3999999999999999,0.06000000000000005,0.33000000000000007,0.020000000000000018,0.13,0.0,0.75,-0.009999999999999787,-0.06999999999999984,0.002911907251338164,0.02870225126985737,0.00404871742680335,0.03263131373469008,0.0004411698465753844,0.0023755134157203983,0.007189021209376811,0.016139823013459953,-0.009792764996533698,-0.046134491352797014,-1.2899999999999991
2022-08-25,3.35,3.03,0.43,2.33,4199.12,12639.27,21.78,123.0586,93.33,1762.4,-0.3200000000000003,-0.009999999999999787,0.5,-0.08000000000000007,0.34999999999999964,-0.06,0.22999999999999998,0.0,0.0,-0.07000000000000028,-0.15000000000000036,0.013993218645289573,0.030635106639456566,0.016572646638541855,0.03844378660718206,-0.0004094771261877739,0.007688433127485794,0.005918523991796043,0.009005475508500282,-0.02319405006663633,-0.060088744840961716,-1.0399999999999991
2022-08-26,3.37,3.04,0.47,2.33,4057.66,12141.71,25.56,123.0656,93.63,1752.1,-0.33000000000000007,0.020000000000000018,0.48,0.010000000000000231,0.3700000000000001,0.03999999999999998,0.32999999999999996,0.0,0.010000000000000231,-0.009999999999999787,-0.10999999999999988,-0.03426852674898484,-0.017741169647820243,-0.040162001502235256,-0.020298751778915047,5.688185072294516e-05,0.01060159402570271,-0.00586144799509114,-0.0038735451452369674,0.0032092453731422665,-0.07883427811478771,3.7799999999999976
2022-08-29,3.42,3.12,0.54,2.33,4030.61,12017.67,26.21,123.4686,97.4,,-0.2999999999999998,0.04999999999999982,0.52,0.08000000000000007,0.52,0.07000000000000006,0.45000000000000007,0.0,0.0,0.03000000000000025,0.0,-0.006688723509263639,-0.021602854522765114,-0.010268565661187168,-0.028813658723020552,0.0032693261945420105,0.016806212301766266,,,0.03947536569769117,0.0083509944572846,0.6500000000000021
2022-08-30,3.46,3.11,0.56,2.33,3986.16,11883.14,26.21,123.6848,92.08,1734.0,-0.3500000000000001,0.040000000000000036,0.3999999999999999,-0.010000000000000231,0.3599999999999999,0.020000000000000018,0.29000000000000004,0.0,0.0,-0.050000000000000266,-0.040000000000000036,-0.01108936779165326,-0.026007519804451817,-0.011257477947816952,-0.0384350643996445,0.0017495211892359919,0.014136749436622686,,-0.022185745563848336,-0.056168446234861946,-0.0534954725039718,0.0
2022-08-31,3.45,3.15,0.67,2.33,3955.0,11816.2,25.87,123.535,90.09,1712.4,-0.30000000000000027,-0.009999999999999787,0.3500000000000001,0.040000000000000036,0.41999999999999993,0.10999999999999999,0.44000000000000006,0.0,0.0,0.04999999999999982,0.06999999999999984,-0.007847760257099878,-0.04937274081158627,-0.005649117487545041,-0.0696202875584877,-0.00121187719052962,0.00932165410375152,-0.012534983069695471,-0.031160900040240413,-0.02184859375027859,-0.03447488786057651,-0.33999999999999986
2022-09-01,3.51,3.26,0.81,2.33,3966.85,11785.13,25.56,124.4006,87.09,1706.0,-0.25,0.05999999999999961,0.48,0.10999999999999988,0.5799999999999996,0.14,0.5900000000000001,0.0,0.0,0.050000000000000266,0.09999999999999964,0.002991727649110487,-0.045603366023392766,-0.002632903988764923,-0.07638258705789269,0.006982486717248548,0.020853286520697623,-0.003744446219166697,-0.04128144347090146,-0.033867103958700184,-0.047099185872340854,-0.3100000000000023
2022-09-02,3.4,3.2,0.73,2.33,3924.26,11630.86,25.47,123.7743,87.29,1706.9,-0.19999999999999973,-0.10999999999999988,0.1599999999999997,-0.05999999999999961,0.3700000000000001,-0.08000000000000007,0.36,0.0,0.0,0.050000000000000266,0.2100000000000004,-0.010794530441165406,-0.05477082746861939,-0.013176656812580845,-0.08459196459501683,-0.0050472576362246,0.011811008942999024,0.0005274107186625798,-0.0457194673298007,0.0022938420426097395,-0.050049538083663414,-0.08999999999999986
2022-09-05,,,,,,,25.99,,,1711.95,,,,,,,,,,,,,,,,,,0.0029542118974310583,-0.03656163969707116,,,0.5199999999999996
2022-09-06,3.5,3.33,0.85,2.33,3908.19,11544.91,26.91,124.767,87.35,1712.5,-0.16999999999999993,,0.2200000000000002,,0.5300000000000002,,0.52,,0.0,,0.31000000000000005,,-0.05337814706973276,,-0.0789982791728221,,0.023563664544635543,0.0003212194686623704,-0.04459646806367523,,-0.06461006980858475,0.9200000000000017
2022-09-07,3.45,3.27,0.82,2.33,3979.87,11791.9,24.64,124.8408,82.5,1705.05,-0.18000000000000016,-0.04999999999999982,0.2200000000000002,-0.06000000000000005,0.4900000000000002,-0.030000000000000027,0.47,0.0,0.0,-0.010000000000000231,0.27,0.01817480422855766,-0.05627049774903092,0.021168207891808066,-0.08630442736286525,0.0005913276920868071,0.03328142291986591,-0.004359855335551721,-0.05057458217150845,-0.05712474323943084,-0.13770449130514795,-2.2699999999999996
2022-09-08,3.48,3.29,0.88,2.33,4006.18,11862.13,23.61,124.578,84.04,1720.25,-0.18999999999999995,0.029999999999999805,0.25,0.020000000000000018,0.41999999999999993,0.06000000000000005,0.48,0.0,0.0,-0.009999999999999787,0.16999999999999993,0.006589013388980547,-0.048975812463433854,0.005938117637146689,-0.07452343394854566,-0.0021072998286539857,0.03148886120271399,0.008875193281760119,-0.03957837894077354,0.018494582636164658,-0.14362426684027074,-1.0300000000000011
2022-09-09,3.56,3.33,0.91,2.33,4067.36,12112.31,22.79,123.7874,87.27,1726.95,-0.22999999999999998,0.08000000000000007,0.31000000000000005,0.040000000000000036,0.4900000000000002,0.030000000000000027,0.54,0.0,0.0,-0.040000000000000036,0.18000000000000016,0.015155971507018862,-0.05099391536625042,0.020871318096819635,-0.07435049409295935,-0.006366447744805548,0.022626283147486603,0.003887217705194068,-0.03499247613246759,0.03771388519842045,-0.08339535927421604,-0.8200000000000003
2022-09-12,3.58,3.37,0.95,2.33,4110.41,12266.41,23.87,123.3332,88.18,1726.5,-0.20999999999999996,0.020000000000000018,0.3799999999999999,0.040000000000000036,0.5800000000000001,0.039999999999999925,0.6,0.0,0.0,0.020000000000000018,0.20000000000000018,0.01052863988146946,-0.044426904908714704,0.012642341555480385,-0.06788653005897238,-0.003675942122590925,0.01553931810321263,-0.00026060895773571957,-0.03133140158566139,0.010373418754571873,-0.04501369603101146,1.0800000000000018
2022-09-13,3.75,3.42,0.98,2.33,3932.69,11633.57,27.27,124.4242,87.84,1727.05,-0.33000000000000007,0.16999999999999993,0.5,0.04999999999999982,0.6000000000000001,0.030000000000000027,0.6,0.0,0.0,-0.1200000000000001,0.10000000000000009,-0.04419911011958355,-0.09049992430381515,-0.052969748201944,-0.11891198357965926,0.008807059259403616,0.022296294419193785,0.0003185128373122126,-0.028033349777715877,-0.003863202168571611,-0.01570032815083966,3.3999999999999986
2022-09-14,3.78,3.41,0.95,2.33,3946.01,11719.68,26.16,124.4509,88.88,1703.8,-0.36999999999999966,0.029999999999999805,0.5,-0.009999999999999787,0.52,-0.030000000000000027,0.52,0.0,0.0,-0.03999999999999959,0.020000000000000018,0.003381271704881783,-0.07985457395845508,0.007374595848965271,-0.09890851256080069,0.00021456545956155537,0.019307598743283805,-0.013553700058619889,-0.0401785195454325,0.011770167570154477,-0.021922649510805137,-1.1099999999999994
2022-09-15,3.87,3.45,1.02,2.33,3901.35,11552.36,26.27,124.8843,85.72,1689.0,-0.41999999999999993,0.0900000000000003,0.6499999999999999,0.040000000000000036,0.5700000000000003,0.07000000000000006,0.66,0.0,0.0,-0.050000000000000266,-0.07999999999999963,-0.011382294724738173,-0.09350381271635477,-0.014379734922041365,-0.11538989799741195,0.0034764480626465755,0.020398123596203632,-0.008724412800940051,-0.04435393813472732,-0.03620097472599859,-0.0836615510861698,0.10999999999999943
2022-09-16,3.85,3.45,1.07,2.33,3873.33,11448.4,26.3,124.8794,85.57,1664.3,-0.3999999999999999,-0.020000000000000018,0.6000000000000001,0.0,0.4700000000000002,0.050000000000000044,0.6400000000000001,0.0,0.0,0.020000000000000018,-0.1299999999999999,-0.0072080449142468694,-0.08772798824924166,-0.009039762855085343,-0.10416295039480339,-3.9237086899568396e-05,0.014756882068699184,-0.014732023215119128,-0.051866944635820644,-0.0017514161754128565,-0.08916129829013553,0.030000000000001137
2022-09-19,3.95,3.49,1.15,2.33,3899.89,11535.02,25.76,125.0104,86.15,,-0.45999999999999996,0.10000000000000009,0.6300000000000003,0.040000000000000036,0.4600000000000004,0.07999999999999985,0.69,0.0,0.0,-0.06000000000000005,-0.16999999999999993,0.006833745439536187,-0.059261815084418856,0.007537643232984337,-0.07082145118559069,0.0010484622581659053,0.011305936561551988,,,0.006755208543975044,-0.08101549210002368,-0.5399999999999991
2022-09-20,3.96,3.57,1.17,2.33,3855.93,11425.05,27.16,125.1248,84.69,1667.9,-0.3900000000000001,0.009999999999999787,0.6699999999999999,0.07999999999999963,0.52,0.020000000000000018,0.7,0.0,0.0,0.06999999999999984,-0.1499999999999999,-0.011336124553071869,-0.06835763057343947,-0.009579312339395685,-0.08037895668272377,0.000914705391135584,0.01668266726954304,,-0.04200362120383261,-0.01709243204043087,-0.1301308837073183,1.3999999999999986
2022-09-21,4.02,3.51,1.13,2.33,3789.93,11220.19,27.99,125.7399,83.38,1674.45,-0.5099999999999998,0.05999999999999961,0.6599999999999997,-0.06000000000000005,0.3999999999999999,-0.040000000000000036,0.6399999999999999,0.0,0.0,-0.11999999999999966,-0.2599999999999998,-0.01726467378977503,-0.08853421161455266,-0.018093479140791402,-0.10252115325031852,0.004903848430218183,0.021145345853185837,0.003919403045722802,-0.04527323936748662,-0.015589058480856899,-0.1359271771916415,0.8299999999999983
2022-09-22,4.11,3.7,1.29,3.08,3757.99,11066.81,27.35,126.1667,84.02,1671.85,-0.41000000000000014,0.09000000000000075,0.7600000000000002,0.1900000000000004,0.6700000000000004,0.16000000000000014,0.8600000000000001,0.75,0.75,0.09999999999999964,-0.08999999999999986,-0.00846330926893124,-0.11099073952877347,-0.013764295019827344,-0.13285809490868772,0.0033885607474246626,0.024943383726798274,-0.0015539554273082956,-0.052745718786590956,0.007646393288585074,-0.10508673383642009,-0.639999999999997
2022-09-23,4.2,3.69,1.32,3.08,3693.23,10867.93,29.92,127.2853,79.07,1661.45,-0.5100000000000002,0.08999999999999986,0.8300000000000001,-0.010000000000000231,0.6499999999999999,0.030000000000000027,0.8500000000000001,0.0,0.75,-0.10000000000000009,-0.18000000000000016,-0.01738282607756858,-0.09410503885735721,-0.01813428836182318,-0.11083038176827564,0.008826975230126877,0.033713477106202205,-0.006240082648901968,-0.053124353440401784,-0.06072132965840016,-0.1690173088679625,2.5700000000000003
2022-09-26,4.27,3.88,1.56,3.08,3655.04,10802.92,32.26,128.4539,77.17,1647.0,-0.3899999999999997,0.0699999999999994,0.8499999999999996,0.18999999999999995,0.7599999999999998,0.24,1.02,0.0,0.75,0.12000000000000055,-0.08999999999999986,-0.010394376865969335,-0.09781069221406291,-0.005999782658802744,-0.10656159876589122,0.009139061463261378,0.03958321237492157,-0.008735263874999788,,-0.024322755613323643,-0.23281543017897732,2.3399999999999963
2022-09-27,4.3,3.97,1.64,3.08,3647.29,10829.5,32.6,128.4386,78.91,1632.6,-0.3299999999999996,0.03000000000000025,0.8399999999999999,0.0900000000000003,0.8600000000000003,0.07999999999999985,1.0799999999999998,0.0,0.75,0.06000000000000005,0.020000000000000462,-0.0021226109775351887,-0.08884393539994484,0.0024574239383508,-0.09284669687972347,-0.00011911597277514119,0.03771457521291044,-0.008781615160384781,-0.06025704232323115,0.022297182063431897,-0.15434980188068348,0.3400000000000034
2022-09-28,4.07,3.72,1.39,3.08,3719.04,11051.64,30.18,128.0884,82.61,1618.2,-0.3500000000000001,-0.22999999999999954,0.6200000000000001,-0.25,0.5700000000000003,-0.25,0.7199999999999999,0.0,0.75,-0.020000000000000462,-0.04999999999999982,0.01948114438777715,-0.06151503075506781,0.02030494134533356,-0.06689263804684487,-0.0027303185828486676,0.03619613382059139,-0.008859415643516222,-0.0565814748970519,0.04582277604147045,-0.08667843208893444,-2.4200000000000017
2022-09-29,4.16,3.76,1.57,3.08,3640.47,10737.51,31.84,127.5437,81.78,1646.6,-0.40000000000000036,0.08999999999999986,0.6500000000000004,0.03999999999999959,0.5,0.18000000000000016,0.76,0.0,0.75,-0.050000000000000266,-0.15000000000000036,-0.021352776272161478,-0.08585953467633978,-0.0288356146153248,-0.09309534867340474,-0.004261599575078989,0.024952047528263854,0.017398135490585886,-0.035438893187299314,-0.010098023637917564,-0.06290935176815182,1.6600000000000001
2022-09-30,4.22,3.83,1.68,3.08,3585.62,10575.62,31.62,127.5148,79.91,1672.75,-0.3899999999999997,0.05999999999999961,0.8199999999999998,0.07000000000000028,0.6299999999999999,0.10999999999999988,0.95,0.0,0.75,0.010000000000000675,-0.18999999999999995,-0.01518139227639459,-0.09024639651156896,-0.015191866570075874,-0.09511055843089977,-0.0002266146795628643,0.02977269048492559,0.015756422798601122,-0.020209881107360772,-0.023131713550125,-0.08833490736088656,-0.21999999999999886
2022-10-03,4.12,3.67,1.43,3.08,3678.43,10815.43,30.1,127.0813,84.05,1660.8,-0.4500000000000002,-0.09999999999999964,,-0.16000000000000014,,-0.25,,0.0,,-0.0600000000000005,,0.02555462879740844,,0.0224224661524417,,-0.0034053971677634465,,-0.007169564691356989,-0.03033365769614882,0.050510858468252984,,-1.5199999999999996
2022-10-04,4.1,3.62,1.38,3.08,3790.93,11176.41,29.07,126.1819,86.87,1709.15,-0.47999999999999954,-0.020000000000000462,0.5999999999999996,-0.04999999999999982,0.29000000000000004,-0.050000000000000044,0.5299999999999999,0.0,0.75,-0.02999999999999936,-0.3099999999999996,0.030125340865302164,-0.030462979639043652,0.03283148882915654,-0.03243934015662475,-0.007102522442355763,0.011276518790696244,0.028696756918502153,-0.0019581202463090364,0.033000888417204166,-0.005510288308236966,-1.0300000000000011
2022-10-05,4.15,3.76,1.54,3.08,3783.28,11148.64,28.55,126.8616,88.22,1712.15,-0.39000000000000057,0.05000000000000071,0.7000000000000002,0.13999999999999968,0.48999999999999977,0.16000000000000014,0.7200000000000001,0.0,0.75,0.08999999999999897,-0.2100000000000004,-0.0020200133350627425,-0.05065779720266406,-0.0024877896643111796,-0.056095337712744,0.005372211771613067,0.016057402870222504,0.0017537197959160977,0.0041554548851587825,0.01542094640496483,0.0670354013361587,-0.5199999999999996
2022-10-06,4.23,3.83,1.61,3.08,3744.52,11073.31,30.52,127.2493,88.9,1716.0,-0.40000000000000036,0.08000000000000007,0.7500000000000004,0.07000000000000028,0.54,0.07000000000000006,0.7300000000000001,0.0,0.75,-0.009999999999999787,-0.2100000000000004,-0.010297920383575132,-0.06754473097521974,-0.006779809022173566,-0.06881326437206425,0.0030514259784153452,0.021216128677291834,0.0022461103619200173,-0.002473628034681319,0.00767844784306515,0.0562192665430592,1.9699999999999989
2022-10-07,4.3,3.89,1.62,3.08,3639.66,10652.4,31.36,127.3111,93.07,1711.5,-0.4099999999999997,0.0699999999999994,0.7399999999999998,0.06000000000000005,0.56,0.010000000000000009,0.7100000000000001,0.0,0.75,-0.009999999999999343,-0.17999999999999972,-0.02840316716749136,-0.11110386964972996,-0.038752489470322615,-0.1284370719392065,0.0004855429298054048,0.028068119351902787,-0.0026258220776673724,-0.00898666781754276,0.04583975567776033,0.06434513702239908,0.8399999999999999
2022-10-10,,,,,3612.39,10542.1,32.45,,91.6,1680.05,,,,,,,,,,,,-0.00752066754461822,-0.12915317707581764,-0.010408454626054109,-0.151487868120741,,,-0.01854662411105057,-0.02727268297085761,-0.01592062651753423,0.038051091750292976,1.0900000000000034
2022-10-11,4.3,3.93,1.62,3.08,3588.84,10426.19,33.63,127.6641,89.75,1664.15,-0.36999999999999966,,0.5499999999999998,,0.5100000000000002,,0.6400000000000001,,0.75,,-0.03999999999999959,-0.006540572639369913,-0.091494639595604,-0.011055854402627574,-0.10957397432142457,,0.025705900723898445,-0.009509072310013522,-0.037100268118183344,-0.020403244311696156,0.02151104960716843,1.1799999999999997
2022-10-12,4.28,3.91,1.62,3.08,3577.03,10417.1,33.57,128.1481,87.83,1672.3,-0.3700000000000001,-0.019999999999999574,0.5000000000000004,-0.020000000000000018,0.5,0.0,0.6700000000000002,0.0,0.75,-4.440892098500626e-16,-4.440892098500626e-16,-0.0032961833504643323,-0.09817209465095011,-0.0008722232024105381,-0.11782079337280038,0.003784030453029885,0.029275365717366775,0.004885441837901183,-0.018661126221662272,-0.021624899439363077,-0.011884017402349123,-0.060000000000002274
2022-10-13,4.47,3.97,1.63,3.08,3669.91,10649.15,31.94,127.7286,89.59,1676.4,-0.49999999999999956,0.1899999999999995,0.5999999999999996,0.06000000000000005,0.52,0.009999999999999787,0.6099999999999999,0.0,0.75,-0.12999999999999945,-0.07999999999999963,0.025634291446896995,-0.061155508479314946,0.022031390114651828,-0.08140966833610719,-0.003278925950267464,0.022519991704452735,0.002448712663839281,-0.00748800075688294,0.019840578680461185,0.044157536004110653,-1.629999999999999
2022-10-14,4.48,4.0,1.59,3.08,3583.07,10321.39,32.02,128.3325,86.1,1655.15,-0.4800000000000004,0.010000000000000675,0.6300000000000003,0.029999999999999805,0.5499999999999998,-0.039999999999999813,0.52,0.0,0.75,0.01999999999999913,-0.08000000000000052,-0.023947163771952162,-0.07789462733702024,-0.03126163585767294,-0.10363154133869479,0.004716851717539328,0.02727608050889163,-0.012756997905718492,-0.0055129754474823045,-0.03973429517580218,0.006174657003721329,0.08000000000000185
2022-10-17,4.45,4.02,1.57,3.08,3677.95,10675.8,31.37,127.6448,86.0,1658.0,-0.4300000000000006,-0.03000000000000025,0.5,0.019999999999999574,0.5299999999999994,-0.020000000000000018,0.42000000000000015,0.0,0.75,0.04999999999999982,0.02999999999999936,0.026135556911906832,-0.058592815864649594,0.03376105685268449,-0.07740812771899463,-0.0053731456229177965,0.02085447262780793,0.0017204175500422636,,-0.001162115180177281,-0.0017426667204309965,-0.6500000000000021
2022-10-18,4.43,4.01,1.6,3.08,3719.98,10772.4,30.5,127.9153,83.29,1652.25,-0.41999999999999993,-0.020000000000000462,0.46999999999999975,-0.009999999999999787,0.43999999999999995,0.030000000000000027,0.43000000000000016,0.0,0.75,0.010000000000000675,-0.029999999999999805,0.011362760181542697,-0.03589393113003503,0.009007809809796541,-0.05882100556980241,0.002116919667953354,0.0220566869046257,-0.003474061344678425,-0.009427354732565618,-0.032018802306257754,-0.01666903698625788,-0.870000000000001
2022-10-19,4.55,4.14,1.72,3.08,3695.16,10680.51,30.76,128.3968,86.0,1640.7,-0.41000000000000014,0.1200000000000001,0.5300000000000002,0.1299999999999999,0.6299999999999999,0.11999999999999988,0.5900000000000001,0.0,0.75,0.009999999999999787,0.09999999999999964,-0.006694436704711038,-0.025323694044971035,-0.008566722367596924,-0.04929424879660793,0.003757142689785553,0.02090998116419307,-0.007015015329725038,-0.02036177310801346,0.032018802306257754,0.030938823800856774,0.26000000000000156
2022-10-20,4.62,4.24,1.73,3.08,3665.78,10614.84,29.98,128.0052,86.02,1633.2,-0.3799999999999999,0.07000000000000028,0.5099999999999998,0.10000000000000053,0.54,0.010000000000000009,0.43999999999999995,0.0,0.0,0.03000000000000025,0.03000000000000025,-0.007982718516093001,-0.024843103292132795,-0.006167563169180212,-0.0416975169459608,-0.0030545807324751095,0.014466839684293298,-0.004581699575416209,-0.023389517256121373,0.00023253110208276695,0.023524961614354467,-0.7800000000000011
2022-10-21,4.49,4.21,1.69,3.08,3752.75,10859.72,29.69,127.6735,85.47,1624.55,-0.28000000000000025,-0.1299999999999999,0.29000000000000004,-0.03000000000000025,0.52,-0.040000000000000036,0.3699999999999999,0.0,0.0,0.09999999999999964,0.22999999999999998,0.02344776785243674,0.015987490637872526,0.022807509452915653,-0.0007557191312219658,-0.0025946642101315476,0.0030452002440348735,-0.005310426108781741,-0.022459860716001145,-0.006414390177663876,0.07783190109509075,-0.28999999999999915
2022-10-24,4.5,4.25,1.66,3.08,3797.34,10952.61,29.85,128.0304,86.12,1646.35,-0.25,0.009999999999999787,0.23000000000000043,0.040000000000000036,0.3700000000000001,-0.030000000000000027,0.09999999999999987,0.0,0.0,0.03000000000000025,0.13999999999999968,0.01181191705979856,0.03819378456364042,0.008517252539931519,0.013761316067512297,0.002791511836643501,-0.003302349382583003,0.013329861991416614,-0.0003947348495847436,0.007576235318236257,0.10973089202665065,0.16000000000000014
2022-10-25,4.42,4.1,1.59,3.08,3859.11,11199.12,28.46,127.3771,86.93,1642.85,-0.3200000000000003,-0.08000000000000007,0.1200000000000001,-0.15000000000000036,0.12999999999999945,-0.06999999999999984,-0.04999999999999982,0.0,0.0,-0.07000000000000028,0.009999999999999343,0.01613576532526828,0.05645216086644389,0.022257419761006147,0.033561311890167644,-0.005115757562255574,-0.008298990972063436,-0.002128177867566805,0.006258702443233233,0.009361524594810433,0.09679523455802919,-1.3900000000000006
2022-10-26,4.39,4.04,1.6,3.08,3830.6,10970.99,27.28,126.4723,89.39,1670.8,-0.34999999999999964,-0.03000000000000025,0.3199999999999994,-0.05999999999999961,0.31999999999999984,0.010000000000000009,0.2100000000000002,0.0,0.0,-0.02999999999999936,4.440892098500626e-16,-0.007415138056792614,0.029555878421874127,-0.02058068744458197,-0.007324316899747885,-0.007128666301083442,-0.01269733869029821,0.016870015162531615,0.03198813324928107,0.0279056220087881,0.07887808052534684,-1.1799999999999997
2022-10-27,4.3,3.96,1.51,3.08,3807.3,10792.67,27.39,126.7028,89.06,1663.3,-0.33999999999999986,-0.08999999999999986,0.13999999999999968,-0.08000000000000007,0.20000000000000018,-0.09000000000000008,-0.06000000000000005,0.0,0.0,0.009999999999999787,0.0600000000000005,-0.006101172384331832,0.04480748230970377,-0.016387316338153823,0.0051239813774230925,0.0018208746728003433,-0.006614864442418877,-0.004498972826531222,0.010091024932163961,-0.0036985192062042316,0.08527758495706017,0.10999999999999943
2022-10-28,4.41,4.02,1.51,3.08,3901.06,11102.45,25.75,127.2135,87.85,1649.25,-0.39000000000000057,0.11000000000000032,0.1900000000000004,0.05999999999999961,0.1899999999999995,0.0,-0.16999999999999993,0.0,0.0,-0.05000000000000071,-8.881784197001252e-16,0.024328034575768598,0.08431690916186696,0.02829860468092882,0.048614452628427784,0.0040225908194653215,-0.0023656589433906916,-0.008482941693508828,-0.014148339559945988,-0.013679485260450264,0.0947298132467349,-1.6400000000000006
2022-10-31,4.51,4.1,1.58,3.08,3871.98,10988.15,25.88,127.6219,86.54,1638.85,-0.41000000000000014,0.09999999999999964,0.3899999999999997,0.08000000000000007,0.4299999999999997,0.07000000000000006,0.15000000000000013,0.0,0.0,-0.019999999999999574,0.040000000000000036,-0.007482306966124952,0.05127997339833357,-0.010348385288009965,0.01584360118797612,0.0032052089280902862,0.004244947152463041,-0.006325862766326296,-0.013304637634915295,-0.01502407983636811,0.029194874942113813,0.129999999999999
2022-11-01,4.54,4.07,1.56,3.08,3856.1,10890.85,25.81,127.3987,88.36,1652.55,-0.46999999999999975,0.03000000000000025,0.4400000000000004,-0.02999999999999936,0.4500000000000002,-0.020000000000000018,0.18000000000000016,0.0,0.0,-0.05999999999999961,0.009999999999999787,-0.004109694089747151,0.017044938443284252,-0.008894432237021022,-0.025882319878201443,-0.0017504472736051824,0.009597022321213622,0.008324773117529105,-0.03367662143588834,0.02081264375517833,0.017006630280087975,-0.07000000000000028
2022-11-02,4.61,4.1,1.57,3.08,3759.69,10524.8,25.86,127.3115,90.06,1656.45,-0.5100000000000007,0.07000000000000028,0.45999999999999996,0.02999999999999936,0.33999999999999986,0.010000000000000009,0.030000000000000027,0.0,0.0,-0.040000000000000924,-0.1200000000000001,-0.02531980282762092,-0.006254851049273924,-0.03418861014614194,-0.0575831403600322,-0.0006846997364586827,0.0035401108131418724,0.0023572087070666825,-0.03307313252473776,0.019056736321508616,0.02064242019663176,0.05000000000000071
2022-11-03,4.71,4.14,1.74,3.83,3719.89,10342.94,25.3,128.1743,88.14,1620.65,-0.5700000000000003,0.09999999999999964,0.47999999999999954,0.040000000000000036,0.3099999999999996,0.16999999999999993,0.1299999999999999,0.75,0.75,-0.05999999999999961,-0.16999999999999993,-0.010642409238982964,-0.006599339904681756,-0.01743021565860836,-0.068233546996467,0.006754217103540405,0.007242901938266932,-0.021849454839983018,-0.057168697726640794,-0.02154965545958465,-0.008585683106018038,-0.5599999999999987
2022-11-04,4.66,4.17,1.69,3.83,3770.55,10475.25,24.55,127.1468,92.58,1648.8,-0.4900000000000002,-0.04999999999999982,0.3600000000000003,0.03000000000000025,0.2799999999999998,-0.050000000000000044,0.06999999999999984,0.0,0.75,0.08000000000000007,-0.08000000000000052,0.01352678145799402,0.035330608720803625,0.012711170517860637,-0.016769887008283746,-0.008048731945461185,-0.0012913729369996574,0.017220447254982396,-0.037322428393991025,0.04914667618928359,-0.005278762594494779,-0.75
2022-11-07,4.72,4.22,1.69,3.83,3806.8,10564.52,24.35,126.3062,91.8,1679.9,-0.5,0.05999999999999961,,0.04999999999999982,,0.0,,0.0,,-0.009999999999999787,,0.009568061802673,0.052419338068094845,0.008485885130452786,0.002124452748223149,-0.0066332068048744475,,0.018686517239919098,-8.92870430213577e-05,-0.008460837976679514,0.002181025946359938,-0.1999999999999993
2022-11-08,4.67,4.14,1.64,3.83,3828.11,10616.2,25.54,125.633,88.8,1670.8,-0.5300000000000002,-0.04999999999999982,0.3700000000000001,-0.08000000000000007,0.20999999999999952,-0.050000000000000044,0.019999999999999796,0.0,0.75,-0.03000000000000025,-0.1600000000000006,0.005582267593981172,0.06454217830144593,0.004879919337705374,0.018060226488556097,-0.005344159243320767,-0.01603763749400322,-0.0054317141931479185,0.003988071073844246,-0.03322564762832059,-0.010641377370264493,1.1899999999999977
2022-11-09,4.61,4.12,1.7,3.83,3748.57,10353.17,26.09,125.9861,85.79,1705.15,-0.4900000000000002,-0.05999999999999961,0.33000000000000007,-0.019999999999999574,0.20999999999999996,0.06000000000000005,0.07999999999999985,0.0,0.75,0.040000000000000036,-0.1200000000000001,-0.020996774887089842,0.04684158676482042,-0.02508838332960117,-0.0061559336386345365,0.002806625027948151,-0.017015042919084955,0.020350529764477265,0.019453159000420328,-0.0344842004132504,-0.023500678344151815,0.5500000000000007
2022-11-10,4.34,3.82,1.43,3.83,3956.37,11114.15,23.53,124.7044,86.52,1705.65,-0.52,-0.27000000000000046,-0.1299999999999999,-0.30000000000000027,-0.15000000000000036,-0.27,-0.19999999999999996,0.0,0.75,-0.029999999999999805,-0.020000000000000462,0.05395250428096254,0.07515979959888597,0.0709263182471549,0.04273899449386853,-0.010225446659000603,-0.023961563627818094,0.00029318635134334414,0.01729763268792439,0.00847315149998451,-0.03486810552462849,-2.5599999999999987
2022-11-11,,,,,3992.93,11323.33,22.52,,89.14,1764.75,,,,,,,,,,,,0.009198359044827242,0.10830532241566537,0.018646127869381246,0.09264675822092272,,,0.034062767536740424,0.06411739813038331,0.029832566433551477,0.03469875608472517,-1.0100000000000016
2022-11-14,4.4,3.88,1.51,3.83,3957.25,11196.22,23.73,123.4277,85.85,1757.35,-0.5200000000000005,,-0.04999999999999982,,-0.13999999999999968,,-0.06000000000000005,,0.75,,-0.08999999999999986,-0.008975957665020573,0.07319380783873797,-0.011288977791840793,0.04759672357639744,,-0.03359584693054707,-0.004202044739553656,0.05819493584078739,-0.03760658017492524,-0.0017457089100227918,1.2100000000000009
2022-11-15,4.37,3.8,1.45,3.83,3991.73,11358.41,24.54,123.039,86.87,1775.1,-0.5700000000000003,-0.03000000000000025,-0.05999999999999961,-0.08000000000000007,-0.20999999999999996,-0.06000000000000005,-0.15000000000000013,0.0,0.75,-0.04999999999999982,-0.15000000000000036,0.008675381307597263,0.07050642896479253,0.014382217373182016,0.05297113113978291,-0.003154181252559063,-0.038866947851059486,0.010049766814730354,0.07171876400019617,0.011811160928344222,0.042084254324579184,0.8099999999999987
2022-11-16,4.35,3.67,1.38,3.83,3958.79,11183.66,24.11,123.2817,85.62,1783.2,-0.6799999999999997,-0.020000000000000462,-0.20000000000000018,-0.1299999999999999,-0.46999999999999975,-0.07000000000000006,-0.3400000000000001,0.0,0.75,-0.10999999999999943,-0.2699999999999996,-0.008286297872086124,0.06891456779741745,-0.015504654251186523,0.04603319925619331,0.0019706023776260295,-0.04065348816321901,0.004552743720901198,0.0832865230508224,-0.014493847555028694,-0.004428395536707264,-0.4299999999999997
2022-11-17,4.43,3.77,1.49,3.83,3946.56,11144.96,23.93,123.977,81.69,1764.55,-0.6599999999999997,0.08000000000000007,-0.1900000000000004,0.10000000000000009,-0.4700000000000002,0.1100000000000001,-0.24,0.0,0.75,0.020000000000000018,-0.2799999999999998,-0.003094109623736685,0.07380317668977376,-0.003466406679097034,0.04873435574627649,0.0056240838661079096,-0.03197482356463599,-0.010513802718534748,0.07735441990770386,-0.046987305363022536,-0.051648232001812566,-0.17999999999999972
2022-11-18,4.51,3.82,1.57,3.83,3965.34,11146.06,23.12,123.8524,80.07,1764.75,-0.69,0.08000000000000007,0.019999999999999574,0.04999999999999982,-0.3900000000000001,0.08000000000000007,-0.11999999999999988,0.0,0.75,-0.03000000000000025,-0.4099999999999997,0.004747288330236188,0.05510269716757321,9.869445192656201e-05,0.0260255407452874,-0.001005530502018459,-0.0303856898565229,0.00011333692245685256,0.08277818293894246,-0.020030343269235473,-0.06526418509338416,-0.8099999999999987
2022-11-21,4.48,3.83,1.52,3.83,3949.94,11024.51,22.36,124.7009,79.74,1739.65,-0.6500000000000004,-0.02999999999999936,-0.019999999999999574,0.010000000000000231,-0.41999999999999993,-0.050000000000000044,-0.1399999999999999,0.0,0.75,0.03999999999999959,-0.40000000000000036,-0.003891212801477195,0.039399567306297456,-0.01096509632914966,0.0065431918762062224,0.006827535953727981,-0.02634966573943842,-0.014325093725553018,0.055123227221972826,-0.004129910131332792,-0.07697033054295321,-0.7600000000000016
2022-11-22,4.47,3.76,1.44,3.83,4003.58,11174.41,21.29,124.2365,80.83,1747.0,-0.71,-0.010000000000000675,0.04999999999999982,-0.07000000000000028,-0.33999999999999986,-0.08000000000000007,-0.15000000000000013,0.0,0.75,-0.05999999999999961,-0.3899999999999997,0.013488571921957515,0.03675237390298669,0.013505366784489325,-0.0022088611003105996,-0.003731062819294806,-0.024964970996477653,0.0042160875840275835,0.061467492673567214,0.013576841792543703,-0.07275501334521994,-1.0700000000000003
2022-11-23,4.46,3.71,1.39,3.83,4027.26,11285.32,20.35,123.7574,77.93,1735.75,-0.75,-0.009999999999999787,0.07000000000000028,-0.04999999999999982,-0.33000000000000007,-0.050000000000000044,-0.2100000000000002,0.0,0.75,-0.040000000000000036,-0.40000000000000036,0.005897283130643416,0.05006479509042272,0.00987642340727568,0.02824824975154705,-0.0038638095214533763,-0.021700114216847588,-0.006460434500673351,0.03813704301036225,-0.03653719589028359,-0.13719783124429163,-0.9399999999999977
2022-11-24,,,,,,,20.42,,,1755.25,,,,,,,,,,,,,,,,,,0.011171700263975737,0.05380771610086921,,,0.07000000000000028
2022-11-25,4.42,3.68,1.36,3.83,4026.12,11226.36,20.5,123.3386,76.45,1753.55,-0.7399999999999998,,0.009999999999999787,,-0.3399999999999994,,-0.1499999999999999,,0.75,,-0.3499999999999992,,0.03155482195485604,,0.011098779734666664,,-0.030933358588754345,-0.0009689923238820342,0.061321665470496,,-0.13899388225803477,0.0799999999999983
2022-11-28,4.46,3.69,1.43,3.83,3963.94,11049.5,22.21,123.6032,77.1,1762.9,-0.77,0.040000000000000036,-0.04999999999999982,0.009999999999999787,-0.4099999999999997,0.06999999999999984,-0.15000000000000013,0.0,0.75,-0.03000000000000025,-0.3599999999999999,-0.015564652905561971,0.02347247601541902,-0.01587940634721896,0.005567758675457668,0.0021430158949593547,-0.031995551621885276,0.005317875718221288,0.07296540395504358,0.008466348194211548,-0.11550345422745512,1.7100000000000009
2022-11-29,4.48,3.75,1.5,3.83,3957.63,10983.78,21.89,123.6615,77.96,1755.35,-0.7300000000000004,0.020000000000000462,-0.05999999999999961,0.06000000000000005,-0.3200000000000003,0.07000000000000006,-0.06000000000000005,0.0,0.75,0.03999999999999959,-0.2600000000000007,-0.0015931188727940082,0.025989051232372162,-0.005965538939422643,0.008496651973056046,0.00047155943473065065,-0.029773544913549443,-0.004291913075860521,0.06034871776165396,0.011092594070076345,-0.1252235039125571,-0.3200000000000003
2022-11-30,4.38,3.68,1.34,3.83,4080.11,11468.0,20.58,123.5175,80.48,1759.65,-0.6999999999999997,-0.10000000000000053,-0.23000000000000043,-0.06999999999999984,-0.4199999999999995,-0.15999999999999992,-0.22999999999999998,0.0,0.75,0.030000000000000693,-0.18999999999999906,0.030478587582589256,0.08178744164258234,0.04314090888932398,0.08582617100852197,-0.001165147656482901,-0.030253992833573662,0.0024466584040014894,0.060438167458588765,0.03181283171206939,-0.11246740852199633,-1.3100000000000023
2022-12-01,4.25,3.53,1.17,3.83,4076.57,11482.45,19.84,122.0045,81.06,1779.6,-0.7200000000000002,-0.1299999999999999,-0.45999999999999996,-0.15000000000000036,-0.6099999999999999,-0.17000000000000015,-0.5700000000000001,0.0,0.0,-0.020000000000000462,-0.1499999999999999,-0.0008680002702714518,0.09156185061129385,0.0012592347347801791,0.10451562140191051,-0.012324917135421387,-0.049333127072535454,0.011273694312047944,0.09356131661061973,0.007180914848733622,-0.08373683821367806,-0.7399999999999984
2022-12-02,4.28,3.51,1.08,3.83,4071.7,11461.5,19.06,122.0102,79.86,1800.75,-0.7700000000000005,0.03000000000000025,-0.3799999999999999,-0.020000000000000018,-0.6600000000000001,-0.08999999999999986,-0.6099999999999999,0.0,0.0,-0.050000000000000266,-0.28000000000000025,-0.0011953459028433144,0.07683972325045652,-0.0018261899823102112,0.08997826090173966,4.671849688531182e-05,-0.04123767663018896,0.011814624837585441,0.08815549419322277,-0.014914519565087048,-0.1477980339680487,-0.7800000000000011
2022-12-05,4.41,3.6,1.21,3.83,3998.84,11239.94,20.75,122.6384,76.83,1794.35,-0.81,0.1299999999999999,-0.3099999999999996,0.0900000000000003,-0.6199999999999997,0.1299999999999999,-0.48,0.0,0.0,-0.03999999999999959,-0.31000000000000005,-0.018056283602074785,0.04921537784570873,-0.019520086400588,0.061972289370698874,0.005135540368239155,-0.029468929457075355,-0.0035604054189262158,0.06590857153437746,-0.03867991275553173,-0.1780171087469009,1.6900000000000013
2022-12-06,4.34,3.51,1.2,3.83,3941.26,11014.89,22.17,123.0191,74.21,1773.35,-0.8300000000000001,-0.07000000000000028,-0.33000000000000007,-0.0900000000000003,-0.6299999999999999,-0.010000000000000009,-0.43999999999999995,0.0,0.0,-0.020000000000000018,-0.2999999999999998,-0.014503849921748468,0.02912926032997909,-0.020225512550769764,0.036866857482223736,0.003099439705826157,-0.02102533050792843,-0.011772426230890254,0.05956785949663512,-0.034696276897501654,-0.17948773801608198,1.4200000000000017
2022-12-07,4.26,3.42,1.16,3.83,3933.92,10958.55,22.68,122.7608,71.93,1771.85,-0.8399999999999999,-0.08000000000000007,-0.35000000000000053,-0.08999999999999986,-0.7000000000000002,-0.040000000000000036,-0.54,0.0,0.0,-0.009999999999999787,-0.34999999999999964,-0.0018640849162636641,0.04826195030080527,-0.0051280203247596745,0.05682722048706523,-0.0021018813588531415,-0.025933836894729723,-0.0008462146505197055,0.03837111508163815,-0.03120548810277768,-0.17620902570560926,0.509999999999998
2022-12-08,4.31,3.48,1.2,3.83,3963.51,11082.0,22.29,122.4152,71.3,1782.45,-0.8299999999999996,0.04999999999999982,-0.03000000000000025,0.06000000000000005,-0.33999999999999986,0.040000000000000036,-0.22999999999999998,0.0,0.0,0.010000000000000231,-0.3099999999999996,0.007493612090724966,0.0018030581105676902,0.011202196947682097,-0.0028969008124075657,-0.002819201136321503,-0.018527591372050622,0.005964623935009072,0.04404255266530388,-0.008797096459014497,-0.19347927366460826,-0.39000000000000057
2022-12-09,4.33,3.57,1.31,3.83,3934.38,11004.62,22.83,122.4201,71.05,1793.0,-0.7600000000000002,0.020000000000000462,,0.08999999999999986,,0.1100000000000001,,0.0,,0.0699999999999994,,-0.007376687214824429,-0.014771988149083981,-0.00700698582210002,-0.028550014503888832,4.002690788951213e-05,,0.005901372200987964,0.01588115732955142,-0.0035124728771407376,-0.22682431297530048,0.5399999999999991
2022-12-12,4.39,3.61,1.33,3.83,3990.56,11143.74,25.0,122.7714,72.96,1790.6,-0.7799999999999998,0.05999999999999961,-0.010000000000000675,0.040000000000000036,-0.27,0.020000000000000018,-0.17999999999999994,0.0,0.0,-0.019999999999999574,-0.25999999999999934,0.014178262831054056,0.008382232346990648,0.012562720641859926,-0.004698316070188113,0.0028655172824718633,-0.005331469973581804,-0.001339435405077083,0.018743766664027994,0.026527491222966937,-0.1626902415774083,2.1700000000000017
2022-12-13,4.22,3.51,1.27,3.83,4019.65,11256.81,22.55,121.8493,75.44,1785.15,-0.71,-0.16999999999999993,-0.15000000000000036,-0.10000000000000009,-0.29000000000000004,-0.06000000000000005,-0.17999999999999994,0.0,0.0,0.06999999999999984,-0.13999999999999968,0.007263262233260903,0.006970113272654288,0.010095373578526079,-0.00898515986484405,-0.0075390542784958825,-0.009716342999518623,-0.0030483139034975792,0.005645685945800061,0.03342629255912577,-0.14107510994662675,-2.4499999999999993
2022-12-14,4.23,3.49,1.3,3.83,3995.32,11170.89,21.14,121.8226,77.14,1808.2,-0.7400000000000002,0.010000000000000675,-0.11999999999999922,-0.019999999999999574,-0.17999999999999972,0.030000000000000027,-0.07999999999999985,0.0,0.0,-0.03000000000000025,-0.0600000000000005,-0.006071158028412071,0.00918525311632834,-0.00766199122828759,-0.0011424968419451176,-0.00021914714094517507,-0.011906092518089828,0.012829430006707554,0.013922372231606417,0.022284314454879883,-0.10429694793671818,-1.4100000000000001
2022-12-15,4.23,3.44,1.28,4.33,3895.75,10810.53,22.83,122.5519,75.89,1775.95,-0.7900000000000005,0.0,-0.1999999999999993,-0.050000000000000266,-0.33000000000000007,-0.020000000000000018,-0.20999999999999996,0.5,0.5,-0.050000000000000266,-0.13000000000000078,-0.02523746079196343,-0.012958098051898403,-0.03279062848875469,-0.030466718651602775,0.005968725584295953,-0.011561450799901785,-0.017996384300611012,0.006439790649530153,-0.016337029364260403,-0.07364667193795604,1.6899999999999977
2022-12-16,4.17,3.48,1.35,4.33,3852.36,10705.41,22.62,122.6505,74.19,1780.15,-0.69,-0.0600000000000005,-0.33999999999999986,0.040000000000000036,-0.33999999999999986,0.07000000000000006,-0.21999999999999997,0.0,0.5,0.10000000000000053,0.0,-0.011200267830703936,-0.028905654212838527,-0.009771437958297824,-0.04033685106182716,0.0008042336071296674,-0.009751686690753658,0.002362139395908791,0.008688593122982091,-0.022655553214386615,-0.07627188188310718,-0.2099999999999973
2022-12-19,4.25,3.57,1.42,4.33,3817.66,10546.03,22.42,122.5275,75.05,1796.5,-0.6800000000000002,0.08000000000000007,-0.23000000000000043,0.08999999999999986,-0.26000000000000023,0.06999999999999984,-0.10000000000000009,0.0,0.5,0.009999999999999787,-0.029999999999999805,-0.009048278034292423,-0.034062719445653755,-0.014999735383424806,-0.04437149011610231,-0.0010033527504003104,-0.01758257539488195,0.009142697155009927,0.032156384003545035,0.01152518787803647,-0.06061678387373792,-0.1999999999999993
2022-12-20,4.25,3.69,1.45,4.33,3821.62,10547.11,21.48,122.1357,75.92,1806.35,-0.56,0.0,-0.21999999999999975,0.1200000000000001,-0.06999999999999984,0.030000000000000027,0.010000000000000009,0.0,0.5,0.1200000000000001,0.1499999999999999,0.0010367470114189814,-0.04651454435619229,0.00010240296143138039,-0.05777445393916025,-0.0032027729132586558,-0.0170542854888458,0.005467907096475599,0.03340820351599305,0.011525596222201173,-0.06266802944408045,-0.9400000000000013
2022-12-21,4.21,3.68,1.41,4.33,3878.44,10709.37,20.07,122.2828,78.17,1813.5,-0.5299999999999998,-0.040000000000000036,-0.25,-0.009999999999999787,-0.029999999999999805,-0.040000000000000036,0.020000000000000018,0.0,0.5,0.03000000000000025,0.2200000000000002,0.014758594440962725,-0.03765323304587298,0.01526717045396353,-0.052383706892472404,0.001203673353368906,-0.011986802614023517,0.003950445072907982,0.043819083089574384,0.029205787930566274,0.003074954376769412,-1.4100000000000001
2022-12-22,4.24,3.67,1.48,4.33,3822.39,10476.12,21.97,122.2419,77.68,1815.2,-0.5700000000000003,0.03000000000000025,,-0.010000000000000231,,0.07000000000000006,,0.0,,-0.04000000000000048,,-0.014557129502374977,,-0.02202067786649131,,-0.00033452653561294454,,0.0009369747426744013,0.03358435756827305,-0.0062881182491691945,,1.8999999999999986
2022-12-23,4.31,3.75,1.55,4.33,3844.82,10497.86,20.87,121.9743,79.57,1797.4,-0.5599999999999996,0.0699999999999994,-0.11000000000000032,0.08000000000000007,0.06999999999999984,0.07000000000000006,0.18999999999999995,0.0,0.5,0.010000000000000675,0.18000000000000016,0.005850906388984001,-0.04607634521513404,0.002073045534102036,-0.06709315755075629,-0.0021915016866183024,-0.011123051956613672,-0.009854478241358322,0.02469887165079676,0.024039313406373886,0.04000020501437174,-1.0999999999999979
2022-12-26,,,,,,,,,,,,,,,,,,,,,,,,,,,,,,,,
2022-12-27,4.32,3.84,1.58,4.33,3829.25,10353.23,21.65,121.7539,79.45,,-0.4800000000000004,,-0.16000000000000014,,0.08999999999999986,,0.08000000000000007,,0.5,,0.25,,-0.03297639969183308,,-0.05912109081172545,,-0.015546199786951043,,,,0.018932018343365442,
2022-12-28,4.31,3.88,1.6,4.33,3783.22,10213.29,22.14,122.0075,78.89,1802.65,-0.4299999999999997,-0.010000000000000675,-0.07000000000000028,0.040000000000000036,0.19999999999999973,0.020000000000000018,0.26,0.0,0.5,0.05000000000000071,0.27,-0.012093462699048985,-0.07554844997347132,-0.013608734944638101,-0.11587073464568753,0.002080723949688945,-0.012300328180779196,,0.024142878829980674,-0.007073415875726852,-0.0199542292444308,0.490000000000002
2022-12-29,4.34,3.83,1.56,4.33,3849.28,10478.09,21.44,121.6577,78.43,1805.4,-0.5099999999999998,0.03000000000000025,0.08999999999999986,-0.04999999999999982,0.30000000000000027,-0.040000000000000036,0.3900000000000001,0.0,0.5,-0.08000000000000007,0.2100000000000004,0.017310618960092228,-0.05736983074310764,0.02559659699916672,-0.09153337238130099,-0.002871154685188948,-0.0028465657305467573,0.0015243694142350606,0.01439355393216779,-0.0058479698824234205,-0.03298311397558784,-0.6999999999999993
2022-12-30,4.41,3.88,1.58,4.33,3839.5,10466.48,21.67,121.4256,80.16,1812.35,-0.5300000000000002,0.07000000000000028,0.1299999999999999,0.04999999999999982,0.3700000000000001,0.020000000000000018,0.5,0.0,0.5,-0.020000000000000462,0.2400000000000002,-0.0025439680351091454,-0.05871845287537347,-0.0011086406824443173,-0.0908158230814351,-0.001909634026963758,-0.004802918254395827,0.0038421718194019405,0.00642110091398429,0.021818130111979528,0.0037495357014787345,0.23000000000000043
2023-01-02,,,,,,,,,,,,,,,,,,,,,,,,,,,,,,,,
2023-01-03,4.4,3.79,1.53,4.33,3824.14,10386.98,22.9,122.0905,76.87,1835.05,-0.6100000000000003,,0.0600000000000005,,0.28000000000000025,,0.33000000000000007,,0.5,,0.21999999999999975,,-0.03016686374235711,,-0.05869489506219239,,-0.007577054857983434,,0.034201315954199174,,0.035216771378998146,
2023-01-04,4.36,3.69,1.47,4.33,3852.97,10458.76,22.01,121.5008,72.82,1857.55,-0.6700000000000004,-0.040000000000000036,0.10000000000000053,-0.10000000000000009,0.27,-0.06000000000000005,0.31000000000000005,0.0,0.5,-0.06000000000000005,0.16999999999999948,0.007510674075383861,-0.020792104750709584,0.006886806004375856,-0.046680068733056856,-0.004841725890815773,-0.010316899389946066,0.012186686056183227,0.047234216660902106,-0.05412504061375323,0.012297218868022597,-0.889999999999997
2023-01-05,4.45,3.71,1.49,4.33,3808.1,10305.24,22.46,122.1017,73.61,1850.25,-0.7400000000000002,0.08999999999999986,0.14000000000000057,0.020000000000000018,0.22999999999999998,0.020000000000000018,0.29000000000000004,0.0,0.5,-0.06999999999999984,0.08999999999999941,-0.011713902384517638,-0.03999961922595219,-0.014787401027986036,-0.07266966670872499,0.004933456912591616,-0.0025642413410329468,-0.0039376500524621605,0.03733194267343087,0.010790243323327786,0.03188455865036488,0.4499999999999993
2023-01-06,4.24,3.55,1.34,4.33,3895.08,10569.29,21.13,121.0852,73.77,1834.5,-0.6900000000000004,-0.20999999999999996,-0.08999999999999986,-0.16000000000000014,-0.020000000000000018,-0.1499999999999999,0.030000000000000027,0.0,0.5,0.04999999999999982,0.06999999999999984,0.022583841176025743,-0.010039090835102016,0.025300122650268264,-0.040362558236356705,-0.008359873990302802,-0.01096414223922526,-0.008548800282238922,0.022881770190203987,0.0021712588255962118,0.03756829035310183,-1.3300000000000018
2023-01-09,4.19,3.53,1.31,4.33,3892.09,10635.65,21.97,120.1508,74.69,1873.8,-0.6600000000000006,-0.04999999999999982,-0.1999999999999993,-0.020000000000000018,-0.08000000000000007,-0.030000000000000027,-0.020000000000000018,0.0,0.5,0.029999999999999805,0.11999999999999922,-0.0007679298504950083,-0.02498528351665108,0.006258939344686354,-0.04666633953353028,-0.0077468095393067316,-0.021576469061003856,0.021196489721750922,0.04541769531703199,0.012394069472764002,0.023434868602898895,0.8399999999999999
2023-01-10,4.24,3.61,1.37,4.33,3919.25,10742.63,20.58,120.2483,75.11,1875.2,-0.6300000000000003,0.04999999999999982,0.020000000000000462,0.08000000000000007,0.10000000000000009,0.06000000000000005,0.10000000000000009,0.0,0.5,0.03000000000000025,0.07999999999999963,0.006954020552452533,-0.02529452519745945,0.010008372328542237,-0.04675334078351412,0.0008111511677544314,-0.013226263614753542,0.0007468658656053506,0.04921287508613492,0.005607491328945002,-0.004383932627281872,-1.3900000000000006
2023-01-11,4.2,3.54,1.31,4.33,3969.61,10931.67,21.09,120.1614,77.46,1884.25,-0.6600000000000001,-0.040000000000000036,-0.03000000000000025,-0.06999999999999984,0.04999999999999982,-0.06000000000000005,0.010000000000000009,0.0,0.5,-0.029999999999999805,0.08000000000000007,0.012767544131229158,-0.00645582303781822,0.01744414294214458,-0.02164720661308195,-0.00072293259202727,-0.013730049065835637,0.004814543340885713,0.04119798842031308,0.030807968388685936,0.00413972130652418,0.5100000000000016
2023-01-12,4.12,3.43,1.22,4.33,3983.17,11001.1,18.83,119.4218,78.32,1883.1,-0.69,-0.08000000000000007,-0.11000000000000032,-0.10999999999999988,-0.009999999999999787,-0.09000000000000008,-0.06000000000000005,0.0,0.0,-0.029999999999999805,0.10000000000000053,0.0034101315868824145,0.022191769341027623,0.00633118679662914,0.017474608672301883,-0.006174075222404873,-0.025872849872536463,-0.00061050873198365,0.05858386398894044,0.011041324135648622,0.031518074806433205,-2.2600000000000016
2023-01-13,4.22,3.49,1.31,4.33,3999.09,11079.16,18.35,119.1673,79.9,1904.05,-0.7299999999999995,0.09999999999999964,0.04999999999999982,0.06000000000000005,0.010000000000000231,0.09000000000000008,-0.040000000000000036,0.0,0.0,-0.03999999999999959,-0.03999999999999959,0.003988850553225731,0.03738088772495729,0.007070598372170167,0.034316645002769874,-0.002133375720226205,-0.028810459199892335,0.011063841519115769,0.06728556611214742,0.019972854549973995,0.07414648257079381,-0.4799999999999969
2023-01-16,,,,,,,19.49,,,1915.1,,,,,,,,,,,,,,,,,,0.005786644061802626,0.06392951301894012,,,1.139999999999997
2023-01-17,4.18,3.53,1.36,4.33,3990.97,11095.11,19.36,119.2121,80.25,1904.95,-0.6499999999999999,,-0.07000000000000028,,-0.16000000000000014,,-0.08999999999999986,,0.0,,-0.08999999999999986,,0.04335989263528006,,0.050652581965143995,,-0.02422846212681229,-0.005314079075323441,0.05314752684714108,,0.055466607708452464,-0.129999999999999
2023-01-18,4.06,3.37,1.25,4.33,3928.86,10957.01,20.34,119.0755,79.53,1911.55,-0.6899999999999995,-0.1200000000000001,-0.15000000000000036,-0.1599999999999997,-0.31000000000000005,-0.1100000000000001,-0.15999999999999992,0.0,0.0,-0.03999999999999959,-0.1599999999999997,-0.015685001660276754,0.012916296534040583,-0.012525036629840614,0.02286037488133985,-0.00114651383423503,-0.026578649314416225,0.0034586697651333154,0.05265575153936641,-0.009012453041081336,0.017248366736804854,0.9800000000000004
2023-01-19,4.09,3.39,1.19,4.33,3898.85,10852.27,20.52,119.6107,80.31,1907.5,-0.6999999999999997,0.03000000000000025,-0.15000000000000036,0.020000000000000018,-0.2799999999999998,-0.06000000000000005,-0.29000000000000004,0.0,0.0,-0.010000000000000231,-0.12999999999999945,-0.007667669607521077,0.019805756428894483,-0.009605159387822582,0.03527589336000858,0.004484556685400598,-0.021759566093402682,-0.002120947103711579,0.04959782969298043,0.009759837231326784,0.03329632221730083,0.17999999999999972
2023-01-20,4.14,3.48,1.25,4.33,3972.61,11140.43,19.85,119.3486,81.27,1928.75,-0.6599999999999997,0.04999999999999982,-0.16999999999999993,0.08999999999999986,-0.27,0.06000000000000005,-0.30000000000000004,0.0,0.0,0.040000000000000036,-0.10000000000000009,0.018741671559173056,0.03269652159908354,0.02620655870153321,0.059409406527439756,-0.002193679886969946,-0.021761744293754326,0.011078640518758398,0.07053094845309715,0.011882798564743169,0.021139807375670117,-0.6699999999999982
2023-01-23,4.21,3.52,1.24,4.33,4019.81,11364.41,19.81,119.1434,81.62,1927.2,-0.69,0.07000000000000028,,0.040000000000000036,,-0.010000000000000009,,0.0,,-0.03000000000000025,,0.011811328415708644,,0.019905708791467802,,-0.0017208128627910213,,-0.0008039523767084944,,0.004297385212545635,,-0.0400000000000027
2023-01-24,4.12,3.46,1.19,4.33,4016.95,11334.27,19.2,119.0958,79.86,1936.5,-0.6600000000000001,-0.08999999999999986,-0.20000000000000018,-0.06000000000000005,-0.3799999999999999,-0.050000000000000044,-0.3900000000000001,0.0,0.0,0.029999999999999805,-0.17999999999999972,-0.0007117296325205302,0.04785394663732667,-0.0026556625947975476,0.09053233127172078,-0.00039959839214898096,-0.022073583048046963,0.0048140476541451704,,-0.021799228342583632,0.005147208652350521,-0.6099999999999994
2023-01-25,4.11,3.46,1.17,4.33,4016.22,11313.36,19.08,118.9686,79.78,1925.85,-0.6500000000000004,-0.009999999999999787,-0.1999999999999993,0.0,-0.41999999999999993,-0.020000000000000018,-0.43000000000000016,0.0,0.0,0.009999999999999787,-0.22000000000000064,-0.00018174643434853976,0.05976566290202712,-0.0018465513558361124,0.10229451486052277,-0.0010686185091479672,-0.025222925506883875,-0.005514791249605189,0.06610962425538247,-0.0010022551578146022,0.01121836937026277,-0.120000000000001
2023-01-26,4.17,3.49,1.16,4.33,4060.43,11512.41,18.73,119.021,80.64,1936.45,-0.6799999999999997,0.05999999999999961,-0.16999999999999993,0.03000000000000025,-0.33999999999999986,-0.010000000000000009,-0.40000000000000013,0.0,0.0,-0.02999999999999936,-0.16999999999999993,0.01094771756997659,0.05340276151191148,0.017441255725332283,0.09413917358668833,0.00044035538398912166,-0.021911415437705806,0.00548897113831881,0.07007422597946622,0.010721957845797547,0.02778829709848374,-0.34999999999999787
2023-01-27,4.19,3.52,1.19,4.33,4070.56,11621.71,18.51,118.9223,79.73,1928.25,-0.6700000000000004,0.020000000000000462,-0.21999999999999975,0.029999999999999805,-0.3599999999999999,0.030000000000000027,-0.3900000000000001,0.0,0.0,0.009999999999999343,-0.14000000000000012,0.0024917027916835366,0.05843843233870416,0.009449316704339239,0.10469713097347189,-0.0008296094545281463,-0.020831390865270194,-0.004243544029412405,0.061988510130651875,-0.011348877808654123,-0.0053787108221499125,-0.21999999999999886
2023-01-30,4.25,3.55,1.26,4.33,4017.77,11393.81,19.94,118.8953,77.97,1926.75,-0.7000000000000002,0.05999999999999961,,0.029999999999999805,,0.07000000000000006,,0.0,,-0.029999999999999805,,-0.013053559781990742,,-0.01980467518967899,,-0.00022706477666911695,,-0.0007782101560058763,,-0.022321789192895736,,1.4299999999999997
2023-01-31,4.21,3.52,1.28,4.33,4076.6,11584.55,19.4,118.9802,78.95,1905.2,-0.69,-0.040000000000000036,-0.1900000000000004,-0.029999999999999805,-0.27,0.020000000000000018,-0.25,0.0,0.0,0.010000000000000231,-0.07999999999999963,0.01453628532231832,0.06392970226983863,0.016602088322072106,0.10911921503798006,0.0007138188136641688,-0.025805480298752848,-0.011247655731397188,0.037515260852850396,0.01249060338014285,0.026699057340611176,-0.5400000000000027
2023-02-01,4.09,3.39,1.14,4.33,4119.21,11816.32,17.87,118.6259,76.34,1925.6,-0.6999999999999997,-0.1200000000000001,-0.27000000000000046,-0.1299999999999999,-0.2999999999999998,-0.14000000000000012,-0.33000000000000007,0.0,0.0,-0.009999999999999787,-0.02999999999999936,0.010398089735209837,0.0668171179296646,0.019809312987163707,0.1220417220207679,-0.0029822488782036416,-0.023946003286140716,0.010650617542157015,0.035979192338824184,-0.03361769338456799,0.04720640456979641,-1.5299999999999976
2023-02-02,4.09,3.4,1.18,4.58,4179.76,12200.82,18.73,118.3421,75.87,1954.9,-0.69,0.0,-0.3600000000000003,0.009999999999999787,-0.31000000000000005,0.040000000000000036,-0.31000000000000005,0.25,0.25,0.009999999999999787,0.050000000000000266,0.014592431217643309,0.09312345153182555,0.032021535810077495,0.16885065885883144,-0.0023952612646986893,-0.03127472146343102,0.015101433747211956,0.0550182761384983,-0.006175697967099936,0.03024046327936869,0.8599999999999994
2023-02-03,4.3,3.53,1.31,4.58,4136.48,12006.95,18.33,119.5095,73.4,1910.0,-0.77,0.20999999999999996,0.05999999999999961,0.1299999999999999,-0.020000000000000018,0.13000000000000012,-0.030000000000000027,0.0,0.25,-0.08000000000000007,-0.07999999999999963,-0.0104086439893738,0.06013096636642601,-0.016017513792881743,0.12753302241568143,0.009816283549497484,-0.013098563923630735,-0.02323579917539842,0.040331277245338804,-0.03309741372951347,-0.005028209275740991,-0.40000000000000213
2023-02-06,4.44,3.63,1.38,4.58,4111.08,11887.45,19.43,120.541,74.11,1873.5,-0.8100000000000005,0.14000000000000057,0.25,0.10000000000000009,0.10000000000000009,0.06999999999999984,0.06999999999999984,0.0,0.25,-0.04000000000000048,-0.1499999999999999,-0.006159416919169658,0.05473947929775136,-0.0100024270385628,0.11127165603243228,0.008594077902089658,0.003242323517765655,-0.019294902806933578,-0.00016011528334569647,0.009626540342797085,-0.007795738405707908,1.1000000000000014
2023-02-07,4.47,3.67,1.36,4.58,4164.0,12113.79,18.66,120.3475,77.17,1873.8,-0.7999999999999998,0.02999999999999936,0.22999999999999954,0.040000000000000036,0.06000000000000005,-0.019999999999999796,-0.010000000000000009,0.0,0.25,0.010000000000000675,-0.16999999999999948,0.012790383040920617,0.06057584178621944,0.01886125133016492,0.12012453503405496,-0.0016065527546462732,0.0008246195953649504,0.00016011528334569647,-0.0007468658656053506,0.040460304506244604,0.027057074771591694,-0.7699999999999996
2023-02-08,4.45,3.63,1.29,4.58,4117.86,11910.52,19.63,120.1436,78.47,1880.75,-0.8200000000000003,-0.019999999999999574,0.25,-0.040000000000000036,0.08999999999999986,-0.07000000000000006,-0.020000000000000018,0.0,0.25,-0.020000000000000462,-0.16000000000000014,-0.011142539811004326,0.03666575784398596,-0.0169224298906272,0.08575796220128318,-0.001695697253309092,-0.0001481450659168715,0.0037021789232429825,-0.0018592302832480812,0.016705605669869783,0.012954712052775541,0.9699999999999989
2023-02-09,4.48,3.67,1.34,4.57,4081.5,11789.58,20.71,119.9781,78.04,1882.1,-0.8100000000000005,0.03000000000000025,0.3600000000000003,0.040000000000000036,0.23999999999999977,0.050000000000000044,0.1200000000000001,-0.009999999999999787,0.2400000000000002,0.009999999999999787,-0.12000000000000055,-0.008869043032445845,0.0243865832246577,-0.010205952698276732,0.0692208227063773,-0.001378467886963719,0.004647462269524283,0.0007175412561872818,-0.0005311802950771494,-0.005494870384470829,-0.0035814824673439105,1.0800000000000018
2023-02-10,4.5,3.74,1.41,4.58,4090.46,11718.12,20.53,120.1419,79.74,1864.1,-0.7599999999999998,0.019999999999999574,0.28000000000000025,0.07000000000000028,0.25,0.06999999999999984,0.09999999999999987,0.009999999999999787,0.25,0.05000000000000071,-0.03000000000000025,0.0021928652588769637,0.02259059793030893,-0.006079728779516458,0.05607049555469068,0.0013643180527038723,0.00814515604245436,-0.009609811821317926,-0.021204833635510845,0.021549826198298483,-0.0020045108190194227,-0.17999999999999972
2023-02-13,4.52,3.72,1.41,4.58,4137.29,11891.79,20.34,119.9828,80.14,1858.5,-0.7999999999999994,0.019999999999999574,,-0.020000000000000018,,0.0,,0.0,,-0.03999999999999959,,0.011383550959928712,,0.014711884323991953,,-0.0013251450040900892,,-0.003008652137893364,-0.030000129835206835,0.005003763254789462,,-0.19000000000000128
2023-02-14,4.6,3.77,1.46,4.58,4136.13,11960.15,18.91,119.9229,79.08,1860.5,-0.8299999999999996,0.08000000000000007,0.41999999999999993,0.04999999999999982,0.2400000000000002,0.050000000000000044,0.09999999999999987,0.0,0.25,-0.03000000000000025,-0.17999999999999972,-0.0002804160812814871,0.035726258921506826,0.0057320442003021554,0.0750758195386041,-0.0004993628850389342,0.0059447767439042565,0.0010755580493704286,-0.023610492710512965,-0.013315106905582574,-0.014686763707708828,-1.4299999999999997
2023-02-15,4.62,3.81,1.46,4.58,4147.6,12070.59,18.23,120.4557,78.57,1835.45,-0.81,0.020000000000000462,0.5600000000000005,0.040000000000000036,0.43999999999999995,0.0,0.20999999999999996,0.0,0.25,0.019999999999999574,-0.12000000000000055,0.00276928565518908,0.05418054623697266,0.009191625189359343,0.09679248135780405,0.004433014191207896,0.011524304769347182,-0.013555585754732924,-0.040624748230379204,-0.006470051114686015,-0.012144361781313506,-0.6799999999999997
2023-02-16,4.62,3.86,1.49,4.58,4090.41,11855.83,20.17,120.4651,78.45,1837.3,-0.7600000000000002,0.0,0.5300000000000002,0.04999999999999982,0.46999999999999975,0.030000000000000027,0.30000000000000004,0.0,0.25,0.04999999999999982,-0.0600000000000005,-0.013884644172641458,0.04796357167185228,-0.017952185719732228,0.0884454550258944,7.803394314453982e-05,0.007117782027091124,0.0010074195937450625,-0.03749638153292256,-0.0015284680086882219,-0.023432667021328513,1.9400000000000013
2023-02-17,4.6,3.82,1.46,4.58,4079.09,11787.27,20.02,120.5526,76.31,1824.5,-0.7799999999999998,-0.020000000000000462,0.45999999999999996,-0.040000000000000036,0.33999999999999986,-0.030000000000000027,0.20999999999999996,0.0,0.25,-0.019999999999999574,-0.1200000000000001,-0.002771285205906082,0.02645061490677314,-0.005799594145397435,0.05643930217896376,0.0007260877839607716,0.010037549698021841,-0.006991125749187255,-0.055566147800868215,-0.027657487877499776,-0.06297295346357146,-0.15000000000000213
2023-02-20,,,,,,,21.23,,,1844.2,,,,,,,,,,,,,,,,,,0.010739602228539091,-0.04402259319562063,,,1.2100000000000009
2023-02-21,4.67,3.95,1.53,4.58,3997.34,11492.3,22.87,120.6256,76.28,1833.2,-0.7199999999999998,,0.5499999999999998,,0.4900000000000002,,0.3400000000000001,,0.25,,-0.05999999999999961,,-0.004893768290537892,,0.013846366301118351,,0.012763322484222961,-0.005982505470072397,-0.0548191463198382,,-0.04586432090285708,1.6400000000000006
2023-02-22,4.66,3.93,1.52,4.58,3991.05,11507.07,22.29,120.8389,73.95,1833.45,-0.73,-0.009999999999999787,0.5499999999999998,-0.020000000000000018,0.4700000000000002,-0.010000000000000009,0.3500000000000001,0.0,0.25,-0.010000000000000231,-0.07999999999999963,-0.0015747857327728099,-0.006286807588962162,0.0012843831835773756,0.01697730084053184,0.0017667197909512211,0.01559866078432215,0.00013636425641294636,-0.04916799081382006,-0.031021591575409957,-0.07588365732045244,-0.5800000000000018
2023-02-23,4.66,3.88,1.49,4.58,4012.32,11590.4,21.14,121.0896,75.26,1826.95,-0.7800000000000002,0.0,0.4900000000000002,-0.050000000000000266,0.3899999999999997,-0.030000000000000027,0.33000000000000007,0.0,0.25,-0.050000000000000266,-0.10000000000000053,0.00531527346027616,-0.011919251698662592,0.007215540190411929,0.006751585305611485,0.0020725139017212513,0.01723081930205428,-0.0035515281566125267,-0.0582084901087514,0.01755959600848289,-0.06904601915776709,-1.1499999999999986
2023-02-24,4.78,3.95,1.57,4.58,3970.04,11394.94,21.67,121.5681,76.19,1824.1,-0.8300000000000001,0.1200000000000001,0.5899999999999999,0.07000000000000028,0.43000000000000016,0.08000000000000007,0.3800000000000001,0.0,0.25,-0.04999999999999982,-0.1599999999999997,-0.010593457421727237,-0.025004411912073365,-0.01700777205042847,-0.019705503449156225,0.003943832157051297,0.022004260913633722,-0.0015611950419005538,-0.05552614112123955,0.01228143531962722,-0.04541570602948575,0.5300000000000011
2023-02-27,4.78,3.92,1.56,4.57,3982.24,11466.98,20.95,121.3941,75.57,1809.05,-0.8600000000000003,0.0,0.5300000000000002,-0.03000000000000025,0.3700000000000001,-0.010000000000000009,0.30000000000000004,-0.009999999999999787,0.2400000000000002,-0.03000000000000025,-0.16000000000000014,0.003068304831167268,-0.008882547298915355,0.0063022037028268585,0.006401375443349622,-0.001432321815882709,0.02079900387442013,-0.008284869099661307,-0.06303280006489498,-0.008170841452289856,-0.03126475828887987,-0.7200000000000024
2023-02-28,4.81,3.92,1.49,4.57,3970.15,11455.54,20.7,121.3341,76.88,1810.2,-0.8899999999999997,0.02999999999999936,0.5999999999999996,0.0,0.3999999999999999,-0.07000000000000006,0.20999999999999996,0.0,0.2400000000000002,-0.02999999999999936,-0.19999999999999973,-0.0030405976856187067,-0.026459430306852383,-0.0009981451384746265,-0.01119885801719711,-0.000494380143897466,0.019590804916858495,0.0006354907998629145,-0.051149653533634876,0.017186385629408107,-0.02656897603961461,-0.25
2023-03-01,4.89,4.01,1.57,4.58,3951.39,11379.48,20.58,120.6347,77.57,1833.5,-0.8799999999999999,0.08000000000000007,0.7999999999999998,0.08999999999999986,0.6199999999999997,0.08000000000000007,0.43000000000000016,0.009999999999999787,0.25,0.009999999999999787,-0.18000000000000016,-0.00473646161526986,-0.04159398165733208,-0.006661722327004682,-0.0376698933313655,-0.005780926696138167,0.01679212709892397,0.012789372118310105,-0.049010898957481785,0.00893498984074359,0.01598370718569697,-0.120000000000001
2023-03-02,4.89,4.08,1.6,4.57,3981.35,11462.98,19.59,121.1302,78.05,1831.75,-0.8099999999999996,0.0,0.7999999999999998,0.07000000000000028,0.6800000000000002,0.030000000000000027,0.42000000000000015,-0.009999999999999787,-0.009999999999999787,0.07000000000000028,-0.11999999999999966,0.007553542016923487,-0.0486328708580519,0.0073109789335692454,-0.06238045020787375,0.004099029212131455,0.023286417575754115,-0.0009549144713068003,-0.06506724717600054,0.00616889245866048,0.028328297611457387,-0.9899999999999984
2023-03-03,4.86,3.97,1.45,4.57,4045.64,11689.01,18.49,120.7742,79.62,1845.55,-0.8900000000000001,-0.02999999999999936,0.5600000000000005,-0.10999999999999988,0.4400000000000004,-0.15000000000000013,0.1399999999999999,0.0,-0.009999999999999787,-0.08000000000000052,-0.1200000000000001,0.016018800257414867,-0.022205426611263235,0.019526371743051385,-0.02683656467194062,-0.0029433136148426797,0.01052682041141395,0.0075055419917182675,-0.034325906008883855,0.01991567061073063,0.08134138195170149,-1.1000000000000014
2023-03-06,4.89,3.98,1.49,4.57,4048.42,11675.74,18.61,120.485,80.39,1851.7,-0.9099999999999997,0.02999999999999936,0.4499999999999993,0.009999999999999787,0.3500000000000001,0.040000000000000036,0.1100000000000001,0.0,-0.009999999999999787,-0.019999999999999574,-0.0999999999999992,0.00068692352399502,-0.015359086168098557,-0.0011358992864725082,-0.01797003691985033,-0.0023974226766725337,-0.00046468016734824147,0.0033268000119779373,-0.01170420318997234,0.009624472767697512,0.08133931437660191,0.120000000000001
2023-03-07,5.0,3.97,1.59,4.57,3986.37,11530.33,19.59,121.4623,77.45,1843.05,-1.0299999999999998,0.11000000000000032,0.5300000000000002,-0.009999999999999787,0.30000000000000027,0.10000000000000009,0.22999999999999998,0.0,-0.009999999999999787,-0.1200000000000001,-0.22999999999999998,-0.015445639173959691,-0.043595108382978864,-0.012532229983849064,-0.04936351823386431,0.008078662710992113,0.009220535298290145,-0.004682328062079577,-0.016546646535397613,-0.037257223476991896,0.0036217863933654115,0.9800000000000004
2023-03-08,5.05,3.98,1.66,4.57,3992.01,11576.0,19.11,121.4511,76.56,1813.35,-1.0699999999999998,0.04999999999999982,0.5999999999999996,0.009999999999999787,0.3500000000000001,0.06999999999999984,0.3699999999999999,0.0,-0.009999999999999787,-0.040000000000000036,-0.24999999999999956,0.0014138210863556822,-0.031038747485618856,0.003953034469061478,-0.028488053874175634,-9.221393309655213e-05,0.010824018618502684,-0.016245844665579767,-0.03649467012422036,-0.011557819718178486,-0.024641638994682857,-0.4800000000000004
2023-03-09,4.9,3.93,1.63,4.57,3918.32,11338.35,22.61,121.4458,75.6,1817.5,-0.9700000000000002,-0.14999999999999947,0.41999999999999993,-0.04999999999999982,0.26000000000000023,-0.030000000000000027,0.2899999999999998,0.0,0.0,0.09999999999999964,-0.1599999999999997,-0.018631872945281458,-0.04080157739845447,-0.020743204261615134,-0.039025305437514035,-4.363991472011719e-05,0.012158846590746286,0.002285967091563812,-0.03492624428884383,-0.01261846395921129,-0.03176523256942332,3.5
2023-03-10,4.6,3.7,1.44,4.57,3861.59,11138.89,24.8,121.2421,76.55,1834.95,-0.8999999999999995,-0.3000000000000007,0.09999999999999964,-0.22999999999999998,-0.040000000000000036,-0.18999999999999995,0.030000000000000027,0.0,-0.009999999999999787,0.07000000000000073,-0.13999999999999968,-0.014583974750191686,-0.05757841740752312,-0.017748196466490285,-0.05069377312448786,-0.0016786996618796124,0.009115828876162801,0.009555302753360806,-0.0157611297141651,0.012487838918205263,-0.04082721984951654,2.1900000000000013
2023-03-13,4.03,3.55,1.31,4.58,3855.76,11188.84,26.52,120.8897,74.68,1882.1,-0.4800000000000004,-0.5699999999999994,-0.4899999999999993,-0.15000000000000036,-0.17000000000000037,-0.1299999999999999,-0.09999999999999987,0.009999999999999787,0.0,0.41999999999999904,0.31999999999999895,-0.001510881613258519,-0.07047284998071035,0.0044742643635729,-0.060931393084906915,-0.0029108134397777263,0.007530160440475164,0.025370941535483027,0.01261846395921129,-0.02473180343017045,-0.07056278653447645,1.7199999999999989
2023-03-14,4.2,3.64,1.33,4.58,3919.29,11428.15,23.73,121.0141,71.18,1901.45,-0.56,0.16999999999999993,-0.39999999999999947,0.0900000000000003,-0.1299999999999999,0.020000000000000018,-0.1299999999999999,0.0,0.0,-0.07999999999999963,0.2699999999999996,0.016342380801372514,-0.05385005309805635,0.021162756974019814,-0.04550068031118926,0.001028508117409288,0.009058031442923387,0.010228578295836677,0.021771484205677538,-0.04800043859147518,-0.10524811822036906,-2.789999999999999
2023-03-15,3.93,3.51,1.22,4.58,3891.93,11434.05,26.14,122.1079,67.38,1906.0,-0.4200000000000004,-0.27,-0.69,-0.13000000000000034,-0.30000000000000027,-0.1100000000000001,-0.24,0.0,0.0,0.13999999999999968,0.3899999999999997,-0.00700533639823675,-0.06362467515148218,0.0005161358164098573,-0.05417616968413874,0.008998012354943796,0.013623029606659287,0.002390052221792338,0.0377171221822028,-0.054863642103640586,-0.15364170920932363,2.41
2023-03-16,4.14,3.56,1.34,4.58,3960.28,11717.28,22.99,121.7221,68.15,1919.4,-0.5799999999999996,0.20999999999999952,-0.4800000000000004,0.050000000000000266,-0.2999999999999998,0.1200000000000001,-0.1499999999999999,0.0,0.0,-0.15999999999999925,0.1800000000000006,0.017409551286965197,-0.032330479691875524,0.024468929547349916,-0.011755054417056598,-0.0031645024972526414,0.010380493166262106,0.007005831969379983,0.04371553455783772,0.011362920164135204,-0.1407503210365002,-3.150000000000002
2023-03-17,3.81,3.39,1.29,4.58,3916.64,11630.51,25.51,121.5643,66.61,1930.9,-0.41999999999999993,-0.3299999999999996,-0.7899999999999996,-0.16999999999999993,-0.4299999999999997,-0.050000000000000044,-0.16999999999999993,0.0,0.0,0.1599999999999997,0.3599999999999999,-0.011080586449226715,-0.04063978093519616,-0.007432857626710643,-0.013388317898369806,-0.0012972366900001475,0.008357168692301187,0.0059735782649656954,0.05668023857199067,-0.022856441717453713,-0.13594927487645414,2.520000000000003
2023-03-20,3.92,3.47,1.33,4.58,3951.57,11675.54,24.15,121.0141,67.56,1981.95,-0.44999999999999973,0.10999999999999988,,0.08000000000000007,,0.040000000000000036,,0.0,,-0.029999999999999805,,0.008878824909595906,,0.0038642374862796203,,-0.004536273167691007,,0.026094993079842865,0.07203562942329444,0.014161375514511576,,-1.360000000000003
2023-03-21,4.17,3.59,1.36,4.58,4002.87,11860.11,21.38,120.8958,69.4,1965.95,-0.5800000000000001,0.25,-0.5,0.11999999999999966,-0.3600000000000003,0.030000000000000027,-0.16999999999999993,0.0,0.0,-0.13000000000000034,0.13999999999999968,0.012898635541985115,0.0013824639305077824,0.015684613238093448,0.031503422507178414,-0.0009780501701692756,0.0022374838231797867,-0.008105619494580552,0.06991251539878629,0.0268707755731592,-0.09452391321945974,-2.7699999999999996
2023-03-22,3.96,3.48,1.2,4.58,3936.97,11669.96,22.26,120.6217,70.71,1941.85,-0.48,-0.20999999999999996,-0.7000000000000002,-0.10999999999999988,-0.4500000000000002,-0.16000000000000014,-0.32000000000000006,0.0,0.0,0.10000000000000009,0.25,-0.016600211922495944,-0.013642962259215352,-0.016162649699618115,0.014056389623982923,-0.002269815791250629,-0.0017990517590220634,-0.012334462124449885,0.05744168901792346,0.018700138103390884,-0.0448021835406589,0.8800000000000026
2023-03-23,3.76,3.38,1.19,4.83,3948.72,11787.4,22.61,119.7587,69.77,1977.55,-0.3799999999999999,-0.20000000000000018,-0.9000000000000004,-0.10000000000000009,-0.5,-0.010000000000000009,-0.30000000000000004,0.25,0.25,0.10000000000000009,0.40000000000000036,0.0029800838470404045,-0.015978151872451107,0.010013145660019873,0.016853995093590868,-0.007180316762936734,-0.011051882423680048,0.01821757786292011,0.0792107950374561,-0.013382887665004617,-0.07574466721414641,0.34999999999999787
2023-03-24,3.76,3.38,1.16,4.83,3970.99,11823.96,21.74,120.4598,69.22,1996.15,-0.3799999999999999,0.0,-1.0200000000000005,0.0,-0.5700000000000003,-0.030000000000000027,-0.41000000000000014,0.0,0.25,0.0,0.4500000000000002,0.0056239581242092385,0.00023926367348536814,0.0030968168896983173,0.036958584033717656,0.005837202302985567,-0.009158512277745778,0.009361620576142649,0.0901336106554993,-0.00791427974394665,-0.09594038227772028,-0.870000000000001
2023-03-27,3.94,3.53,1.29,4.83,3977.53,11768.84,20.6,120.2541,72.87,1960.25,-0.41000000000000014,0.18000000000000016,-0.8400000000000003,0.1499999999999999,-0.3900000000000001,0.13000000000000012,-0.27,0.0,0.2599999999999998,-0.03000000000000025,0.4500000000000002,0.0016455897389313634,-0.0011834514187505363,-0.0046726204848912545,0.025983759845999543,-0.0017090832732984396,-0.009435273735161509,-0.018148309237337124,0.08027017051782348,0.05138719347499254,-0.03638234735043788,-1.139999999999997
2023-03-28,4.02,3.55,1.24,4.83,3971.27,11716.08,19.97,119.7138,73.12,1949.85,-0.46999999999999975,0.07999999999999963,-0.79,0.020000000000000018,-0.3700000000000001,-0.050000000000000044,-0.25,0.0,0.2599999999999998,-0.05999999999999961,0.41999999999999993,-0.0015750808409311645,0.0002820654259370059,-0.004493103554091604,0.022488801430382566,-0.004503109899420821,-0.013444003490684864,-0.005319569588893458,0.07431511012906711,0.0034248954637039475,-0.05014383751614204,-0.6300000000000026
2023-03-29,4.08,3.57,1.24,4.83,4027.81,11926.24,19.12,119.7258,72.95,1965.85,-0.5100000000000002,0.0600000000000005,-0.8099999999999996,0.020000000000000018,-0.43999999999999995,0.0,-0.33000000000000007,0.0,0.25,-0.04000000000000048,0.36999999999999966,0.014136861145887636,0.019155388187094502,0.017778757385826793,0.04692928114321404,0.00010023404658277002,-0.007562842747963927,0.008172275224358927,0.06969801323511593,-0.0023276521771000702,-0.0614064795339857,-0.8499999999999979
2023-03-30,4.1,3.55,1.21,4.83,4050.83,12013.47,19.02,119.4078,74.32,1968.1,-0.5499999999999998,0.019999999999999574,-0.79,-0.020000000000000018,-0.5300000000000002,-0.030000000000000027,-0.3900000000000001,0.0,0.2599999999999998,-0.03999999999999959,0.2599999999999998,0.005698994460608731,0.017300840630779746,0.00728750565889591,0.046905807868540705,-0.002659602727909771,-0.014321474688005154,0.0011438885828951584,0.07179681628931789,0.01860581953678775,-0.048969552455858434,-0.10000000000000142
2023-03-31,4.06,3.48,1.16,4.83,4109.31,12221.91,18.7,119.3602,75.68,1978.8,-0.5799999999999996,-0.040000000000000036,-0.8000000000000007,-0.06999999999999984,-0.4900000000000002,-0.050000000000000044,-0.29000000000000004,0.0,0.2599999999999998,-0.029999999999999805,0.3100000000000005,0.014333332809426835,0.015615373182791714,0.01720172241942919,0.04458115854491851,-0.0003987134007115145,-0.011776874473873988,0.0054219900241623264,0.06971326432176195,0.018133830238040716,-0.05075139282854835,-0.3200000000000003
2023-04-03,3.97,3.43,1.14,4.83,4124.51,12189.45,18.55,119.3204,80.4,1963.1,-0.54,-0.08999999999999941,-0.9199999999999995,-0.04999999999999982,-0.5499999999999998,-0.020000000000000018,-0.3500000000000001,0.0,0.2599999999999998,0.03999999999999959,0.36999999999999966,0.0036920936495175027,0.018620543308314197,-0.0026594191500297626,0.043057638681361254,-0.0003335000864659321,-0.009712951883667387,-0.007965743939566394,0.058420720370217616,0.06050025144129734,0.00012438584505147787,-0.14999999999999858
2023-04-04,3.84,3.35,1.1,4.83,4100.6,12126.33,19.0,119.142,80.7,1982.25,-0.48999999999999977,-0.13000000000000034,-1.1600000000000001,-0.08000000000000007,-0.6200000000000001,-0.039999999999999813,-0.49,0.0,0.2599999999999998,0.050000000000000266,0.54,-0.0058139203852078936,0.028252262097065994,-0.005191701995721942,0.050398166669488376,-0.0014962529378479417,-0.01928786753250744,0.009707706738520727,0.07281075517081792,0.003724399090982544,0.04110600841302592,0.4499999999999993
2023-04-05,3.79,3.3,1.07,4.83,4090.38,11996.86,19.08,119.2953,80.69,2022.3,-0.4900000000000002,-0.04999999999999982,-1.2599999999999998,-0.050000000000000266,-0.6800000000000002,-0.030000000000000027,-0.5899999999999999,0.0,0.2599999999999998,-4.440892098500626e-16,0.5799999999999996,-0.0024954291924714767,0.024343011818238836,-0.01073417264897003,0.03571095955145687,0.0012858728153952725,-0.017909780784015616,0.02000291437499424,0.10905951421139193,-0.0001239234154883917,0.05253990471571601,0.0799999999999983
2023-04-06,3.82,3.3,1.06,4.83,4105.02,12087.96,18.4,119.3072,80.7,2017.25,-0.52,0.029999999999999805,-1.0800000000000005,0.0,-0.6300000000000003,-0.010000000000000009,-0.5699999999999998,0.0,0.2599999999999998,-0.029999999999999805,0.4500000000000002,0.003572739725370866,0.04654762448889116,0.00756496701748155,0.06401913083055355,9.97474880595206e-05,-0.01776639338123598,-0.002500279798886673,0.10427326732094144,0.0001239234154883917,0.0652822920904157,-0.6799999999999997
2023-04-07,3.97,3.39,1.14,4.83,,,,119.3547,,,-0.5800000000000001,0.15000000000000036,-0.6299999999999994,0.0900000000000003,-0.31000000000000005,0.07999999999999985,-0.30000000000000004,0.0,0.2599999999999998,-0.06000000000000005,0.3199999999999994,,,,,0.0003980526479274715,-0.015689641071428895,,,,,
2023-04-10,4.0,3.41,1.14,4.83,4109.11,12084.36,18.97,119.7948,79.79,,-0.5899999999999999,0.029999999999999805,-0.03000000000000025,0.020000000000000018,-0.13999999999999968,0.0,-0.17000000000000015,0.0,0.25,-0.009999999999999787,-0.10999999999999943,,0.06363832589935292,,0.07699520157580153,0.003680547078835694,-0.009098280552815474,,,,0.06618586464666709,
2023-04-11,4.03,3.43,1.14,4.83,4108.94,12031.88,19.1,119.5248,81.54,2001.5,-0.6000000000000001,0.03000000000000025,-0.16999999999999993,0.020000000000000018,-0.20999999999999996,0.0,-0.19000000000000017,0.0,0.25,-0.010000000000000231,-0.040000000000000036,-4.137234502721299e-05,0.047254572752953194,-0.004352260786957274,0.05148018381482444,-0.0022563978425074183,-0.01238318651273218,,0.051280146440273455,0.021695514070917632,0.1358818173090599,0.13000000000000256
2023-04-12,3.95,3.41,1.14,4.83,4091.95,11929.34,19.09,119.003,83.26,2008.9,-0.54,-0.08000000000000007,0.020000000000000018,-0.020000000000000018,-0.09999999999999964,0.0,-0.08000000000000007,0.0,0.25,0.06000000000000005,-0.11999999999999966,-0.004143458650798237,0.05011645050039171,-0.008558881889870307,0.04240516610854428,-0.0043751783428662705,-0.025756377210542247,0.0036904091354754698,0.05258050335395659,0.020874544375722337,0.21162000378842283,-0.010000000000001563
2023-04-13,3.96,3.45,1.16,4.83,4146.22,12166.27,17.8,118.3915,82.16,2027.1,-0.5099999999999998,0.009999999999999787,-0.17999999999999972,0.040000000000000036,-0.10999999999999988,0.020000000000000018,-0.18000000000000016,0.0,0.25,0.03000000000000025,0.06999999999999984,0.013175446748329378,0.04588234596175589,0.01966645678550627,0.03760269334670063,-0.0051517735454940095,-0.027743648258783615,0.009018891658135075,0.05459356304271168,-0.013299676146526274,0.18695740747776135,-1.2899999999999991
2023-04-14,4.08,3.52,1.22,4.83,4137.64,12123.47,17.07,118.8567,82.58,2035.65,-0.56,0.1200000000000001,0.27,0.06999999999999984,0.1299999999999999,0.06000000000000005,-0.07000000000000006,0.0,0.25,-0.050000000000000266,-0.14000000000000012,-0.002071498810490624,0.05489143360049198,-0.0035241253546622886,0.04151142561874899,0.003921636465115341,-0.022524775103668127,0.004208977969250682,0.052828962746996666,0.005098954837641223,0.21491280403285629,-0.7300000000000004
2023-04-17,4.18,3.6,1.28,4.83,4151.32,12157.72,16.95,119.2787,80.93,2009.8,-0.5799999999999996,0.09999999999999964,0.2599999999999998,0.08000000000000007,0.1299999999999999,0.06000000000000005,-0.050000000000000044,0.0,0.25,-0.019999999999999574,-0.1299999999999999,0.0033007789687626854,0.04931338765965876,0.0028211156632309553,0.04046830379570032,0.003544205873987849,-0.01444429606198927,-0.012779963580631382,0.01395400608652242,-0.020182936950333463,0.18056849156801125,-0.120000000000001
2023-04-18,4.19,3.58,1.3,4.83,4154.87,12153.41,16.83,119.1049,80.85,1999.3,-0.6100000000000003,0.010000000000000675,0.020000000000000462,-0.020000000000000018,-0.009999999999999787,0.020000000000000018,-0.06000000000000005,0.0,0.25,-0.030000000000000693,-0.03000000000000025,0.0008547842551518414,0.037269536372825485,-0.0003545701121385747,0.0244291204454683,-0.001458154258888733,-0.014924400150708728,-0.00523809533707098,0.01682153024403199,-0.0009889974844954352,0.1527087185103566,-0.120000000000001
2023-04-19,4.24,3.6,1.32,4.83,4154.52,12157.23,16.46,119.303,79.18,1976.1,-0.6400000000000001,0.04999999999999982,0.28000000000000025,0.020000000000000018,0.1200000000000001,0.020000000000000018,0.1200000000000001,0.0,0.25,-0.029999999999999805,-0.16000000000000014,-8.424204429147153e-05,0.05378550625102996,0.00031426569036696606,0.04090603583545338,0.0016618580642022707,-0.010992726295255828,-0.011671913963030356,0.01748407840545152,-0.02087184434513034,0.11313673606183539,-0.36999999999999744
2023-04-20,4.14,3.54,1.28,4.83,4129.79,12059.56,17.17,119.1199,77.27,1994.05,-0.5999999999999996,-0.10000000000000053,0.3799999999999999,-0.06000000000000005,0.16000000000000014,-0.040000000000000036,0.09000000000000008,0.0,0.0,0.04000000000000048,-0.21999999999999975,-0.005970339945818637,0.044835082458170916,-0.008066348147893976,0.02282654202753953,-0.001535926590905845,-0.005348336123224939,0.009042541118325254,0.008309041660856664,-0.024417959732492278,0.10210166399434772,0.7100000000000009
2023-04-21,4.17,3.57,1.29,4.83,4133.52,12072.46,16.77,119.3117,77.86,1986.1,-0.6000000000000001,0.03000000000000025,0.41000000000000014,0.029999999999999805,0.18999999999999995,0.010000000000000009,0.13000000000000012,0.0,0.0,-4.440892098500626e-16,-0.2200000000000002,0.0009027859909256364,0.040113910324887314,0.0010691190566518571,0.02079884419449307,0.0016088474964819355,-0.00957669092972857,-0.003994829628336305,-0.005047408543622289,0.007606560236816939,0.11762250397511131,-0.40000000000000213
2023-04-24,4.12,3.52,1.24,4.83,4137.04,12037.2,16.89,119.2039,78.64,1986.15,-0.6000000000000001,-0.04999999999999982,0.18000000000000016,-0.04999999999999982,-0.009999999999999787,-0.050000000000000044,-0.050000000000000044,0.0,0.0,0.0,-0.18999999999999995,0.0008512120612227392,0.03931953264717869,-0.0029249707493814725,0.022546493930002853,-0.0009039241654642538,-0.008771531821894385,2.5174649129766635e-05,0.013126075342844601,0.009968133656601097,0.07620344415671987,0.120000000000001
2023-04-25,3.86,3.4,1.15,4.83,4071.63,11799.16,18.76,119.613,77.05,1990.2,-0.45999999999999996,-0.26000000000000023,-0.1599999999999997,-0.1200000000000001,-0.1499999999999999,-0.09000000000000008,-0.09000000000000008,0.0,0.0,0.14000000000000012,0.009999999999999787,-0.015937145594968172,0.024957467893141683,-0.01997351219823784,0.007066085285856616,0.003426059044931762,-0.0008423628775418024,0.0020370447271860215,0.02048268965892408,-0.020425914072785822,0.0523526346202301,1.870000000000001
2023-04-26,3.9,3.43,1.18,4.83,4055.99,11854.35,18.84,119.3228,74.33,1999.05,-0.46999999999999975,0.040000000000000036,-0.18000000000000016,0.03000000000000025,-0.13999999999999968,0.030000000000000027,-0.06000000000000005,0.0,0.0,-0.009999999999999787,0.04000000000000048,-0.0038486098771102206,0.006971996870143826,0.004666546331131727,-0.006046125768838451,-0.0024291055814575913,-0.0033717025055821637,0.004436931512784348,0.0167473459473495,-0.03593992302892257,0.018740363768407597,0.0799999999999983
2023-04-27,4.07,3.53,1.26,4.83,4135.35,12142.24,17.03,119.4298,74.77,1997.65,-0.5400000000000005,0.17000000000000037,-0.02999999999999936,0.09999999999999964,-0.020000000000000018,0.08000000000000007,0.050000000000000044,0.0,0.0,-0.07000000000000073,0.009999999999999343,0.019377167380001836,0.020650169789536932,0.02399539378583526,0.010661762358100901,0.000896325377513385,0.00018422559984099252,-0.0007005780054853972,0.014902879358968946,0.005902096274621904,0.006036640506241753,-1.8099999999999987
2023-04-28,4.04,3.44,1.26,4.83,4169.48,12226.58,15.78,119.2248,76.78,1982.7,-0.6000000000000001,-0.03000000000000025,-0.019999999999999574,-0.08999999999999986,-0.040000000000000036,0.0,0.10000000000000009,0.0,0.0,-0.05999999999999961,-0.020000000000000462,0.008219359612569477,0.014536196592679573,0.00692198774948416,0.0003820276881558726,-0.0017179643754596796,-0.0011350253749071726,-0.007511937543843494,0.001968951790963125,0.026527454560826946,0.014430264829027983,-1.2500000000000018
2023-05-01,4.14,3.59,1.36,4.83,4167.87,12212.6,16.08,119.4435,75.65,,-0.5499999999999998,0.09999999999999964,0.16999999999999948,0.1499999999999999,0.1599999999999997,0.10000000000000009,0.2200000000000002,0.0,0.0,0.050000000000000266,-0.009999999999999787,-0.0003862138497261469,0.010457889093435924,-0.0011440646965130696,0.0018973821416725656,0.0018326695351822408,0.0010311442467410004,,,-0.014826749338285872,-0.060896735950555225,0.29999999999999893
2023-05-02,3.97,3.44,1.24,4.83,4119.58,12080.51,17.78,119.6105,71.71,1980.9,-0.5300000000000002,-0.16999999999999948,0.13000000000000034,-0.1499999999999999,0.08999999999999986,-0.1200000000000001,0.1399999999999999,0.0,0.0,0.019999999999999574,-0.04000000000000048,-0.01165389752800472,0.0046179119506390975,-0.010874795508465596,-0.0037857113710710877,0.0013971740875842187,0.003924571272173161,,-0.0006812762838723785,-0.05348723233988206,-0.11810836738141983,1.7000000000000028
2023-05-03,3.89,3.38,1.18,4.83,4090.75,12025.33,18.34,119.1233,68.62,2016.9,-0.5100000000000002,-0.08000000000000007,0.10000000000000009,-0.06000000000000005,0.08000000000000007,-0.06000000000000005,0.10999999999999988,0.0,0.0,0.020000000000000018,-0.020000000000000018,-0.007022889090581685,9.045205252888877e-05,-0.004578151715817214,0.0023703095620817294,-0.0040815391566138,-0.0014428406998359122,0.01801039227446477,-0.0026737983844018487,-0.04404617046417947,-0.1620306144301109,0.5599999999999987
2023-05-04,3.75,3.37,1.18,5.08,4061.22,11966.4,20.09,119.0465,68.52,2036.05,-0.3799999999999999,-0.14000000000000012,-0.06999999999999984,-0.009999999999999787,0.07000000000000028,0.0,0.11999999999999988,0.25,0.25,0.13000000000000034,0.14000000000000012,-0.007244906241250959,-0.010727193914092936,-0.004912535987454447,-0.010107193442854268,-0.0006449180598204762,-0.002187506247715909,0.00944997718254914,0.009276458597033965,-0.001458363974384369,-0.16361290181998367,1.75
2023-05-05,3.92,3.44,1.23,5.08,4136.25,12235.41,17.19,118.5548,71.32,2038.9,-0.48,0.16999999999999993,-0.050000000000000266,0.06999999999999984,0.04999999999999982,0.050000000000000044,0.09000000000000008,0.0,0.25,-0.10000000000000009,0.10000000000000009,0.018306159168067992,,0.02223148429883004,,-0.004138872151897566,-0.006724431047540946,0.0013987903972791926,,0.04005111953901963,,-2.8999999999999986
2023-05-08,4.0,3.52,1.29,5.08,4138.12,12256.92,16.98,118.5759,73.13,,-0.48,0.08000000000000007,0.0,0.08000000000000007,0.10999999999999988,0.06000000000000005,0.15000000000000013,0.0,0.25,0.0,0.10999999999999988,0.0004519981658628325,0.007035118372826332,0.001756468701033853,0.01417862091467903,0.00017796093087607545,-0.010227017195500565,,,0.025061886287920387,-0.08715950403732986,-0.21000000000000085
2023-05-09,4.01,3.53,1.3,5.08,4119.17,12179.55,17.71,118.8239,73.68,2025.6,-0.48,0.009999999999999787,-0.020000000000000462,0.009999999999999787,0.09999999999999964,0.010000000000000009,0.16000000000000014,0.0,0.25,0.0,0.1200000000000001,-0.004589891663840717,0.002486599054012828,-0.0063323596687006045,0.0121985220329357,0.0020893032783844134,-0.005881316074608733,,0.011969053517228545,0.007492712664191714,-0.10136230544405578,0.7300000000000004
2023-05-10,3.9,3.43,1.26,5.08,4137.64,12306.44,16.94,118.5864,72.53,2029.6,-0.46999999999999975,-0.10999999999999988,-0.050000000000000266,-0.09999999999999964,0.020000000000000018,-0.040000000000000036,0.1200000000000001,0.0,0.25,0.010000000000000231,0.07000000000000028,0.004473890233027689,0.011103947937838754,0.010364386808978665,0.03112179073178467,-0.002000756321242747,-0.00350689405298521,0.0019727763352150873,0.010251420716968163,-0.01573112257173026,-0.13796797239150838,-0.7699999999999996
2023-05-11,3.89,3.39,1.23,5.08,4130.62,12328.51,16.93,119.0303,70.81,2025.75,-0.5,-0.009999999999999787,-0.06999999999999984,-0.040000000000000036,-0.06000000000000005,-0.030000000000000027,0.07000000000000006,0.0,0.25,-0.03000000000000025,0.009999999999999787,-0.001698060217456998,-0.003769559027947622,0.001791763807474922,0.013247097753753323,0.0037362737248178846,0.005381153217326684,-0.0018987269442369836,-0.0006661978854038964,-0.024000035711638112,-0.14866833195662021,-0.010000000000001563
2023-05-12,3.98,3.46,1.28,5.08,4124.08,12284.74,17.03,119.3671,70.02,2006.65,-0.52,0.08999999999999986,-0.10000000000000009,0.06999999999999984,-0.06000000000000005,0.050000000000000044,0.06000000000000005,0.0,0.25,-0.020000000000000018,0.040000000000000036,-0.001584552162620767,-0.003282612380077765,-0.003556624674866171,0.01321459843354944,0.0028255360509348293,0.004285052803146172,-0.009473337388410386,-0.014348513243064964,-0.01121931813716337,-0.1649866049314248,0.10000000000000142
2023-05-15,3.99,3.5,1.31,5.08,4136.28,12365.21,17.12,119.1608,71.07,2015.3,-0.4900000000000002,0.010000000000000231,-0.1899999999999995,0.040000000000000036,-0.10000000000000009,0.030000000000000027,0.030000000000000027,0.0,0.25,0.029999999999999805,0.08999999999999941,0.0029538685652354957,-0.003629522783604955,0.0065290425220911885,0.016922525292409674,-0.0017297771157140929,-0.0009889301865557698,0.0043014027210190875,0.002732853058585505,0.01488439131228425,-0.1299192766688071,0.08999999999999986
2023-05-16,4.06,3.54,1.35,5.08,4109.9,12343.05,17.99,119.1743,70.85,2009.9,-0.5199999999999996,0.0699999999999994,-0.13000000000000078,0.040000000000000036,-0.040000000000000036,0.040000000000000036,0.050000000000000044,0.0,0.25,-0.02999999999999936,0.09000000000000075,-0.006398135861992671,-0.010882442900749467,-0.0017937326174806145,0.015483362787067634,0.00011328587366676857,0.0005825099459997318,-0.002683098101737613,0.005287850293918872,-0.0031003407021144014,-0.13203061988642606,0.8699999999999974
2023-05-17,4.12,3.57,1.35,5.08,4158.77,12500.57,16.87,119.607,72.78,1985.75,-0.5500000000000003,0.0600000000000005,-0.1200000000000001,0.029999999999999805,-0.03000000000000025,0.0,0.030000000000000027,0.0,0.25,-0.030000000000000693,0.08999999999999986,0.011820660164447716,0.0010224593079897204,0.012681091635979413,0.02785018873268008,0.003624240873389084,0.0025448927551865452,-0.012088293058464927,0.004871471198484301,0.026876226047324536,-0.08428254949397118,-1.1199999999999974
2023-05-18,4.24,3.65,1.42,5.08,4198.05,12688.84,16.05,120.0886,71.82,1976.95,-0.5900000000000003,0.1200000000000001,0.10000000000000053,0.08000000000000007,0.10999999999999988,0.06999999999999984,0.1399999999999999,0.0,0.25,-0.040000000000000036,0.009999999999999343,0.009400774284705093,0.01639357353851345,0.014948623719993392,0.05086516060056745,0.004018435449509639,0.008099254795602029,-0.0044414235071572605,-0.008612493426998213,-0.013278203386077436,-0.07314279314755634,-0.8200000000000003
2023-05-19,4.28,3.7,1.46,5.08,4191.98,12657.9,16.81,119.7751,71.57,1965.55,-0.5800000000000001,0.040000000000000036,0.11000000000000032,0.050000000000000266,0.13000000000000034,0.040000000000000036,0.16999999999999993,0.0,0.25,0.010000000000000231,0.020000000000000018,-0.001446955746059686,0.014043831801528128,-0.0024413408088950206,0.04735470073502057,-0.00261398601380769,0.0038764212853124036,-0.005783148648091263,-0.010400812446753172,-0.0034869970474300516,-0.08423635043180333,0.759999999999998
2023-05-22,4.29,3.72,1.48,5.08,4192.63,12720.78,17.21,120.0875,71.81,1981.2,-0.5699999999999998,0.009999999999999787,0.16999999999999993,0.020000000000000018,0.20000000000000018,0.020000000000000018,0.24,0.0,0.25,0.010000000000000231,0.03000000000000025,0.00015504597144122556,0.013347665711746615,0.004955350606946851,0.055235022091348895,0.002604826068250965,0.007385171519027622,0.007930617356089797,-0.0024953697397931407,0.003347750371720082,-0.09085673371668435,0.40000000000000213
2023-05-23,4.26,3.7,1.44,5.08,4145.58,12560.25,18.53,120.3204,72.87,1959.65,-0.5599999999999996,-0.03000000000000025,0.3999999999999999,-0.020000000000000018,0.30000000000000027,-0.040000000000000036,0.29000000000000004,0.0,0.25,0.010000000000000231,-0.09999999999999964,-0.011285515564489756,0.01799929574222503,-0.012699811486092116,0.06250872280349462,0.00193754092823184,0.005896653402327701,-0.010936835863867067,-0.01546925033084623,0.014653289559964477,-0.055777530083934046,1.3200000000000003
2023-05-24,4.31,3.73,1.48,5.08,4115.24,12484.16,20.03,120.4752,74.37,1976.8,-0.5799999999999996,0.04999999999999982,0.4099999999999997,0.029999999999999805,0.2999999999999998,0.040000000000000036,0.30000000000000004,0.0,0.25,-0.020000000000000018,-0.10999999999999988,-0.007345550785867516,0.014502354833467734,-0.006076424569158689,0.051765751903204205,0.0012857379563859794,0.009611496940171271,0.008713489824184961,-0.011192692019445616,0.020375603033017775,0.0005379959780063004,1.5
2023-05-25,4.5,3.83,1.58,5.08,4151.28,12698.09,19.14,120.8413,71.68,1962.3,-0.6699999999999999,0.1900000000000004,0.4299999999999997,0.10000000000000009,0.30000000000000027,0.10000000000000009,0.32000000000000006,0.0,0.25,-0.0900000000000003,-0.12999999999999945,0.00871956478556335,0.0038447522390292477,0.016990947722090866,0.04476130583945981,0.0030341918672727175,0.011749363429930604,-0.0073621210391232594,-0.017854235053083478,-0.03684086604853398,-0.042204966345149586,-0.8900000000000006
2023-05-26,4.54,3.8,1.57,5.08,4205.45,12975.69,17.95,120.6304,72.35,1953.5,-0.7400000000000002,0.040000000000000036,0.5,-0.03000000000000025,0.3599999999999999,-0.010000000000000009,0.31000000000000005,0.0,0.25,-0.07000000000000028,-0.14000000000000012,0.012964582735314423,0.008589975361774194,0.021626018375249245,0.059465336465224894,-0.0017467889912241574,0.011720538814166126,-0.004494619140151812,-0.014836916649391796,0.009303684410817858,-0.059428736495158674,-1.1900000000000013
2023-05-29,,,,,,,17.46,,,,,,,,,,,,,,,,,,,,,,,,,-0.48999999999999844
2023-05-30,4.46,3.69,1.47,5.08,4205.52,13017.43,17.46,120.5546,69.45,1949.5,-0.77,,0.48999999999999977,,0.25,,0.22999999999999998,,0.25,,-0.23999999999999977,,0.02064673166868758,,0.07469581850531348,,0.007862132034523128,,-0.015978357445983526,,-0.03202313869413054,0.0
2023-05-31,4.4,3.64,1.46,5.08,4179.83,12935.29,17.94,120.9662,68.11,1959.0,-0.7600000000000002,-0.05999999999999961,0.5100000000000002,-0.04999999999999982,0.26000000000000023,-0.010000000000000009,0.28,0.0,0.25,0.009999999999999787,-0.25,-0.006127372232972661,0.021542248526296603,-0.006329993485914898,0.0729439767352158,0.003408405391757796,0.015352076582894725,0.004861209521888732,-0.029127540198559565,-0.0194830239471262,-0.007459992177077268,0.4800000000000004
2023-06-01,4.33,3.61,1.45,5.08,4221.02,13100.98,15.65,120.0491,70.09,1958.75,-0.7200000000000002,-0.07000000000000028,0.5800000000000001,-0.03000000000000025,0.23999999999999977,-0.010000000000000009,0.27,0.0,0.0,0.040000000000000036,-0.3400000000000003,0.009806229149665668,0.03859338391721323,0.012727801391408278,0.09058431411407852,-0.0076103419685455975,0.008386652674169603,-0.0001276242743104561,-0.03870514165541916,0.02865608525900676,0.02265445705631386,-2.290000000000001
2023-06-02,4.5,3.69,1.51,5.08,4282.37,13240.77,14.6,120.0049,71.76,1981.0,-0.81,0.16999999999999993,0.5800000000000001,0.08000000000000007,0.25,0.06000000000000005,0.28,0.0,0.0,-0.08999999999999986,-0.33000000000000007,0.014429789652144365,0.0347170144012896,0.010613669348156662,0.07896649916340515,-0.000368250481137089,0.01215727434493008,0.011295253028320573,-0.02880867902437778,0.023547087238307007,0.006150424755601236,-1.0500000000000007
2023-06-05,4.46,3.69,1.5,5.08,4273.79,13229.43,14.73,120.0048,72.14,1942.5,-0.77,-0.040000000000000036,0.45999999999999996,0.0,0.16999999999999993,-0.010000000000000009,0.20999999999999996,0.0,0.0,0.040000000000000036,-0.29000000000000004,-0.0020055732655688274,0.03225944296985794,-0.0008568126190020564,0.07635321784336924,-8.332996541682292e-07,0.011978480114399837,-0.01962596445674869,,0.005281457724852778,-0.013630003807466373,0.13000000000000078
2023-06-06,4.51,3.7,1.5,5.08,4283.85,13276.42,13.96,119.9718,71.71,1961.9,-0.8099999999999996,0.04999999999999982,0.5,0.010000000000000231,0.17000000000000037,0.0,0.19999999999999996,0.0,0.0,-0.03999999999999959,-0.3299999999999996,0.0023511165774898757,0.039200451211188536,0.0035456360937704545,0.0862312136058403,-0.0002750268168476566,0.009614150019167766,0.009937588184980584,-0.0319525615230738,-0.0059784675809098076,-0.027101184052567895,-0.7699999999999996
2023-06-07,4.56,3.79,1.58,5.08,4267.52,13104.89,13.94,119.859,72.52,1963.05,-0.7699999999999996,0.04999999999999982,0.6599999999999997,0.08999999999999986,0.3599999999999999,0.08000000000000007,0.32000000000000006,0.0,0.0,0.040000000000000036,-0.2999999999999998,-0.0038192757067676553,0.030907285271393192,-0.013004086394973413,0.06286274040188822,-0.000940663236895567,0.010674243103514947,0.000585994742816176,-0.03333934311547271,0.011232177992167358,-0.00013788348867027622,-0.02000000000000135
2023-06-08,4.52,3.73,1.53,5.08,4293.93,13238.52,13.65,119.5712,71.28,1947.25,-0.7899999999999996,-0.040000000000000036,0.6299999999999994,-0.06000000000000005,0.33999999999999986,-0.050000000000000044,0.30000000000000004,0.0,0.0,-0.020000000000000018,-0.2899999999999996,0.006169535247098068,0.03877488073594826,0.01014531878609759,0.07121629538051089,-0.0024040420849971156,0.004533927293699946,-0.008081265369541235,-0.03952188154077696,-0.017246602724096505,0.0066155494988713315,-0.28999999999999915
2023-06-09,4.59,3.75,1.55,5.08,4298.86,13259.14,13.83,119.4322,70.16,1963.55,-0.8399999999999999,0.07000000000000028,0.6099999999999999,0.020000000000000018,0.29000000000000004,0.020000000000000018,0.27,0.0,0.0,-0.050000000000000266,-0.31999999999999984,0.001147473763687401,0.041506906662256426,0.0015563641591196387,0.0763292842144967,-0.00116316350036616,0.0005452277423989571,0.008335938625132933,-0.02171260552723364,-0.015837435098626784,0.001997432537407917,0.17999999999999972
2023-06-12,4.55,3.73,1.56,5.08,4338.93,13461.92,15.01,119.6376,67.08,1964.15,-0.8199999999999998,-0.040000000000000036,0.5599999999999996,-0.020000000000000018,0.22999999999999998,0.010000000000000009,0.25,0.0,0.0,0.020000000000000018,-0.3299999999999996,0.00927790266568529,0.04783094076270622,0.015177832974956118,0.08497807466736162,0.001718327037036893,0.003993331895149943,0.0003055223182357736,-0.025708485930016955,-0.04489241110891928,-0.05777936988379562,1.1799999999999997
2023-06-13,4.67,3.84,1.64,5.08,4369.01,13573.32,14.61,119.1899,69.39,1964.0,-0.8300000000000001,0.1200000000000001,0.6100000000000003,0.10999999999999988,0.2999999999999998,0.07999999999999985,0.2899999999999998,0.0,0.0,-0.010000000000000231,-0.3100000000000005,0.00690866488336539,0.06113774150806428,0.008241142337933383,0.09501294962277562,-0.0037491538822926884,0.00013089213919048603,-7.63718290155424e-05,-0.023101759657294885,0.03385682795644929,-0.02082220122523193,-0.40000000000000036
2023-06-14,4.74,3.83,1.62,5.08,4372.59,13626.48,13.88,118.776,68.22,1951.9,-0.9100000000000001,0.07000000000000028,0.6200000000000001,-0.009999999999999787,0.26000000000000023,-0.019999999999999796,0.27,0.0,0.0,-0.08000000000000007,-0.3599999999999999,0.0008190720692198283,0.05013615341283639,0.003908857247971298,0.0862407152347675,-0.003478653180010838,-0.006972001914209436,-0.006179952761845797,-0.017193419360675755,-0.017004987920957504,-0.06470341519351397,-0.7299999999999986
2023-06-15,4.62,3.72,1.51,5.07,4425.84,13782.82,14.5,118.5521,70.61,1934.65,-0.8999999999999999,-0.1200000000000001,0.3799999999999999,-0.10999999999999988,0.07000000000000028,-0.1100000000000001,0.09000000000000008,-0.009999999999999787,-0.009999999999999787,0.010000000000000231,-0.3099999999999996,0.012104580063653003,0.0528399591917843,0.011407930557517432,0.08270002207229155,-0.0018868399184643891,-0.012877277282183464,-0.00887682560215275,-0.021628821455671243,0.034434000537755693,-0.01699121126968084,0.6199999999999992
2023-06-16,4.7,3.77,1.55,5.08,4409.59,13689.57,13.54,118.4184,71.81,1964.1,-0.9300000000000002,0.08000000000000007,0.41999999999999993,0.04999999999999982,0.06999999999999984,0.040000000000000036,0.09000000000000008,0.009999999999999787,0.0,-0.03000000000000025,-0.3500000000000001,-0.0036783763376515566,0.05060853860019243,-0.006788660041998185,0.07835270283918838,-0.001128410618088438,-0.011391701886464212,0.015107693564742952,-0.000737979242837028,0.01685196459397087,0.003347750371720082,-0.9600000000000009
2023-06-19,,,,,,,14.19,,,1954.35,,,,,,,,,,,,,,,,,,-0.004976467798105233,-0.013645064397032058,,,0.6500000000000004
2023-06-20,4.68,3.74,1.52,5.07,4388.71,13667.29,13.88,118.938,70.94,1953.85,-0.9399999999999995,,0.41999999999999993,,0.040000000000000036,,0.08000000000000007,,-0.009999999999999787,,-0.3799999999999999,,0.05699262782455072,,0.08446832145164151,,-0.011555835727959263,-0.00025587226995948953,-0.002964100803124481,,-0.026842582336715104,-0.3099999999999987
2023-06-21,4.68,3.72,1.51,5.07,4365.69,13502.2,13.2,118.727,72.55,1935.25,-0.9599999999999995,0.0,0.3700000000000001,-0.020000000000000018,-0.009999999999999787,-0.010000000000000009,0.030000000000000027,0.0,-0.009999999999999787,-0.020000000000000018,-0.3799999999999999,-0.005259081846185509,0.05907909676423273,-0.012152751621876234,0.07839199439892397,-0.0017756089911138417,-0.014617182675459084,-0.009565267962267754,-0.021242858589577196,0.02244152998472071,-0.02477665538501217,-0.6800000000000015
2023-06-22,4.77,3.8,1.56,5.07,4381.89,13630.61,12.91,118.7552,69.22,1927.95,-0.9699999999999998,0.08999999999999986,0.2699999999999996,0.07999999999999963,-0.03000000000000025,0.050000000000000044,-0.020000000000000018,0.0,-0.009999999999999787,-0.010000000000000231,-0.2999999999999998,0.0037038857650539825,0.05406341774372336,0.009465363795310822,0.07086641047214393,0.00023749148468876768,-0.017413883058043034,-0.003779254860572401,-0.017659992411026337,-0.04698614112299815,-0.034921930459476336,-0.28999999999999915
2023-06-23,4.71,3.74,1.53,5.07,4348.33,13492.52,13.44,119.152,68.91,1919.35,-0.9699999999999998,-0.05999999999999961,0.16999999999999993,-0.05999999999999961,-0.05999999999999961,-0.030000000000000027,-0.040000000000000036,0.0,-0.009999999999999787,0.0,-0.22999999999999954,-0.007688274822307051,0.03341056018610189,-0.010182541111090515,0.039057850985804166,0.0033357575385855043,-0.012331336528233372,-0.004470675187256745,-0.01763604845813127,-0.004488532838081483,-0.04871414770837568,0.5299999999999994
2023-06-26,4.65,3.72,1.54,5.07,4328.82,13335.78,14.25,119.0761,69.09,1930.55,-0.9300000000000002,-0.05999999999999961,,-0.020000000000000018,,0.010000000000000009,,0.0,,0.03999999999999959,,-0.004496875789266497,,-0.011684809202785473,,-0.0006372044487461537,,0.005818349357797459,,0.0026086971315866236,,0.8100000000000005
2023-06-27,4.74,3.77,1.57,5.07,4378.41,13555.67,13.74,118.8949,67.68,1923.95,-0.9700000000000002,0.08999999999999986,0.28000000000000025,0.04999999999999982,0.08000000000000007,0.030000000000000027,0.10000000000000009,0.0,-0.009999999999999787,-0.040000000000000036,-0.20000000000000018,0.011390657230512247,0.04028769669816512,0.016354261372589107,0.040515681320497876,-0.0015228749302984568,-0.013862852750401444,-0.0034245720328085483,-0.013192565060669459,-0.020619287202735315,-0.02581635390238457,-0.5099999999999998
2023-06-28,4.71,3.71,1.53,5.07,4376.86,13591.75,13.43,119.3382,69.54,1909.85,-1.0,-0.03000000000000025,0.3099999999999996,-0.06000000000000005,0.06999999999999984,-0.040000000000000036,0.07000000000000006,0.0,-0.009999999999999787,-0.029999999999999805,-0.23999999999999977,-0.0003540724651998062,0.046060996465937976,0.0026580810436716007,0.049503755850084374,0.0037215694346821593,-0.013549688707477081,-0.007355659436679041,-0.02540943401923723,0.02711141128174699,0.020778081326488618,-0.3100000000000005
2023-06-29,4.87,3.85,1.65,5.07,4396.44,13591.33,13.54,119.527,69.85,1904.05,-1.02,0.16000000000000014,0.54,0.14000000000000012,0.2400000000000002,0.11999999999999988,0.19999999999999996,0.0,-0.009999999999999787,-0.020000000000000018,-0.2999999999999998,0.004463550205313638,0.040718317521585945,-3.0901575541975035e-05,0.03674505288313412,0.0015808082493133924,-0.004358538489618091,-0.0030415084145927196,-0.028323318159519495,0.004447959123255352,-0.003430044809262789,0.10999999999999943
2023-06-30,4.87,3.81,1.59,5.08,4450.38,13787.92,13.59,119.3606,70.66,1903.55,-1.06,0.0,0.3700000000000001,-0.040000000000000036,0.1200000000000001,-0.05999999999999983,0.08000000000000007,0.009999999999999787,0.0,-0.040000000000000036,-0.25,0.012194363266363695,0.038482891135805275,0.014360757038513583,0.04049214057349104,-0.0013931240207725182,-0.00538341202925352,-0.00026263263098691425,-0.03988120381882698,0.011529556228028426,-0.01544757581954137,0.05000000000000071
2023-07-03,4.94,3.86,1.61,5.08,4455.59,13816.77,13.57,119.2119,69.71,1913.75,-1.0800000000000005,0.07000000000000028,0.4800000000000004,0.04999999999999982,0.16999999999999993,0.020000000000000018,0.1100000000000001,0.0,0.0,-0.020000000000000462,-0.3100000000000005,0.0011700018289602099,0.04165846623033431,0.002090225284463898,0.043439178476957,-0.001246581389357182,-0.006629160118956534,0.005344104092169566,-0.014911135269908726,-0.013535862432691559,-0.03426489597708571,-0.019999999999999574
2023-07-04,,,,,,,13.7,,,1929.75,,,,,,,,,,,,,,,,,,0.008325792858069114,-0.016522930596820196,,,0.129999999999999
2023-07-05,4.94,3.95,1.69,5.08,4446.82,13791.65,14.18,119.3483,71.78,1928.3,-0.9900000000000002,,0.3800000000000008,,0.16000000000000014,,0.10999999999999988,,0.0,,-0.22000000000000064,,0.04115637172334452,,0.05107789357187542,,-0.00426994306562456,-0.0007516751044036596,-0.01786060044404003,,-0.010256500167189486,0.4800000000000004
2023-07-06,4.99,4.05,1.78,5.08,4411.59,13679.04,15.44,119.8193,71.76,1919.15,-0.9400000000000004,0.04999999999999982,0.47000000000000064,0.09999999999999964,0.31999999999999984,0.09000000000000008,0.25,0.0,0.0,0.04999999999999982,-0.1500000000000008,-0.007954065287478329,0.027032771188768123,-0.008198602275776068,0.03273397251000176,0.003938665679536157,0.0020727646989087134,-0.004756406061331653,-0.014535741135830449,-0.00027866796892084267,0.006711434587986176,1.2599999999999998
2023-07-07,4.94,4.06,1.79,5.08,4398.95,13660.72,14.83,119.0761,73.91,1915.65,-0.8800000000000008,-0.04999999999999982,0.35000000000000053,0.009999999999999787,0.3099999999999996,0.010000000000000009,0.24,0.0,0.0,0.05999999999999961,-0.040000000000000924,-0.002869292613603136,0.023016004811477586,-0.0013401729014432817,0.029837435449438843,-0.006221990022692303,-0.0029860618234174297,-0.001825389053847104,-0.024697068814810486,0.029520919046254868,0.05206978873286783,-0.6099999999999994
2023-07-10,4.85,4.01,1.76,5.07,4409.53,13685.48,15.07,118.9548,73.05,1925.05,-0.8399999999999999,-0.09000000000000075,0.2999999999999998,-0.04999999999999982,0.2799999999999998,-0.030000000000000027,0.19999999999999996,-0.009999999999999787,-0.009999999999999787,0.040000000000000924,-0.020000000000000018,0.0024022317330238963,0.016140333878816193,0.0018108553851057252,0.01647045785958845,-0.0010191954952070148,-0.0057235843556613375,0.004894950800158782,-0.020107640332887478,-0.011703998600086862,0.08525820124170025,0.2400000000000002
2023-07-11,4.88,3.99,1.75,5.08,4439.26,13760.7,14.84,118.7344,74.87,1936.2,-0.8899999999999997,0.03000000000000025,0.20999999999999996,-0.019999999999999574,0.15000000000000036,-0.010000000000000009,0.1100000000000001,0.009999999999999787,0.0,-0.04999999999999982,-0.05999999999999961,0.006719588071620208,0.015951257067071012,0.00548128652722113,0.013710602048876197,-0.0018545231602251633,-0.0038289536335938124,0.005775347875432324,-0.014255920628439611,0.024609138045885715,0.07601051133113668,-0.23000000000000043
2023-07-12,4.72,3.86,1.6,5.08,4472.16,13918.96,13.54,117.6385,75.77,1935.75,-0.8599999999999999,-0.16000000000000014,-0.020000000000000462,-0.13000000000000034,0.029999999999999805,-0.1499999999999999,-0.020000000000000018,0.0,0.0,0.029999999999999805,0.050000000000000266,0.0073838175010525475,0.02251600249890373,0.011435236167187668,0.021236980968092567,-0.00927270302465466,-0.009623003478237635,-0.00023244101913899584,-0.00830840888573281,0.011949159700687773,0.10496465895278195,-1.3000000000000007
2023-07-13,4.59,3.76,1.52,5.08,4510.04,14138.57,13.61,117.1831,76.86,1959.6,-0.8300000000000001,-0.1299999999999999,-0.03000000000000025,-0.10000000000000009,0.03999999999999959,-0.08000000000000007,0.010000000000000009,0.0,0.009999999999999787,0.029999999999999805,0.06999999999999984,0.008434509266770363,0.01884593170202109,0.015654584341094235,0.02548363475166937,-0.0038786940462873787,-0.011614857606060625,0.01224552249758748,0.01281393921400742,0.014283149193415667,0.08481380760844193,0.07000000000000028
2023-07-14,4.74,3.83,1.59,5.08,4505.42,14113.7,13.34,117.0463,75.44,1956.5,-0.9100000000000001,0.15000000000000036,0.040000000000000036,0.07000000000000028,0.06000000000000005,0.07000000000000006,0.040000000000000036,0.0,0.0,-0.08000000000000007,0.020000000000000018,-0.0010249061954503702,0.021499401844222277,-0.0017605669508249377,0.030511727842842618,-0.0011680857787652599,-0.011654532766737447,-0.0015832081139528498,-0.0038769624646883827,-0.018647946811495508,0.04931389620297555,-0.2699999999999996
2023-07-17,4.74,3.81,1.56,5.08,4522.79,14244.95,13.48,117.1267,74.17,1955.05,-0.9300000000000002,0.0,,-0.020000000000000018,,-0.030000000000000027,,0.0,,-0.020000000000000018,,0.0038479435973783893,,0.009256501078464652,,0.0006866718465330379,,-0.0007413941104772448,0.0003581112229396055,-0.01697788257673505,,0.14000000000000057
2023-07-18,4.74,3.8,1.57,5.08,4554.98,14353.64,13.3,117.0264,75.76,1961.95,-0.9400000000000004,0.0,0.0600000000000005,-0.010000000000000231,0.05999999999999961,0.010000000000000009,0.050000000000000044,0.0,0.009999999999999787,-0.010000000000000231,-8.881784197001252e-16,0.007092079866133361,0.037185805676424266,0.0076011106361271175,0.04899818182412652,-0.0008567044906468979,-0.01620279856583906,0.0035231080607944776,0.004137091553693573,0.02121069312935564,0.06573599953234677,-0.17999999999999972
2023-07-19,4.74,3.75,1.53,5.08,4565.72,14358.02,13.76,117.3462,75.4,1978.15,-0.9900000000000002,0.0,0.0600000000000005,-0.04999999999999982,0.029999999999999805,-0.040000000000000036,0.020000000000000018,0.0,0.009999999999999787,-0.04999999999999982,-0.030000000000000693,0.0023550834835130985,0.044799971006122874,0.0003051025286584519,0.061456035974661205,0.0027289896384878887,-0.01169819993623733,0.008223187882542504,0.02192554739850383,-0.004763173863912229,0.03853129568371383,0.4599999999999991
2023-07-20,4.8,3.85,1.5,5.08,4534.87,14063.31,13.99,117.5947,75.65,1981.5,-0.9499999999999997,0.05999999999999961,0.03000000000000025,0.10000000000000009,0.050000000000000266,-0.030000000000000027,-0.06000000000000005,0.0,0.009999999999999787,0.04000000000000048,0.020000000000000018,-0.006779806181850034,0.03431627905921886,-0.02073939279916459,0.03125127938018579,0.0021154264129439326,-0.009820265007982165,0.0016920691471629112,0.027396871406239143,0.003310165220455019,0.088827602027167,0.23000000000000043
2023-07-21,4.82,3.84,1.49,5.08,4536.34,14032.81,13.6,117.9418,77.06,1963.8,-0.9800000000000004,0.020000000000000462,0.11000000000000032,-0.010000000000000231,0.09999999999999964,-0.010000000000000009,-0.040000000000000036,0.0,0.009999999999999787,-0.030000000000000693,-0.010000000000000675,0.0003241023001034904,0.0423286561816294,-0.0021711191424866882,0.03926270134878962,0.0029473160317987634,-0.010208706514768906,-0.008972761895299719,0.02289478469819617,0.01846689896364584,0.11178303382889432,-0.39000000000000057
2023-07-24,4.81,3.86,1.48,5.08,4554.64,14058.87,13.91,117.8124,78.81,1964.75,-0.9499999999999997,-0.010000000000000675,0.15999999999999925,0.020000000000000018,0.13999999999999968,-0.010000000000000009,-0.06000000000000005,0.0,0.009999999999999787,0.030000000000000693,-0.019999999999999574,0.004025974035343438,0.05085150600623933,0.0018553541458263823,0.052802864697401475,-0.0010977536179170855,-0.010669255683939838,0.00048363901109382823,0.01756007435149254,0.022455553167547215,0.1316298898648549,0.3100000000000005
2023-07-25,4.85,3.91,1.52,5.08,4567.46,14144.56,13.86,117.8565,79.76,1963.1,-0.9399999999999995,0.040000000000000036,0.10999999999999943,0.050000000000000266,0.14000000000000012,0.040000000000000036,-0.050000000000000044,0.0,0.009999999999999787,0.010000000000000231,0.030000000000000693,0.0028107581456495723,0.04227160692137666,0.006076584562533682,0.04252518788734605,0.00037425388343326205,-0.008772126870208119,-0.00084015433229645,0.020144492052004637,0.011982233288024169,0.1642314103556144,-0.05000000000000071
2023-07-26,4.82,3.86,1.5,5.08,4566.75,14127.28,13.19,117.76,79.11,1972.0,-0.9600000000000004,-0.02999999999999936,0.11000000000000032,-0.050000000000000266,0.1499999999999999,-0.020000000000000018,-0.030000000000000027,0.0,0.009999999999999787,-0.020000000000000906,0.03999999999999959,-0.00015545953102247267,0.04247021985555399,-0.0012224179361357557,0.03864468890753869,-0.000819127738470371,-0.01331282404336065,0.004523399748593171,0.03202355123727685,-0.008182836620277634,0.12893716245358977,-0.6699999999999999
2023-07-27,4.91,4.01,1.64,5.33,4537.41,14050.11,14.41,117.8938,80.17,1975.2,-0.9000000000000004,0.08999999999999986,0.040000000000000036,0.1499999999999999,0.1599999999999997,0.1399999999999999,-0.010000000000000009,0.25,0.2599999999999998,0.06000000000000005,0.11999999999999966,-0.006445427491140521,0.031561242159099834,-0.005477455004957221,0.03319813547812345,0.0011355642419337286,-0.013758068050740313,0.00162140286838941,0.03668646252025898,0.013310091021555337,0.13779929435188976,1.2200000000000006
2023-07-28,4.87,3.96,1.58,5.33,4582.23,14316.66,13.33,117.788,80.55,1950.15,-0.9100000000000001,-0.040000000000000036,0.0,-0.04999999999999982,0.1499999999999999,-0.05999999999999983,-0.010000000000000009,0.0,0.25,-0.009999999999999787,0.1499999999999999,0.009829414508766732,0.02919629340150287,0.018793669173701844,0.03763104761331171,-0.000897820766023294,-0.013262764795991089,-0.012763366354682226,0.024185728796563666,0.004728729568123313,0.13099846769198464,-1.08
2023-07-31,4.88,3.97,1.6,5.33,4588.96,14346.02,13.63,117.8241,81.8,1955.55,-0.9099999999999997,0.009999999999999787,-0.0600000000000005,0.010000000000000231,0.11000000000000032,0.020000000000000018,-0.010000000000000009,0.0,0.25,4.440892098500626e-16,0.17000000000000082,0.0014676396864565788,0.02949393125899924,0.0020486577157932118,0.03758948004464102,0.00030643587729528576,-0.011709747529338621,0.0027651911006092433,0.021606815805003343,0.015399133985718017,0.15993346411039422,0.3000000000000007
2023-08-01,4.92,4.05,1.68,5.33,4576.73,14283.91,13.93,118.5738,81.37,1956.75,-0.8700000000000001,0.040000000000000036,,0.07999999999999963,,0.07999999999999985,,0.0,,0.03999999999999959,,-0.0026686495524472775,,-0.004338822863836356,,0.006342717201560433,,0.0006134499080507894,0.013894472854985018,-0.005270588900136097,,0.29999999999999893
2023-08-02,4.88,4.08,1.72,5.33,4513.39,13973.45,16.09,119.1268,79.5,1949.7,-0.7999999999999998,-0.040000000000000036,-0.0600000000000005,0.03000000000000025,0.1299999999999999,0.040000000000000036,0.030000000000000027,0.0,0.25,0.07000000000000028,0.1900000000000004,-0.013936235197657965,0.01485930014516157,-0.021974628409797248,0.013095763977291952,0.004652920503260383,-0.0018576368241065566,-0.0036094191165352285,0.01103672884285345,-0.023249633048279428,0.10215113594082492,2.16
2023-08-03,4.9,4.2,1.83,5.33,4501.89,13959.72,15.92,119.3963,81.56,1936.9,-0.7000000000000002,0.020000000000000462,-0.08999999999999986,0.1200000000000001,0.15000000000000036,0.1100000000000001,0.050000000000000044,0.0,0.25,0.09999999999999964,0.2400000000000002,-0.002551225527671619,0.02026213990496828,-0.0009830607199781127,0.020311305533089907,0.0022597401650550353,-0.0035365623385876788,-0.006586757720219438,0.009206377183965664,0.025581924045968485,0.12801172795571425,-0.16999999999999993
2023-08-04,4.78,4.05,1.67,5.33,4478.03,13892.07,17.1,118.821,82.76,1934.0,-0.7300000000000004,-0.1200000000000001,-0.16000000000000014,-0.15000000000000036,-0.009999999999999787,-0.16000000000000014,-0.1200000000000001,0.0,0.25,-0.03000000000000025,0.15000000000000036,-0.005314091027456058,0.017817341491115357,-0.00485786608606098,0.01679361234847221,-0.0048300532199005985,-0.0021446255357959743,-0.001498359834953611,0.009533406402859157,0.014605907171088006,0.11309671608054739,1.1800000000000015
2023-08-07,4.76,4.09,1.68,5.33,4518.44,13977.12,15.77,119.0809,81.94,1936.9,-0.6699999999999999,-0.020000000000000462,-0.08999999999999986,0.040000000000000036,0.08000000000000007,0.010000000000000009,-0.08000000000000007,0.0,0.2599999999999998,0.0600000000000005,0.16999999999999993,0.008983583955258112,0.024398693713349573,0.006103533258865923,0.021086290222232407,0.002184935079506012,0.0010595050389170524,0.001498359834953611,0.006136815437653986,-0.00995758075861719,0.11484313392201706,-1.3300000000000018
2023-08-08,4.74,4.02,1.66,5.33,4499.38,13867.19,15.99,119.6407,82.94,1934.8,-0.7200000000000006,-0.019999999999999574,-0.13999999999999968,-0.07000000000000028,0.02999999999999936,-0.020000000000000018,-0.09000000000000008,0.0,0.25,-0.05000000000000071,0.16999999999999904,-0.004227192022497661,0.013451913619231703,-0.007896088727717299,0.007708914967293978,0.004689990567368518,0.007604018766510734,-0.0010847948993655265,-0.0007233273371438642,0.012130182699509717,0.10236417857564106,0.22000000000000064
2023-08-09,4.79,4.0,1.66,5.33,4467.71,13705.08,15.96,119.476,84.35,1928.4,-0.79,0.04999999999999982,0.07000000000000028,-0.019999999999999574,0.14000000000000012,0.0,0.05999999999999983,0.0,0.25,-0.0699999999999994,0.06999999999999984,-0.007063636404007312,-0.000995540285828156,-0.011759051248198205,-0.015485372448091894,-0.0013775702495548714,0.015499151541610523,-0.003313318417360378,-0.0038042047353652464,0.01685735417374179,0.10727237304869508,-0.02999999999999936
2023-08-10,4.82,4.09,1.76,5.33,4468.83,13721.03,15.85,119.1581,82.81,1920.1,-0.7300000000000004,0.03000000000000025,0.23000000000000043,0.08999999999999986,0.33000000000000007,0.10000000000000009,0.24,0.0,0.25,0.05999999999999961,0.09999999999999964,0.0002506562955826297,-0.009179393257015889,0.0011631253428330268,-0.029976831446353103,-0.002664331611076598,0.016713513976821304,-0.004313375532596808,-0.020363102765549534,-0.018425981946368353,0.07456324190891106,-0.11000000000000121
2023-08-11,4.89,4.16,1.8,5.33,4464.05,13644.85,14.84,119.6268,83.17,1918.05,-0.7299999999999995,0.0699999999999994,0.14999999999999947,0.07000000000000028,0.33000000000000007,0.040000000000000036,0.20999999999999996,0.0,0.25,8.881784197001252e-16,0.1800000000000006,-0.0010702036647138868,-0.009224690726279405,-0.005567531304073725,-0.03378379579960189,0.0039257139118662465,0.02180731366745281,-0.001068223073583674,-0.01984811772518036,0.004337878834987485,0.09754906755539405,-1.0099999999999998
2023-08-14,4.96,4.19,1.83,5.33,4489.72,13788.33,14.82,120.0725,82.5,1913.5,-0.7699999999999996,0.07000000000000028,0.21999999999999975,0.03000000000000025,0.38000000000000034,0.030000000000000027,0.27,0.0,0.25,-0.040000000000000036,0.1600000000000006,0.005733913274736935,-0.00733872104892086,0.01046042116160173,-0.03257987571646481,0.003718830331652434,0.024839472152572206,-0.0023750190595297482,-0.021481742674232862,-0.008088412539961176,0.10643853759216793,-0.019999999999999574
2023-08-15,4.92,4.21,1.89,5.33,4437.86,13631.05,16.46,120.2127,81.06,1904.1,-0.71,-0.040000000000000036,0.17999999999999972,0.019999999999999574,0.41000000000000014,0.05999999999999983,0.31999999999999984,0.0,0.25,0.05999999999999961,0.23000000000000043,-0.01161806073636562,-0.02604886165141984,-0.011472303532300998,-0.05165328988489293,0.0011669467442017023,0.026863123387420806,-0.004924569885223384,-0.029929420620250724,-0.017608672140472237,0.06761917232234005,1.6400000000000006
2023-08-16,4.97,4.28,1.96,5.33,4404.33,13474.63,16.78,120.3551,79.4,1906.8,-0.6899999999999995,0.04999999999999982,0.22999999999999954,0.07000000000000028,0.5300000000000002,0.07000000000000006,0.42999999999999994,0.0,0.25,0.020000000000000462,0.3000000000000007,-0.00758413033820915,-0.03598807547314209,-0.011541620529389007,-0.06350001294294039,0.0011838659756762127,0.02531799972460913,0.0014169883501367053,-0.03673562015265652,-0.020691252947072414,0.051691093239179864,0.3200000000000003
2023-08-17,4.94,4.3,1.97,5.33,4370.36,13316.93,17.89,120.5242,80.43,1893.95,-0.6400000000000006,-0.02999999999999936,0.14000000000000057,0.019999999999999574,0.44999999999999973,0.010000000000000009,0.47,0.0,0.25,0.049999999999998934,0.30999999999999917,-0.0077427623561252545,-0.03695103164741731,-0.011772500094991756,-0.05453312023876755,0.0014040229092211476,0.024606596220886345,-0.006761849088337435,-0.04518953838815687,0.012888872662887074,0.06126980068161192,1.1099999999999994
2023-08-18,4.92,4.26,1.94,5.33,4369.71,13290.78,17.3,120.4321,81.25,1891.75,-0.6600000000000001,-0.020000000000000462,0.09999999999999964,-0.040000000000000036,0.41999999999999993,-0.030000000000000027,0.44999999999999996,0.0,0.25,-0.019999999999999574,0.3200000000000003,-0.00014874022775579476,-0.037423874175276595,-0.0019655963192146686,-0.05432759741549553,-0.0007644540066822358,0.020894826182405346,-0.0011622686677021932,-0.03737904516055934,0.010143580293869192,0.05294648201183527,-0.5899999999999999
2023-08-21,4.97,4.34,2.0,5.33,4399.77,13497.59,17.13,120.4627,80.71,1890.1,-0.6299999999999999,0.04999999999999982,0.16000000000000014,0.08000000000000007,0.48,0.06000000000000005,0.52,0.0,0.25,0.03000000000000025,0.31999999999999984,0.006855621481268059,-0.03459422672935197,0.015440589241698888,-0.04074236231962303,0.0002540528078194271,0.02224663260814186,-0.0008725888677201254,-0.0387352730393733,-0.0066683378735659105,0.023822590970722146,-0.1700000000000017
2023-08-22,5.02,4.34,1.99,5.33,4387.55,13505.87,16.97,120.3554,80.25,1901.85,-0.6799999999999997,0.04999999999999982,0.16999999999999993,0.0,0.4299999999999997,-0.010000000000000009,0.47,0.0,0.25,-0.04999999999999982,0.2599999999999998,-0.002781282092231052,-0.0401862669672326,0.0006132547650921083,-0.0462056921170646,-0.0008911290895543544,0.020981249635154242,0.006197358935155606,-0.03169775977192124,-0.0057157213261556095,0.006124636356542368,-0.16000000000000014
2023-08-23,4.95,4.19,1.84,5.33,4436.01,13721.03,15.98,120.0307,78.91,1904.55,-0.7599999999999998,-0.0699999999999994,0.1299999999999999,-0.14999999999999947,0.3300000000000005,-0.1499999999999999,0.3400000000000001,0.0,0.25,-0.08000000000000007,0.20000000000000062,0.010984339030271073,-0.029046468405939052,0.01580528661157743,-0.029177987569351416,-0.0027014889585785795,0.019098888415046034,0.0014186635418438343,-0.03480249597867058,-0.016838799477181254,-0.002531326500361253,-0.9899999999999984
2023-08-24,4.98,4.23,1.91,5.33,4376.31,13463.97,17.2,120.2354,79.52,1920.7,-0.75,0.03000000000000025,0.07000000000000028,0.040000000000000036,0.22000000000000064,0.06999999999999984,0.27,0.0,0.0,0.009999999999999787,0.15000000000000036,-0.013549420207498386,-0.03615046112229692,-0.01891246364417931,-0.042612996208573506,0.001703944497601917,0.019667268670714222,0.008443942726896303,-0.027979956120163685,0.007700599815374964,-0.008140817706541625,1.2199999999999989
2023-08-25,5.03,4.25,1.92,5.33,4405.71,13590.65,15.68,120.5137,80.47,1917.85,-0.7800000000000002,0.04999999999999982,0.16000000000000014,0.019999999999999574,0.29000000000000004,0.010000000000000009,0.33999999999999986,0.0,0.0,-0.03000000000000025,0.1299999999999999,0.006695523315476848,-0.0392843523155868,0.009364827583478785,-0.052041837798796564,0.0023119515210003883,0.022877040957737904,-0.0014849359907760373,-0.016701525756257496,0.011875881809722877,-0.0009936654649420618,-1.5199999999999996
2023-08-28,4.98,4.2,1.9,5.33,4433.31,13705.13,15.08,120.3155,80.65,,-0.7800000000000002,-0.04999999999999982,0.10000000000000053,-0.04999999999999982,0.22999999999999998,-0.020000000000000018,0.2999999999999998,0.0,0.0,0.0,0.12999999999999945,0.0062450565111582534,-0.03450693549088513,0.008388158993454908,-0.04570233652113487,-0.001645980178049733,0.020924624902392885,,,0.0022343604131762618,-0.014158439037483816,-0.5999999999999996
2023-08-29,4.87,4.12,1.83,5.33,4497.63,13943.76,14.45,120.2669,81.14,1923.5,-0.75,-0.11000000000000032,-0.04999999999999982,-0.08000000000000007,0.07000000000000028,-0.06999999999999984,0.15000000000000013,0.0,0.0,0.03000000000000025,0.1200000000000001,0.014404107984150372,-0.017434177954287478,0.017261881066675144,-0.024101632590623367,-0.00040401958465086096,0.014177888116181592,,-0.017138490492597747,0.006057253207083058,-0.0028305969302646616,-0.6300000000000008
2023-08-30,4.9,4.12,1.86,5.33,4514.87,14019.31,13.88,119.7937,81.64,1938.35,-0.7800000000000002,0.03000000000000025,0.020000000000000462,0.0,0.040000000000000036,0.030000000000000027,0.14000000000000012,0.0,0.0,-0.03000000000000025,0.019999999999999574,0.003825802169906467,0.0003278594132769541,0.005403568623126631,0.0032765644423005114,-0.003942342999020632,0.0055826246139005775,0.007690652507617024,-0.005838418868445494,0.006143280163342979,0.026562316281357745,-0.5699999999999985
2023-08-31,4.85,4.09,1.85,5.33,4507.66,14034.97,13.57,120.225,83.55,1944.2,-0.7599999999999998,-0.05000000000000071,-0.05000000000000071,-0.03000000000000025,-0.11000000000000032,-0.010000000000000009,0.020000000000000018,0.0,0.0,0.020000000000000462,-0.05999999999999961,-0.0015982216816592398,0.0012808632592893332,0.001116407309437406,0.00537603247171603,0.0035938905112331554,0.006916774960078698,0.0030134856870018822,0.0037618245387758265,0.023125917099759086,0.024106309335148346,-0.3100000000000005
2023-09-01,4.87,4.18,1.92,5.33,4515.77,14031.81,13.09,120.759,85.52,1944.3,-0.6900000000000004,0.020000000000000462,0.08999999999999986,0.08999999999999986,0.1299999999999999,0.06999999999999984,0.25,0.0,0.0,0.0699999999999994,0.040000000000000036,0.0017975431036134637,0.008392497390358855,-0.0002251772389527673,0.010008721318824243,0.004431836752913476,0.016178664932892772,5.143371481075576e-05,0.005311618088540193,0.023305011675386567,0.032805413839446906,-0.4800000000000004
2023-09-04,,,,,,,13.82,,,1942.05,,,,,,,,,,,,,,,,,,-0.0011578989290139674,0.002655359324572615,,,0.7300000000000004
2023-09-05,4.94,4.27,1.98,5.33,4496.83,14020.95,14.01,121.4345,86.74,1931.8,-0.6700000000000008,,0.20000000000000018,,0.25,,0.32000000000000006,,0.0,,0.04999999999999982,,-0.0005669054120112094,,0.011027021381609714,,0.014881938136008799,-0.005291905427569965,-0.0015517512036318237,,0.04479768358898539,0.1899999999999995
2023-09-06,5.01,4.3,2.0,5.33,4465.48,13872.47,14.45,121.8671,87.55,1923.45,-0.71,0.0699999999999994,0.21999999999999975,0.03000000000000025,0.2999999999999998,0.020000000000000018,0.3400000000000001,0.0,0.0,-0.03999999999999915,0.08000000000000007,-0.006995992744252888,-0.0004992617522567855,-0.010646338989413806,0.012139733640394113,0.0035560839376200803,0.01981559232318375,-0.004331762171961628,-0.002570194958233074,0.009294920324640188,0.03723524973988379,0.4399999999999995
2023-09-07,4.94,4.27,1.95,5.33,4451.14,13748.83,14.4,121.9528,86.87,1919.85,-0.6700000000000008,-0.0699999999999994,0.1200000000000001,-0.03000000000000025,0.17999999999999972,-0.050000000000000044,0.18999999999999995,0.0,0.0,0.03999999999999915,0.05999999999999961,-0.0032164682050073168,-0.003966386252846732,-0.008952571080715899,0.002024037216845187,0.0007029779236988887,0.023182901857959237,-0.0018733906033236991,-0.00013021002895996503,-0.007797310460031959,0.047863921226220185,-0.049999999999998934
2023-09-08,4.98,4.26,1.93,5.33,4457.49,13761.53,13.84,121.9475,87.51,1925.55,-0.7200000000000006,0.040000000000000036,0.09000000000000075,-0.009999999999999787,0.09999999999999964,-0.020000000000000018,0.1299999999999999,0.0,0.0,-0.04999999999999982,0.009999999999998899,0.0014255841976638095,-0.0014705983904690356,0.000923288601253347,0.008514857122172259,-4.346038115432549e-05,0.019213727564938665,0.002964583229134732,0.0039025962737584408,0.0073403242759111365,0.050866366667143836,-0.5600000000000005
2023-09-11,4.97,4.29,1.94,5.33,4487.46,13917.91,13.8,121.3386,87.3,1926.6,-0.6799999999999997,-0.010000000000000675,0.009999999999999787,0.03000000000000025,0.09999999999999964,0.010000000000000009,0.10999999999999988,0.0,0.0,0.040000000000000924,0.08999999999999986,0.006701012782986737,-0.0005034988822192332,0.011299481771114728,0.009353917731685257,-0.005005639626796565,0.010489257606489666,0.0005451501244779777,0.006822765457766167,-0.0024026097021829784,0.056552169504922034,-0.03999999999999915
2023-09-12,4.98,4.27,1.93,5.33,4461.9,13773.63,14.23,121.2913,88.87,1918.9,-0.7100000000000009,0.010000000000000675,0.0600000000000005,-0.020000000000000462,0.05999999999999961,-0.010000000000000009,0.040000000000000036,0.0,0.0,-0.030000000000001137,-8.881784197001252e-16,-0.005712155841120392,0.0054024060130259954,-0.01042060539786327,0.010405615866122986,-0.0003898942430362595,0.008932416619251704,-0.004004686147826675,0.007742649195162876,0.017824164904826745,0.09198500655022102,0.4299999999999997
2023-09-13,4.96,4.25,1.9,5.33,4467.44,13813.59,13.48,121.0549,88.59,1912.15,-0.71,-0.020000000000000462,-0.009999999999999787,-0.019999999999999574,-0.03000000000000025,-0.030000000000000027,-0.06000000000000005,0.0,0.0,8.881784197001252e-16,-0.020000000000000462,0.0012408533465713134,0.014227389697806458,0.0028969956340141323,0.024844232029526125,-0.001950928671302421,0.00579762197227307,-0.0035238417586924697,0.002801819086333701,-0.003155643326442359,0.10952061617085107,-0.75
2023-09-14,5.0,4.29,1.95,5.33,4505.1,13926.05,12.82,121.2395,90.13,1906.45,-0.71,0.040000000000000036,0.05999999999999961,0.040000000000000036,-0.009999999999999787,0.050000000000000044,-0.020000000000000018,0.0,0.0,0.0,-0.0699999999999994,0.008394550741110507,0.03036470279504222,0.008108296728771336,0.04472502885328922,0.0015237664239702298,0.005917365487022153,-0.002985389532007332,0.006578278642663804,0.017234088144377324,0.11386583165234132,-0.6600000000000001
2023-09-15,5.02,4.33,1.98,5.33,4450.32,13708.33,13.79,121.199,90.83,1918.7,-0.6899999999999995,0.019999999999999574,0.09999999999999964,0.040000000000000036,0.07000000000000028,0.030000000000000027,0.040000000000000036,0.0,0.0,0.020000000000000462,-0.02999999999999936,-0.012234084667106515,0.0182793583556915,-0.015757509664041436,0.03093311550846245,-0.00033410535353706194,0.0063477141401673265,0.0064049994790567055,0.014145546789422703,0.007736554945803498,0.11145880630427563,0.9699999999999989
2023-09-18,5.05,4.32,1.96,5.33,4453.53,13710.24,14.0,121.1938,91.47,1926.4,-0.7299999999999995,0.03000000000000025,0.08000000000000007,-0.009999999999999787,-0.019999999999999574,-0.020000000000000018,-0.040000000000000036,0.0,0.0,-0.040000000000000036,-0.09999999999999964,0.0007210364368379629,0.012144773311261403,0.00013932163516194862,0.01563184790192551,-4.2905564858308765e-05,0.006050755767489591,0.004005102750448408,0.019023238407591236,0.007021422154150692,0.12514856633199223,0.21000000000000085
2023-09-19,5.08,4.37,2.0,5.33,4443.95,13678.19,14.11,121.1645,91.16,1935.0,-0.71,0.03000000000000025,0.0600000000000005,0.04999999999999982,0.03000000000000025,0.040000000000000036,0.010000000000000009,0.0,0.0,0.019999999999999574,-0.03000000000000025,-0.002153419552961111,0.012772635850531344,-0.0023404053923119505,0.012678187744521452,-0.00024179077129016235,0.006700094085753783,0.004454350349380576,0.017280229821816206,-0.0033948452907894833,0.12746944236735835,0.10999999999999943
2023-09-20,5.12,4.35,2.0,5.33,4402.2,13469.13,15.14,120.9648,89.2,1930.15,-0.7700000000000005,0.040000000000000036,0.16999999999999993,-0.020000000000000462,0.15999999999999925,0.0,0.15999999999999992,0.0,0.0,-0.0600000000000005,-0.010000000000000675,-0.009439204623111763,-0.007650907802851492,-0.015402193136045739,-0.018529292003101716,-0.001649532256370989,0.007752050787961373,-0.0025096063777558797,0.013351959902216493,-0.0217351647915196,0.12257307705302001,1.0300000000000011
2023-09-21,5.12,4.49,2.11,5.33,4330.0,13223.98,17.54,121.5528,89.56,1923.4,-0.6299999999999999,0.0,0.13999999999999968,0.14000000000000057,0.2599999999999998,0.10999999999999988,0.19999999999999996,0.0,0.0,0.14000000000000057,0.1200000000000001,-0.016536873951467967,-0.010638361546821073,-0.018368552247221004,-0.01798538060614341,0.004849142100980863,0.01089724839134032,-0.0035032668077450424,0.0014047503675751472,0.004027752144589947,0.11890022938223499,2.3999999999999986
2023-09-22,5.1,4.44,2.07,5.33,4320.06,13211.81,17.2,121.5306,90.0,1926.2,-0.6599999999999993,-0.020000000000000462,0.0699999999999994,-0.04999999999999982,0.1900000000000004,-0.040000000000000036,0.1499999999999999,0.0,0.0,-0.02999999999999936,0.120000000000001,-0.0022982509659392747,-0.019632135828237196,-0.0009207215566267024,-0.028270929746248896,-0.00018265336145351085,0.00840264350888642,0.0014546968483823974,0.004344383206733582,0.0049008785997113335,0.11192522617222345,-0.33999999999999986
2023-09-25,5.09,4.55,2.18,5.33,4337.44,13271.32,16.9,122.1143,89.68,1922.55,-0.54,-0.009999999999999787,0.10999999999999943,0.10999999999999943,0.34999999999999964,0.11000000000000032,0.28000000000000025,0.0,0.0,0.11999999999999922,0.2400000000000002,0.004015021275819208,-0.02186217106357624,0.004494189332145737,-0.03216489940755807,0.004791408453001189,0.014840032139937342,-0.0018967202828212848,,-0.0035618915663606643,0.10612897419268652,-0.3000000000000007
2023-09-26,5.04,4.56,2.23,5.33,4273.53,13063.61,18.94,122.4742,91.43,1912.3,-0.4800000000000004,-0.04999999999999982,0.16999999999999993,0.009999999999999787,0.4399999999999995,0.04999999999999982,0.3999999999999999,0.0,0.0,0.05999999999999961,0.2699999999999996,-0.01484412871796259,-0.0511104077656892,-0.015774813700081936,-0.06520159417431515,0.0029429041819080126,0.018186955906496216,-0.005345723775014299,-0.005839737123421784,0.01932587341243064,0.1193975943980341,2.0400000000000027
2023-09-27,5.1,4.61,2.27,5.33,4274.51,13092.85,18.22,122.9895,93.67,1895.55,-0.4899999999999993,0.05999999999999961,0.1999999999999993,0.05000000000000071,0.4900000000000002,0.040000000000000036,0.4099999999999999,0.0,0.0,-0.009999999999998899,0.2900000000000009,0.00022929233000645866,-0.05470691760558921,0.002235777485191548,-0.06836938531225023,0.00419859031687686,0.026327889222393708,-0.008797672196129369,-0.022328061827168177,0.024204315044704217,0.13745862927939534,-0.7200000000000024
2023-09-28,5.04,4.59,2.2,5.33,4299.7,13201.28,17.34,122.5342,91.65,1874.1,-0.4500000000000002,-0.05999999999999961,0.1900000000000004,-0.020000000000000462,0.5,-0.06999999999999984,0.3500000000000001,0.0,0.0,0.03999999999999915,0.3099999999999996,0.005875776887473094,-0.04723291903645688,0.008247514911523979,-0.06123827771016366,-0.0037088111811458546,0.019025187530014698,-0.011380489705165253,-0.03672203721933531,-0.021800992935324892,0.09253171924431136,-0.879999999999999
2023-09-29,5.03,4.59,2.24,5.33,4288.05,13219.32,17.52,122.3077,90.77,1871.6,-0.4400000000000004,-0.009999999999999787,0.16000000000000014,0.0,0.41000000000000014,0.040000000000000036,0.3200000000000003,0.0,0.0,0.009999999999999787,0.25,-0.00271316867551441,-0.05174363081558475,0.001365601296225094,-0.059647499174985796,-0.0018501740479210937,0.012743176729180128,-0.0013348641755728252,-0.038108335109718894,-0.009648139747178597,0.0595785678217462,0.17999999999999972
2023-10-02,5.12,4.69,2.34,5.33,4288.39,13307.77,17.61,123.0545,88.81,1831.85,-0.4299999999999997,0.08999999999999986,,0.10000000000000053,,0.09999999999999964,,0.0,,0.010000000000000675,,7.928697692172193e-05,,0.006668679285226631,,0.006087346022357387,,-0.021467294839407458,-0.058417731020112384,-0.021829578268122596,,0.08999999999999986
2023-10-03,5.15,4.81,2.45,5.33,4229.45,13059.47,19.78,123.7848,89.26,1828.3,-0.34000000000000075,0.03000000000000025,0.20999999999999996,0.11999999999999922,0.54,0.11000000000000032,0.4700000000000002,0.0,0.0,0.08999999999999897,0.33000000000000007,-0.013839410161484267,-0.06130074313053768,-0.01883453407423019,-0.07103909855792345,0.0059172273691165955,0.019169551270663554,-0.001939811818194137,-0.055065637410736556,0.005054202930710794,0.028638320793903382,2.1700000000000017
2023-10-04,5.05,4.73,2.4,5.33,4263.75,13236.01,18.58,123.5946,84.32,1823.25,-0.3199999999999994,-0.10000000000000053,0.040000000000000036,-0.07999999999999918,0.4300000000000006,-0.050000000000000266,0.3999999999999999,0.0,0.0,0.02000000000000135,0.39000000000000057,0.008077093787001388,-0.04622765659928341,0.013427604479081978,-0.04696515508942767,-0.0015377192884979962,0.014075748044545477,-0.0027659504701169624,-0.05349982570889189,-0.0569343744080717,-0.0375909739388085,-1.2000000000000028
2023-10-05,5.03,4.72,2.41,5.33,4258.19,13219.83,18.49,123.8993,82.3,1822.75,-0.3100000000000005,-0.019999999999999574,0.08999999999999986,-0.010000000000000675,0.4500000000000002,0.010000000000000231,0.4600000000000002,0.0,0.0,0.009999999999998899,0.3600000000000003,-0.0013048673867483984,-0.04431605578102449,-0.0012231705375675972,-0.03923575454627937,0.00246228415282701,0.0158350542736736,-0.00027427317780226446,-0.051900708283370456,-0.02424797711002835,-0.054041640588804896,-0.08999999999999986
2023-10-06,5.08,4.78,2.47,5.33,4308.5,13431.34,17.45,123.3563,82.83,1821.9,-0.2999999999999998,0.04999999999999982,0.09999999999999964,0.0600000000000005,0.5200000000000005,0.06000000000000005,0.5400000000000003,0.0,0.0,0.010000000000000675,0.4200000000000008,0.011745628333713398,-0.0339960116449749,0.01587280714052497,-0.024286236007007744,-0.004392223051334021,0.011486291603493903,-0.00046643711490101936,-0.05533172862740621,0.00641920692714848,-0.05496275793756755,-1.0399999999999991
2023-10-09,,,,,4335.66,13484.24,17.7,,,1852.3,,,,,,,,,,,,0.00628403208104622,-0.034412992346915416,0.003930813908855413,-0.03165490386926706,,,0.016548197557038513,-0.03932868119484567,,,0.25
2023-10-10,4.96,4.66,2.34,5.33,4358.24,13562.84,17.03,122.9282,85.89,1859.7,-0.2999999999999998,,-0.020000000000000462,,0.39000000000000057,,0.4099999999999999,,0.0,,0.41000000000000103,0.0051944583608865,-0.023506378144908524,0.005812104024721876,-0.015422194446681914,,0.013405354715625428,0.0039870742473056,-0.0313369207997134,,-0.03410721997224986,-0.6699999999999982
2023-10-11,4.99,4.58,2.26,5.33,4376.95,13659.68,16.09,122.7697,83.7,1870.0,-0.41000000000000014,0.03000000000000025,0.03000000000000025,-0.08000000000000007,0.33000000000000007,-0.08000000000000007,0.3599999999999999,0.0,0.0,-0.11000000000000032,0.2999999999999998,0.0042838286545681115,-0.020463402836911726,0.007114727695880063,-0.011204462384815983,-0.0012902024965368852,0.014066080890390964,0.005523246472649568,-0.02228983256837136,-0.025828430282704318,-0.05678000692851182,-0.9400000000000013
2023-10-12,5.06,4.7,2.36,5.33,4349.61,13574.22,16.69,123.2101,82.87,1881.15,-0.35999999999999943,0.0699999999999994,0.05999999999999961,0.1200000000000001,0.41000000000000014,0.10000000000000009,0.4099999999999999,0.0,0.0,0.05000000000000071,0.35000000000000053,-0.006265948885271655,-0.03512390246329389,-0.006276022201099352,-0.02558878131468667,0.0035807856626295376,0.016123100129050272,0.005944861089536069,-0.013359581946827959,-0.00996586263447874,-0.08397995770736788,0.6000000000000014
2023-10-13,5.04,4.63,2.29,5.33,4327.78,13407.23,19.32,123.5954,87.67,1887.0,-0.41000000000000014,-0.019999999999999574,0.020000000000000462,-0.07000000000000028,0.2999999999999998,-0.06999999999999984,0.31000000000000005,0.0,0.0,-0.05000000000000071,0.27999999999999936,-0.005031477449687571,-0.027921295245874944,-0.012378291915958073,-0.022209563566603308,0.0031222992438673103,0.019579504726454644,0.0031049744303812687,-0.016659606995503395,0.05630665073954333,-0.03540986191362805,2.629999999999999
2023-10-16,5.09,4.71,2.33,5.33,4373.63,13567.98,17.21,123.3185,86.65,1914.65,-0.3799999999999999,0.04999999999999982,0.040000000000000036,0.08000000000000007,0.3899999999999997,0.040000000000000036,0.3700000000000001,0.0,0.0,0.03000000000000025,0.34999999999999964,0.010538619453747344,-0.018103712228965563,0.011918491302157719,-0.010430393899607537,-0.002242888035707047,0.017379522255605906,0.014546571918137907,-0.0061181378278138965,-0.011702749438878612,-0.05413403350665735,-2.1099999999999994
2023-10-17,5.19,4.83,2.42,5.33,4373.2,13533.75,17.88,123.1202,86.66,1923.45,-0.3600000000000003,0.10000000000000053,0.11000000000000032,0.1200000000000001,0.45999999999999996,0.08999999999999986,0.41999999999999993,0.0,0.0,0.019999999999999574,0.34999999999999964,-9.832133478049343e-05,-0.016048614010784945,-0.0025260393488863997,-0.010616027856181987,-0.001609325506087167,0.0160119875208089,0.004585610286546249,-0.005986877890648223,0.00011540015014777083,-0.0506237880657201,0.6699999999999982
2023-10-18,5.19,4.91,2.47,5.33,4314.6,13314.3,19.22,123.8148,88.35,1943.85,-0.28000000000000025,0.0,0.07000000000000028,0.08000000000000007,0.5600000000000005,0.050000000000000266,0.4700000000000002,0.0,0.0,0.08000000000000007,0.4900000000000002,-0.013490386223825368,-0.02009979561149855,-0.016347920045939546,-0.011561754766075794,0.00562578680200243,0.02328730657918232,0.010550093976299024,0.0070728224634066805,0.019313782453941997,-0.009574840820258501,1.3399999999999999
2023-10-19,5.14,4.98,2.49,5.33,4278.0,13186.18,21.4,123.798,89.35,1948.65,-0.15999999999999925,-0.05000000000000071,0.019999999999999574,0.07000000000000028,0.4900000000000002,0.020000000000000018,0.38000000000000034,0.0,0.0,0.120000000000001,0.47000000000000064,-0.008519009694152757,-0.01208193135418334,-0.009669334157292653,-0.0028625366761474424,-0.00013569573160854276,0.018302468746592915,0.0024662825603183336,0.013042371831470057,0.011255042839731999,-0.0023475501251164488,2.1799999999999997
2023-10-20,5.07,4.93,2.46,5.33,4224.16,12983.81,21.71,123.612,89.12,1984.2,-0.14000000000000057,-0.0699999999999994,-0.02999999999999936,-0.05000000000000071,0.4899999999999993,-0.03000000000000025,0.3900000000000001,0.0,0.0,0.019999999999998685,0.5199999999999987,-0.012665186185758515,-0.02244886657400258,-0.01546611472946502,-0.01740792984898576,-0.0015035773415910114,0.016981544766455414,0.01807898510595063,0.029666660089038288,-0.002577465426463199,-0.009825894151290981,0.3100000000000023
2023-10-23,5.05,4.86,2.45,5.33,4217.04,13018.33,20.37,123.2846,85.49,1980.95,-0.1899999999999995,-0.020000000000000462,-0.040000000000000036,-0.0699999999999994,0.3100000000000005,-0.009999999999999787,0.27,0.0,0.0,-0.049999999999998934,0.35000000000000053,-0.0016869643388464084,-0.028150852188668196,0.002655167634683764,-0.019246951546447733,-0.0026521239409893482,0.009538012372464877,-0.00163928261367019,0.029924097758189383,-0.04158436614083172,-0.047848368725762036,-1.3399999999999999
2023-10-24,5.02,4.83,2.43,5.33,4247.68,13139.87,18.97,123.6416,84.58,1967.4,-0.1899999999999995,-0.03000000000000025,-0.020000000000000462,-0.03000000000000025,0.27000000000000046,-0.020000000000000018,0.20000000000000018,0.0,0.0,0.0,0.2900000000000009,0.007239491399758435,-0.0060672320709471705,0.009292755207468417,0.00582061736110262,0.0028915542274754458,0.00948666241803231,-0.006863653523474511,0.02840616800972917,-0.01070157799379956,-0.07787582013199223,-1.4000000000000021
2023-10-25,5.08,4.95,2.52,5.33,4186.77,12821.22,20.19,123.7871,86.07,1970.15,-0.1299999999999999,0.0600000000000005,-0.019999999999999574,0.1200000000000001,0.33999999999999986,0.08999999999999986,0.25,0.0,0.0,0.05999999999999961,0.35999999999999943,-0.01444339793934546,-0.02073992234029909,-0.02454950878113671,-0.020964668905225636,0.0011760965221201403,0.00646416862327559,0.001396807886691498,0.03860064809255004,0.01746308661703999,-0.08461704855965646,1.2200000000000024
2023-10-26,5.02,4.86,2.44,5.33,4137.23,12595.61,20.68,124.0064,83.8,1991.45,-0.15999999999999925,-0.0600000000000005,-0.020000000000000462,-0.08999999999999986,0.27000000000000046,-0.08000000000000007,0.23999999999999977,0.0,0.0,-0.02999999999999936,0.2900000000000009,-0.011903071819741484,-0.03851877104751367,-0.017753270222074846,-0.04696545403882446,0.0017700226781993678,0.011943002482620813,0.010753334637681355,0.06073447243539665,-0.02672791117334583,-0.0895439667976774,0.48999999999999844
2023-10-27,4.99,4.84,2.42,5.33,4117.37,12643.01,21.27,123.62,86.04,1987.6,-0.15000000000000036,-0.02999999999999936,-0.040000000000000036,-0.020000000000000462,0.25,-0.020000000000000018,0.17999999999999972,0.0,0.0,0.009999999999998899,0.29000000000000004,-0.004811871761209119,-0.040617474133208376,0.00375615273174823,-0.044574902603301325,-0.003120832945234575,0.010672343585307331,-0.001935135874864713,0.06013420073610476,0.02637929691149221,-0.05351653013900659,0.5899999999999999
2023-10-30,5.03,4.88,2.44,5.33,4166.82,12789.48,19.75,123.4076,83.03,1996.15,-0.15000000000000036,0.040000000000000036,-0.08999999999999986,0.040000000000000036,0.1899999999999995,0.020000000000000018,0.10000000000000009,0.0,0.0,0.0,0.27999999999999936,0.011938544947970087,-0.02875821616216001,0.011518464720184696,-0.03972511716834326,-0.0017196463256912153,0.0028653512372587286,0.004292444620202396,0.08589394019571461,-0.03561031612558985,-0.06729726799647384,-1.5199999999999996
2023-10-31,5.07,4.88,2.46,5.33,4193.8,12851.24,18.14,123.8364,81.64,1997.6,-0.1900000000000004,0.040000000000000036,-0.08000000000000007,0.0,0.07000000000000028,0.020000000000000018,0.009999999999999787,0.0,0.0,-0.040000000000000036,0.15000000000000036,0.0064540892074660405,-0.008464716793209703,0.004817346738919426,-0.016073236355193643,0.003468641746004586,0.0004167656141467191,0.0007261346171949512,0.0885598866311037,-0.016882650332295412,-0.08923412125948005,-1.6099999999999994
2023-11-01,4.95,4.77,2.36,5.33,4237.86,13061.47,16.87,123.7922,81.05,1982.5,-0.1800000000000006,-0.1200000000000001,-0.09999999999999964,-0.11000000000000032,0.03999999999999915,-0.10000000000000009,-0.040000000000000036,0.0,0.0,0.009999999999999787,0.1399999999999988,0.010451180679737604,-0.006090629900473488,0.01622637020136608,-0.01327447063290954,-0.0003569862323606898,0.0015974986702840255,-0.007587785456560248,0.08373805164466042,-0.007253089759958975,-0.039552836611367326,-1.2699999999999996
2023-11-02,4.98,4.67,2.27,5.33,4317.78,13294.19,15.66,122.8818,83.04,1986.7,-0.3100000000000005,0.03000000000000025,-0.04999999999999982,-0.09999999999999964,-0.04999999999999982,-0.08999999999999986,-0.14000000000000012,0.0,0.0,-0.1299999999999999,0.0,0.018682956430735587,0.013897193917010497,0.01766042273770374,0.005609122642361797,-0.0073814356895054445,-0.008246221172048429,0.002116296265015194,0.08612862108747787,0.024256171235893298,0.008951311734554324,-1.2100000000000009
2023-11-03,4.83,4.57,2.18,5.33,4358.34,13478.28,14.91,121.7564,81.19,1988.5,-0.2599999999999998,-0.15000000000000036,-0.25,-0.09999999999999964,-0.20999999999999996,-0.08999999999999986,-0.29000000000000004,0.0,0.0,0.05000000000000071,0.040000000000000036,0.009349869637437891,0.01150143522073499,0.013752403224737364,0.0034887187265741915,-0.009200590413344756,-0.013054588534059164,0.0009056148737274228,0.08750067307610632,-0.022530332543222897,-0.019998227735817053,-0.75
2023-11-06,4.93,4.67,2.25,5.33,4365.98,13518.78,14.89,121.6484,81.54,1987.1,-0.2599999999999998,0.09999999999999964,,0.09999999999999964,,0.06999999999999984,,0.0,,0.0,,0.0017514263468019209,0.006968829486490691,0.0030003289529805244,0.002558233770699303,-0.0008874106598355525,,-0.0007042962359751215,0.07024817928309268,0.004301610516751708,,-0.019999999999999574
2023-11-07,4.91,4.58,2.19,5.33,4378.38,13639.86,14.81,122.0777,77.96,1967.8,-0.33000000000000007,-0.019999999999999574,-0.04999999999999982,-0.08999999999999986,-0.08000000000000007,-0.06000000000000005,-0.1499999999999999,0.0,0.0,-0.07000000000000028,-0.03000000000000025,0.00283611569324016,0.00461048681884435,0.008916558576169464,0.0056626883221468916,0.003522810597425874,-0.0069427178387675426,-0.009760121980105119,0.056500983055681964,-0.04489782275174736,-0.09687153313877417,-0.08000000000000007
2023-11-08,4.93,4.49,2.15,5.33,4382.78,13650.41,14.45,122.0926,75.85,1960.1,-0.4399999999999995,0.019999999999999574,-0.0600000000000005,-0.08999999999999986,-0.08999999999999986,-0.040000000000000036,-0.10999999999999988,0.0,0.0,-0.10999999999999943,-0.02999999999999936,0.0010044332873562212,0.0013310914516324601,0.000773169376891758,-0.0006788699968414136,0.00012204596561105063,-0.005530469376619607,-0.003920675100435922,0.047057061482596474,-0.0274381688448182,-0.09848127170088805,-0.3600000000000012
2023-11-09,5.03,4.62,2.29,5.33,4347.35,13521.45,15.29,122.1281,76.34,1946.75,-0.41000000000000014,0.10000000000000053,-0.02999999999999936,0.1299999999999999,-0.08000000000000007,0.14000000000000012,-0.06999999999999984,0.0,0.0,0.02999999999999936,-0.05000000000000071,-0.008116762182437398,-0.000519721845533283,-0.009492244425098662,-0.0038950922208407235,0.00029072064939672515,-0.008820534389852419,-0.0068341768741335684,0.03427802351892684,0.006439341522542108,-0.0820760675438672,0.8399999999999999
2023-11-10,5.04,4.61,2.29,5.33,4415.24,13798.11,14.17,,,1953.45,-0.4299999999999997,0.009999999999999787,0.0,-0.009999999999999787,-0.019999999999999574,0.0,0.0,0.0,0.0,-0.019999999999999574,-0.019999999999999574,0.015495728650984475,0.020007484255138763,0.020254312877202807,0.028737512572320156,,,0.0034357246247260775,0.034608773713271646,,,-1.1199999999999992
2023-11-13,5.02,4.63,2.32,5.33,4411.55,13767.74,14.76,122.4264,78.86,1937.45,-0.3899999999999997,-0.020000000000000462,-0.07000000000000028,0.019999999999999574,-0.08000000000000007,0.029999999999999805,-0.010000000000000231,0.0,0.0,0.040000000000000036,-0.009999999999999787,-0.0008360910851976655,0.008632773716193753,-0.0022034519006446374,0.0146155693695178,,-0.007260406371045747,-0.00822436463892462,0.011837837156209119,,-0.09420288771213414,0.5899999999999999
2023-11-14,4.8,4.44,2.16,5.33,4495.7,14094.38,14.16,121.35,78.9,1946.55,-0.35999999999999943,-0.21999999999999975,-0.39000000000000057,-0.1899999999999995,-0.3899999999999997,-0.1599999999999997,-0.2599999999999998,0.0,0.0,0.03000000000000025,8.881784197001252e-16,0.018895282757299015,0.02762637780827326,0.02344796200772059,0.04058957072612479,-0.008831100923185176,-0.014482181788143755,0.004685899408451988,0.011938126278114858,0.0005070994023474995,-0.09381118845993441,-0.5999999999999996
2023-11-15,4.9,4.53,2.22,5.33,4502.88,14103.84,14.18,121.0749,77.15,1973.4,-0.3700000000000001,0.10000000000000053,-0.29000000000000004,0.08999999999999986,-0.3799999999999999,0.06000000000000005,-0.25,0.0,0.0,-0.010000000000000675,-0.08999999999999986,0.0015958076771482865,0.042712571709246916,0.0006709643626372497,0.057608455134701586,-0.0022695698179964197,-0.022377538408142605,0.013699368571717052,0.015087400873532886,-0.02242964904265854,-0.13555461995653495,0.019999999999999574
2023-11-16,4.83,4.45,2.18,5.33,4508.24,14113.67,14.32,121.1754,73.5,1966.5,-0.3799999999999999,-0.07000000000000028,-0.3099999999999996,-0.08000000000000007,-0.5300000000000002,-0.040000000000000036,-0.31000000000000005,0.0,0.0,-0.009999999999999787,-0.22000000000000064,0.0011896413835668085,0.05242122278696648,0.0006967305334626417,0.06797451982545688,0.0008297203823124377,-0.021412122294221625,-0.003502630551201591,0.009118487762012961,-0.048466172590379664,-0.1952758353866466,0.14000000000000057
2023-11-17,4.88,4.44,2.16,5.33,4514.02,14125.48,13.8,120.8477,76.47,1992.15,-0.4399999999999995,0.04999999999999982,-0.1900000000000004,-0.009999999999999787,-0.4899999999999993,-0.020000000000000018,-0.2999999999999998,0.0,0.0,-0.05999999999999961,-0.29999999999999893,0.0012812755985169844,0.06636768457124198,0.0008364274908085889,0.08427706204573049,-0.002708007626217146,-0.02261655257884776,0.012959144642504583,0.003998647298566915,0.03961310083734304,-0.15308526912284037,-0.5199999999999996
2023-11-20,4.89,4.42,2.12,5.33,4547.38,14284.53,13.41,120.2533,78.1,1976.05,-0.46999999999999975,0.009999999999999787,-0.16000000000000014,-0.020000000000000462,-0.4400000000000004,-0.040000000000000036,-0.33000000000000007,0.0,0.0,-0.03000000000000025,-0.28000000000000025,0.0073631338909265764,0.07541778280101497,0.01119687474037967,0.0928187691514264,-0.004930723673942872,-0.024895152311801283,-0.008114554882963532,-0.0024766249707264265,0.02109154978950656,-0.0904093531925021,-0.39000000000000057
2023-11-21,4.86,4.41,2.16,5.33,4538.19,14199.98,13.35,120.2241,78.35,1988.55,-0.4500000000000002,-0.02999999999999936,-0.15999999999999925,-0.009999999999999787,-0.41999999999999993,0.040000000000000036,-0.27,0.0,0.0,0.019999999999999574,-0.2600000000000007,-0.002022988790832514,0.06615530261042402,-0.005936577340865057,0.07758943660309292,-0.00024285026487724792,-0.028029556804153977,0.006305827281562593,0.010692855834310677,0.0031959119563893523,-0.07651186324231318,-0.0600000000000005
2023-11-22,4.89,4.42,2.16,5.33,4556.62,14265.86,12.85,120.6802,76.8,1999.9,-0.46999999999999975,0.02999999999999936,-0.1900000000000004,0.009999999999999787,-0.5300000000000002,0.0,-0.3599999999999999,0.0,0.0,-0.019999999999999574,-0.33999999999999986,0.004052866464977711,0.08465156701474719,0.004628714109486509,0.10676765949371614,0.003786570393037536,-0.02541908293323658,0.005691449379072289,0.014987497326691468,-0.019981328648403185,-0.11395627850775636,-0.5
2023-11-23,,,,,,,12.8,,,1992.6,,,,,,,,,,,,,,,,,,-0.0036568606812847904,0.0005773020077253221,,,-0.049999999999998934
2023-11-24,4.92,4.47,2.21,5.33,4559.34,14250.85,12.46,120.2105,74.83,1995.2,-0.4500000000000002,,-0.07000000000000028,,-0.3700000000000001,,-0.20999999999999996,,0.0,,-0.2999999999999998,,0.10196326619372975,,0.11971206077756591,,-0.027967971535876934,0.0013039773150165246,0.0038164151976065597,,-0.13959343030726235,-0.33999999999999986
2023-11-27,4.84,4.39,2.18,5.33,4550.43,14241.02,12.69,120.173,74.46,2011.7,-0.4500000000000002,-0.08000000000000007,-0.1900000000000004,-0.08000000000000007,-0.4900000000000002,-0.029999999999999805,-0.2599999999999998,0.0,0.0,0.0,-0.2999999999999998,-0.001956142216799961,0.0880685790289597,-0.000690021426464682,0.10750357463091653,-0.00031200145021781367,-0.026560326660403533,0.008235839808754086,0.00775981038615825,-0.004956805647696072,-0.10893991982936857,0.22999999999999865
2023-11-28,4.73,4.34,2.12,5.33,4554.89,14281.76,12.69,119.5904,76.09,2014.0,-0.39000000000000057,-0.10999999999999943,-0.33999999999999986,-0.04999999999999982,-0.54,-0.06000000000000005,-0.33999999999999986,0.0,0.0,0.05999999999999961,-0.20000000000000018,0.0009796471418237473,0.08259413696331741,0.002856665984523943,0.10554289387652105,-0.004859800508643097,-0.034888768915051216,0.001142658543980879,0.008176334312944178,0.021654781743860596,-0.07040248775321256,0.0
2023-11-29,4.64,4.27,2.06,5.33,4550.58,14258.49,12.98,119.8159,77.56,2037.6,-0.3700000000000001,-0.09000000000000075,-0.3100000000000005,-0.07000000000000028,-0.5,-0.06000000000000005,-0.2999999999999998,0.0,0.0,0.020000000000000462,-0.1899999999999995,-0.0009466837674256823,0.07119627251615412,-0.0016306798403284972,0.08768584383482647,0.0018838273402828065,-0.03264795534240772,0.011649850386739935,0.02741397015624436,0.019134980186019668,-0.04401441780723392,0.2900000000000009
2023-11-30,4.73,4.37,2.14,5.33,4567.8,14226.22,12.92,120.2434,75.66,2037.85,-0.3600000000000003,0.09000000000000075,-0.25,0.10000000000000053,-0.2999999999999998,0.08000000000000007,-0.1299999999999999,0.0,0.0,0.009999999999999787,-0.04999999999999982,0.003776991191685397,0.056290307277103935,-0.002265777942307423,0.06775964315481531,0.0035616237480393664,-0.02170489590486291,0.00012268583852748094,0.025420359729756647,-0.024802211169568267,-0.09307280021269548,-0.0600000000000005
2023-12-01,4.56,4.22,2.0,5.33,4594.63,14305.03,12.63,119.9424,73.7,2044.55,-0.33999999999999986,-0.17000000000000082,-0.27000000000000046,-0.15000000000000036,-0.35000000000000053,-0.14000000000000012,-0.18000000000000016,0.0,0.0,0.020000000000000462,-0.08000000000000007,0.00585654170061467,0.052796979340280714,0.005524482834745825,0.05953172276482377,-0.002506394279543578,-0.01501069977106173,0.0032823858590607102,0.027797130715089935,-0.026246820009591332,-0.09678928767906392,-0.28999999999999915
2023-12-04,4.64,4.28,2.07,5.33,4569.78,14185.49,13.08,120.4727,72.73,2066.95,-0.35999999999999943,0.08000000000000007,-0.29000000000000004,0.0600000000000005,-0.3899999999999997,0.06999999999999984,-0.18000000000000016,0.0,0.0,-0.019999999999999574,-0.09999999999999964,-0.0054231665551185415,0.04562238643836025,-0.008391612472596677,0.04813978133924657,0.004411543701252185,-0.009711745409973993,0.010896374379527174,0.03939780133059223,-0.013248845028842382,-0.11433974322465801,0.4499999999999993
2023-12-05,4.57,4.18,2.01,5.33,4567.18,14229.91,12.85,120.7913,71.95,2023.45,-0.39000000000000057,-0.0699999999999994,-0.33999999999999986,-0.10000000000000053,-0.40000000000000036,-0.06000000000000005,-0.18000000000000016,0.0,0.0,-0.030000000000001137,-0.0600000000000005,-0.0005691170958783687,0.04221715364924172,0.003126476219462049,0.04234969898253915,0.0026410917931896094,-0.010593464214210258,-0.021270115393208222,0.027887807917489127,-0.010782520833072518,-0.08022444130598316,-0.23000000000000043
2023-12-06,4.6,4.12,1.98,5.33,4549.34,14146.71,12.97,120.5334,68.98,2021.4,-0.47999999999999954,0.02999999999999936,-0.33000000000000007,-0.05999999999999961,-0.3700000000000001,-0.029999999999999805,-0.16999999999999993,0.0,0.0,-0.08999999999999897,-0.040000000000000036,-0.00391377911138413,0.03729894125050137,-0.005863999194607672,0.03571253041103972,-0.002137370092506252,-0.01285288027232756,-0.0010136347085918374,0.03079484830933321,-0.04215482582468155,-0.09494109828584651,0.120000000000001
2023-12-07,4.58,4.14,1.97,5.33,4585.59,14339.99,13.06,120.6013,69.0,2033.3,-0.4400000000000004,-0.019999999999999574,-0.4500000000000002,0.019999999999999574,-0.4800000000000004,-0.010000000000000009,-0.32000000000000006,0.0,0.0,0.03999999999999915,-0.03000000000000025,0.00793661041331184,0.05335231384625061,0.013570049600206247,0.05877482443634463,0.0005631707240363326,-0.012580430197687953,0.0058697482757334996,0.04349877345920028,0.00028989708856475005,-0.10109054271982387,0.08999999999999986
2023-12-08,4.71,4.23,2.02,5.33,4604.37,14403.97,12.35,120.7607,70.87,2030.0,-0.47999999999999954,0.1299999999999999,-0.33000000000000007,0.09000000000000075,-0.3799999999999999,0.050000000000000044,-0.27,0.0,0.0,-0.03999999999999915,-0.04999999999999982,0.004087074621006437,0.04194365981627257,0.004451725208507895,0.04297223676764972,0.0013208377720950182,,-0.001624295880462867,0.038438752954011335,0.026740708224904708,,-0.7100000000000009
2023-12-11,4.71,4.23,2.04,5.33,4622.44,14432.49,12.63,120.9279,70.95,1991.95,-0.47999999999999954,0.0,-0.3099999999999996,0.0,-0.39999999999999947,0.020000000000000018,-0.2799999999999998,0.0,0.0,0.0,-0.08999999999999986,0.003916851675080935,0.04669660257655117,0.0019780520423910986,0.047153740710685454,0.0013835987851580356,-0.012315532867401835,-0.018921734607916463,0.02774138298501949,0.0011281907838869287,-0.10569872484343001,0.28000000000000114
2023-12-12,4.73,4.2,2.04,5.33,4643.7,14533.4,12.07,120.6817,68.27,1986.9,-0.5300000000000002,0.020000000000000462,-0.0699999999999994,-0.03000000000000025,-0.2400000000000002,0.0,-0.1200000000000001,0.0,0.0,-0.05000000000000071,-0.17000000000000082,0.004588758060085851,0.03239007787933801,0.006967533760262157,0.03067331246322702,-0.002037999195518836,-0.005522431139735495,-0.0025384232688727693,0.020517060307694734,-0.03850497217586213,-0.14471079642163964,-0.5600000000000005
2023-12-13,4.46,4.04,1.88,5.33,4707.09,14733.96,12.19,121.1571,69.09,1981.55,-0.41999999999999993,-0.27000000000000046,-0.4400000000000004,-0.16000000000000014,-0.4900000000000002,-0.16000000000000014,-0.3400000000000003,0.0,0.0,0.11000000000000032,-0.04999999999999982,0.013558420429298224,0.044352690631487945,0.013705584615330224,0.043707932715919995,0.003931549547532498,0.0006786882257934224,-0.0026962684378775137,0.004121423298100169,0.011939571070514354,-0.11034157630846675,0.11999999999999922
2023-12-14,4.37,3.92,1.7,5.33,4719.55,14761.56,12.48,119.5683,71.21,2034.1,-0.4500000000000002,-0.08999999999999986,-0.45999999999999996,-0.1200000000000001,-0.5300000000000002,-0.17999999999999994,-0.4800000000000002,0.0,0.0,-0.03000000000000025,-0.07000000000000028,0.00264357337426091,0.04580662262218205,0.001871471196677632,0.044882673379134985,-0.013200294363103104,-0.01335132651962212,0.026174093887274985,0.033798147736576745,0.030223255493329937,-0.03165214822475715,0.2900000000000009
2023-12-15,4.44,3.91,1.69,5.33,4719.19,14813.92,12.28,119.7382,71.05,2043.65,-0.5300000000000002,0.07000000000000028,-0.4399999999999995,-0.009999999999999787,-0.5300000000000002,-0.010000000000000009,-0.4700000000000002,0.0,0.0,-0.08000000000000007,-0.09000000000000075,-7.628136810033936e-05,0.04444906565556472,0.0035407746351694414,0.04758702052349584,0.0014199365963420973,-0.009223382297062876,0.004683964176418698,0.02552296727049086,-0.00224940345092417,-0.07351465251302436,-0.20000000000000107
2023-12-18,4.43,3.95,1.74,5.33,4740.56,14905.19,12.56,119.9102,72.16,2020.95,-0.47999999999999954,-0.010000000000000675,-0.45999999999999996,0.040000000000000036,-0.46999999999999975,0.050000000000000044,-0.3800000000000001,0.0,0.0,0.05000000000000071,-0.009999999999999787,0.004518097487249406,0.04160402925188755,0.0061421951694899946,0.04253234095260616,0.0014354364939102027,-0.002857222129209802,-0.011169726914893374,0.022467795238561017,0.015502021211259098,-0.07910418109127182,0.28000000000000114
2023-12-19,4.41,3.93,1.74,5.33,4768.37,15003.22,12.53,119.4632,73.23,2026.0,-0.48,-0.019999999999999574,-0.4500000000000002,-0.020000000000000018,-0.48,0.0,-0.42000000000000015,0.0,0.0,-4.440892098500626e-16,-0.029999999999999805,0.005849255234901207,0.049476273277621274,0.006555370282296025,0.055024288575767244,-0.0037347551530597656,-0.00634912701739232,0.0024957079386620507,0.018657675895660475,0.014719297318610103,-0.06758079572905107,-0.030000000000001137
2023-12-20,4.34,3.86,1.67,5.33,4698.35,14777.94,13.67,119.5435,73.87,2036.35,-0.48,-0.07000000000000028,-0.5499999999999998,-0.07000000000000028,-0.56,-0.07000000000000006,-0.4900000000000002,0.0,0.0,0.0,-0.010000000000000231,-0.014793144174520378,0.030630262638123185,-0.015129316462394016,0.03526625800388672,0.0006719477154524256,-0.00946374969497743,0.0050955837851391905,0.018061810301727377,0.008701618467667593,-0.03889784861298029,1.1400000000000006
2023-12-21,4.33,3.89,1.7,5.33,4746.75,14963.87,13.65,119.3168,73.59,2034.3,-0.43999999999999995,-0.009999999999999787,,0.03000000000000025,,0.030000000000000027,,0.0,,0.040000000000000036,,0.010248790092495241,,0.012503100662565103,,-0.0018981812219811545,,-0.0010072102358620327,0.020711460747150134,-0.0037976446021383836,,-0.019999999999999574
2023-12-22,4.31,3.9,1.71,5.33,4754.63,14992.97,13.03,119.0625,73.29,2055.6,-0.4099999999999997,-0.020000000000000462,-0.6100000000000003,0.009999999999999787,-0.5699999999999998,0.010000000000000009,-0.5,0.0,0.0,0.03000000000000025,0.04000000000000048,0.0016587067997893001,0.041941003932375764,0.0019427956455384532,0.05076487051846712,-0.002133575326947579,-0.009595807374230603,0.010415996760168689,0.0298234801923023,-0.004084973000749059,-0.020794700154508128,-0.620000000000001
2023-12-25,,,,,,,,,,,,,,,,,,,,,,,,,,,,,,,,
2023-12-26,4.26,3.89,1.71,5.33,4774.75,15074.57,12.99,118.8875,75.84,,-0.36999999999999966,,-0.47000000000000064,,-0.44999999999999973,,-0.41000000000000014,,0.0,,0.020000000000000906,,0.04714023540730139,,0.05402601954340902,,-0.005894902927885859,,,,-0.0032909922416646253,
2023-12-27,4.2,3.79,1.64,5.33,4781.58,15099.18,12.43,118.4729,74.31,2061.7,-0.41000000000000014,-0.05999999999999961,-0.4399999999999995,-0.10000000000000009,-0.47999999999999954,-0.07000000000000006,-0.42000000000000015,0.0,0.0,-0.04000000000000048,-0.040000000000000036,0.0014294192776826975,0.04951633845240977,0.0016312195505712168,0.057287918934308735,-0.003493425370439951,-0.011272155638608616,,0.011758240511275275,-0.020380325777388464,-0.04280629820507276,-0.5600000000000005
2023-12-28,4.26,3.84,1.68,5.33,4783.35,15095.14,12.47,118.4104,72.02,2077.8,-0.41999999999999993,0.05999999999999961,-0.47000000000000064,0.04999999999999982,-0.5300000000000002,0.040000000000000036,-0.4600000000000002,0.0,0.0,-0.009999999999999787,-0.05999999999999961,0.0003701020331980942,0.046109449293922466,-0.0002676000005372714,0.059286096876078886,-0.0005276860078380352,-0.015361465394486018,0.0077787564599089976,0.019414311132656792,-0.03130167394864891,-0.0493057609841534,0.040000000000000924
2023-12-29,4.23,3.88,1.72,5.33,4769.83,15011.35,12.45,118.4208,71.89,2062.4,-0.35000000000000053,-0.02999999999999936,-0.3299999999999992,0.040000000000000036,-0.33999999999999986,0.040000000000000036,-0.28,0.0,0.0,0.0699999999999994,-0.010000000000000675,-0.002830472999853839,0.03742243459345396,-0.005566256069048592,0.04819535797228447,8.782626619030509e-05,-0.012767244848752135,-0.007439288451508652,0.00869263682208743,-0.0018066852249489784,-0.02486562619951105,-0.02000000000000135
2024-01-01,,,,,,,,,,,,,,,,,,,,,,,,,,,,,,,,
2024-01-02,4.33,3.95,1.74,5.33,4742.83,14765.94,13.2,119.2686,70.62,2074.9,-0.3799999999999999,,-0.2400000000000002,,-0.22999999999999954,,-0.2699999999999998,,0.0,,0.010000000000000675,,0.0377380573514845,,0.03697708982429049,,-0.012686170591202917,,0.02510898438325082,,-0.018658042833136435,
2024-01-03,4.33,3.91,1.71,5.33,4704.81,14592.21,14.04,119.6958,72.97,2054.05,-0.41999999999999993,0.0,-0.2699999999999996,-0.040000000000000036,-0.20999999999999996,-0.030000000000000027,-0.27,0.0,0.0,-0.040000000000000036,0.05999999999999961,-0.008048614308973967,0.03360322215389466,-0.01183535256406465,0.03100573645483351,0.0035754317806331315,-0.006973368718063533,-0.010099505794319619,0.01602311329752304,0.03273500727728873,0.05623179026883385,0.8399999999999999
2024-01-04,4.38,3.99,1.77,5.33,4688.68,14510.3,14.13,119.6208,72.38,2049.05,-0.3899999999999997,0.04999999999999982,-0.20000000000000018,0.08000000000000007,-0.14999999999999947,0.06000000000000005,-0.19999999999999996,0.0,0.0,0.03000000000000025,0.05000000000000071,-0.003434296699870387,0.022232315040712436,-0.005629082597145896,0.011806604257481368,-0.0006267847901506585,-0.008163324232250524,-0.002437182849524433,0.007716182172265107,-0.008118379641932627,0.04782351353833647,0.09000000000000163
2024-01-05,4.4,4.05,1.83,5.33,4697.24,14524.07,13.35,119.388,74.0,2037.7,-0.35000000000000053,0.020000000000000462,-0.3099999999999996,0.05999999999999961,-0.1800000000000006,0.06000000000000005,-0.18999999999999995,0.0,0.0,0.03999999999999915,0.129999999999999,0.0018240092336760938,0.019969249653382093,0.000948531070756431,0.008303410119729904,-0.001948046043667162,-0.011432208048012704,-0.005554550281670068,0.0037859277710579065,0.02213507506857404,0.0432178803820058,-0.7800000000000011
2024-01-08,4.36,4.01,1.79,5.33,4763.54,14843.77,13.08,119.2506,71.06,2028.0,-0.35000000000000053,-0.040000000000000036,-0.34999999999999964,-0.040000000000000036,-0.22000000000000064,-0.040000000000000036,-0.25,0.0,0.0,0.0,0.129999999999999,0.01401598713236396,0.03006838511066512,0.02177297545302892,0.028098333530367725,-0.0011515321928889932,-0.013967339026059733,-0.004771635095817572,0.017936027283156797,-0.0405405026112895,0.0015491869868293762,-0.2699999999999996
2024-01-09,4.36,4.02,1.8,5.33,4756.5,14857.71,12.76,119.6666,72.43,2038.15,-0.34000000000000075,0.0,-0.3700000000000001,0.009999999999999787,-0.1800000000000006,0.010000000000000009,-0.24,0.0,0.0,0.009999999999999787,0.1899999999999995,-0.0014789856520085465,0.02400064139857072,0.0009386738319818733,0.02206947360208744,0.0034823815146163284,-0.008446958315924569,0.004992447933300781,0.025466898485330347,0.019095987614353938,0.05915014677704544,-0.3200000000000003
2024-01-10,4.37,4.04,1.82,5.33,4783.45,14969.65,12.69,119.7614,71.57,2036.25,-0.33000000000000007,0.009999999999999787,-0.08999999999999986,0.020000000000000462,0.0,0.020000000000000018,-0.05999999999999983,0.0,0.0,0.010000000000000675,0.08999999999999986,0.005649939819610594,0.016092160788883092,0.007505895630288251,0.015869784617045468,0.0007918873728547382,-0.011586620490602328,-0.0009326527281192654,0.027230514195088595,-0.011944586456728246,0.03526598924980284,-0.07000000000000028
2024-01-11,4.26,3.98,1.76,5.33,4780.24,14970.19,12.44,119.8916,72.15,2031.85,-0.2799999999999998,-0.11000000000000032,-0.11000000000000032,-0.06000000000000005,0.06000000000000005,-0.06000000000000005,0.06000000000000005,0.0,0.0,0.050000000000000266,0.17000000000000037,-0.0006712890360400792,0.012777298378582103,3.607233706404145e-05,0.014034385757431878,0.0010865711074758977,0.0027002449799766737,-0.002163172840269567,-0.0011067525324559568,0.008071293469373408,0.013114027225846314,-0.25
2024-01-12,4.14,3.96,1.69,5.33,4783.83,14972.76,12.7,119.534,72.94,2039.55,-0.17999999999999972,-0.1200000000000001,-0.3000000000000007,-0.020000000000000018,0.04999999999999982,-0.07000000000000006,0.0,0.0,0.0,0.10000000000000009,0.35000000000000053,0.0007507264519421852,0.013604306198624627,0.00017165977342337158,0.010665270895685808,-0.0029871514650690045,-0.0017068430814344282,0.0037824871938196836,-0.002008229515054971,0.010889900160654165,0.02625333083742465,0.2599999999999998
2024-01-15,,,,,,,13.25,,,2053.85,,,,,,,,,,,,,,,,,,0.006986885314421265,0.016148382714259668,,,0.5500000000000007
2024-01-16,4.22,4.07,1.77,5.33,4765.98,14944.35,13.84,120.5759,72.63,2039.75,-0.14999999999999947,,-0.1900000000000004,,0.14000000000000012,,0.030000000000000027,,0.0,,0.3300000000000005,,-0.0005013451467714702,,-0.003931542748182082,,0.009271056006561196,-0.006888829275316866,0.006763845500280752,,-0.008227113454902124,0.5899999999999999
2024-01-17,4.34,4.1,1.8,5.33,4739.21,14855.62,14.79,121.0402,72.79,2027.55,-0.2400000000000002,0.1200000000000001,0.0,0.02999999999999936,0.23999999999999977,0.030000000000000027,0.13000000000000012,0.0,0.0,-0.09000000000000075,0.23999999999999977,-0.0056327271267555545,0.008659071900993354,-0.00595505715052802,0.0052427165636839135,0.0038432916640092074,0.012442399955117978,-0.005999083710962694,-0.0043308219958211325,0.0022005235120898803,-0.014728208410479837,0.9499999999999993
2024-01-18,4.34,4.14,1.8,5.33,4780.94,15055.65,14.13,120.8895,74.32,2012.2,-0.20000000000000018,0.0,0.009999999999999787,0.040000000000000036,0.24999999999999956,0.0,0.10000000000000009,0.0,0.0,0.040000000000000036,0.23999999999999977,0.008766724739531995,0.007177006548030107,0.013375091194015809,0.006114707095134619,-0.001245816611116446,0.013094764565982686,-0.007599516739996481,-0.010923128499955581,0.020801511375416304,0.00987094756707485,-0.6599999999999984
2024-01-19,4.39,4.15,1.81,5.33,4839.81,15310.97,13.3,120.6442,73.69,2029.5,-0.23999999999999932,0.04999999999999982,0.08000000000000007,0.010000000000000675,0.25000000000000044,0.010000000000000009,0.10000000000000009,0.0,0.0,-0.03999999999999915,0.17000000000000037,0.012238283870230404,0.01775658361847121,0.016816228918834497,0.020988140368430663,-0.0020311872367013706,0.013197152656228894,0.008560806421002098,-0.012778318839122171,-0.00851298972667447,0.00544293084114944,-0.8300000000000001
2024-01-22,4.37,4.11,1.8,5.33,4850.43,15360.29,13.19,120.6178,75.26,2023.9,-0.2599999999999998,-0.019999999999999574,,-0.040000000000000036,,-0.010000000000000009,,0.0,,-0.020000000000000462,,0.0021918970535104165,,0.003216042804204733,,-0.00021884921873649432,,-0.0027631142067923165,,0.02108168038638336,,-0.11000000000000121
2024-01-23,4.31,4.14,1.85,5.33,4864.6,15425.94,12.55,121.1001,74.72,2026.85,-0.16999999999999993,-0.0600000000000005,0.04999999999999982,0.02999999999999936,0.24999999999999956,0.050000000000000044,0.14000000000000012,0.0,0.0,0.08999999999999986,0.19999999999999973,0.002917131506229964,0.01864287577826218,0.004264900217467726,0.02304128980710196,0.003990607564024806,0.018439808514033373,0.0014565206549521648,,-0.007200991244704191,-0.014878064026179416,-0.6399999999999988
2024-01-24,4.34,4.18,1.88,5.33,4868.55,15481.92,13.14,120.4916,75.48,2030.5,-0.16000000000000014,0.03000000000000025,0.13999999999999968,0.040000000000000036,0.3899999999999997,0.029999999999999805,0.24,0.0,0.0,0.009999999999999787,0.25,0.0008116591682760799,0.018025115668855562,0.0036223835110256175,0.025032453767556362,-0.005037435365219167,0.016895798519254157,0.001799204399239862,-0.015248817050170338,0.010119926579762684,0.015622188330971731,0.5899999999999999
2024-01-25,4.28,4.14,1.85,5.33,4894.16,15510.5,13.45,120.8311,77.91,2018.15,-0.14000000000000057,-0.05999999999999961,0.020000000000000462,-0.040000000000000036,0.2999999999999998,-0.029999999999999805,0.17000000000000015,0.0,0.0,0.019999999999999574,0.27999999999999936,0.0052465060919910655,0.022901519727648534,0.0018443224569946182,0.02714437622508825,0.0028136617398724084,0.0202371462669646,-0.00610081795439843,-0.029128391464477765,0.03168659384241668,0.07861045612203732,0.3099999999999987
2024-01-26,4.34,4.15,1.85,5.33,4890.97,15455.36,13.26,120.6173,78.45,2021.1,-0.1899999999999995,0.05999999999999961,0.10999999999999943,0.010000000000000675,0.27000000000000046,0.0,0.13000000000000012,0.0,0.0,-0.049999999999998934,0.16000000000000103,-0.0006520097562336957,0.025079982971268677,-0.0035613451897802406,0.029149287104356603,-0.0017709792724209805,0.018378340728353315,0.0014606674627701821,-0.02022843555019893,0.006907164836275292,0.08732430618326159,-0.1899999999999995
2024-01-29,4.29,4.08,1.78,5.33,4927.93,15628.04,13.6,120.8538,77.25,2027.35,-0.20999999999999996,-0.04999999999999982,,-0.07000000000000028,,-0.07000000000000006,,0.0,,-0.020000000000000462,,0.0075283737614562085,,0.011110867952785597,,0.001958827169139532,,0.0030876038806253447,,-0.015414563401186854,,0.33999999999999986
2024-01-30,4.36,4.06,1.8,5.33,4924.97,15509.9,13.31,120.6025,78.3,2036.8,-0.3000000000000007,0.07000000000000028,0.03000000000000025,-0.020000000000000462,0.10999999999999943,0.020000000000000018,0.06000000000000005,0.0,0.0,-0.09000000000000075,0.07999999999999918,-0.0006008383499374048,0.03768417927575385,-0.007588206983717427,0.04915535247455338,-0.0020815368307722792,0.011121921314729555,0.004650427287792525,-0.018533010929263405,0.01350068721890274,0.10323421249651776,-0.28999999999999915
2024-01-31,4.27,3.99,1.73,5.33,4845.65,15164.01,14.35,120.4331,76.28,2037.9,-0.27999999999999936,-0.09000000000000075,-0.0600000000000005,-0.0699999999999994,0.08000000000000007,-0.07000000000000006,0.020000000000000018,0.0,0.0,0.02000000000000135,0.14000000000000057,-0.016236787963986643,0.029496005620741172,-0.0225536726039266,0.03843703243469143,-0.0014056017276331545,0.006140887806463269,0.0005399170622242266,-0.00789358807271956,-0.026136822264539283,0.04436238295468975,1.0399999999999991
2024-02-01,4.2,3.87,1.68,5.33,4906.19,15361.64,13.88,120.3335,74.36,2037.55,-0.33000000000000007,-0.0699999999999994,-0.17999999999999972,-0.1200000000000001,-0.1200000000000001,-0.050000000000000044,-0.09000000000000008,0.0,0.0,-0.05000000000000071,0.05999999999999961,0.012416277903485096,0.045346580224096655,0.012948635742780823,0.05701475077461815,-0.0008273573301407211,0.005940315266473206,-0.00017176017414577416,-0.005628165397340901,-0.025492617878975388,0.02698814471764699,-0.46999999999999886
2024-02-02,4.36,4.03,1.82,5.33,4958.61,15628.95,13.85,120.902,72.72,2054.2,-0.33000000000000007,0.16000000000000014,-0.040000000000000036,0.16000000000000014,-0.019999999999999574,0.14000000000000012,-0.010000000000000009,0.0,0.0,0.0,0.020000000000000462,0.010627786351802726,0.05415035734222329,0.017251470820669468,0.07331769052453119,0.004713245375744357,0.012601606685884725,0.00813837204048351,0.008064756924812677,-0.02230171298401995,-0.017448643334947,-0.030000000000001137
2024-02-05,4.46,4.17,1.9,5.33,4942.81,15597.68,13.67,121.349,73.21,2024.5,-0.29000000000000004,0.09999999999999964,0.09999999999999964,0.13999999999999968,0.16000000000000014,0.07999999999999985,0.10999999999999988,0.0,0.0,0.040000000000000036,0.0600000000000005,-0.0031914641356145523,0.036942906074244775,-0.0020027784267675486,0.04954193664473472,0.003690391431261375,0.017443530310035094,-0.014563721259487572,-0.0017273292388573225,0.0067155737893278555,0.029807433065670352,-0.17999999999999972
2024-02-06,4.39,4.09,1.85,5.33,4954.23,15609.0,13.06,120.9588,73.83,2025.05,-0.2999999999999998,-0.07000000000000028,0.02999999999999936,-0.08000000000000007,0.07000000000000028,-0.04999999999999982,0.050000000000000044,0.0,0.0,-0.009999999999999787,0.040000000000000924,0.002307761728426172,0.04072965345467949,0.0007254857291130179,0.04932874854186586,-0.0032206997652766134,0.010740449030142152,0.0002716351216216495,-0.006448142050536454,0.008433129412523499,0.019144574863839914,-0.6099999999999994
2024-02-07,4.41,4.09,1.86,5.33,4995.06,15756.64,12.83,120.9049,74.26,2033.2,-0.3200000000000003,0.020000000000000462,0.040000000000000036,0.0,0.04999999999999982,0.010000000000000009,0.040000000000000036,0.0,0.0,-0.020000000000000462,0.009999999999999787,0.008207666921331125,0.043287380556400024,0.009414192753997241,0.051237045665574854,-0.00044570558452772246,0.009502856072759691,0.0040165149789093135,-0.001498974343507875,0.0058072956778598694,0.03689645699842803,-0.23000000000000043
2024-02-08,4.46,4.15,1.91,5.33,4997.91,15793.71,12.79,121.0798,76.67,2037.05,-0.3099999999999996,0.04999999999999982,0.20000000000000018,0.0600000000000005,0.17000000000000037,0.04999999999999982,0.1499999999999999,0.0,0.0,0.010000000000000675,-0.029999999999999805,0.0005704010073621646,0.04452907059980227,0.002349895773479105,0.05355086910198992,0.0014455461891271781,0.009861831154410972,0.00189177625364767,0.002555974750409362,0.03193804882186857,0.06076321235092319,-0.040000000000000924
2024-02-09,4.48,4.17,1.92,5.33,5026.61,15990.66,12.93,121.039,77.26,2031.65,-0.3100000000000005,0.020000000000000462,0.34000000000000075,0.019999999999999574,0.20999999999999996,0.010000000000000009,0.22999999999999998,0.0,0.0,-8.881784197001252e-16,-0.13000000000000078,0.00572597559086141,0.04950431973872149,0.012393042287662581,0.06577225161622913,-0.0003370246373783914,0.012511957982101585,-0.0026544120582281394,-0.003880924501638461,0.007665859667332242,0.05753917185760127,0.14000000000000057
2024-02-12,4.46,4.17,1.93,5.33,5021.84,15942.55,13.93,120.9378,77.34,2021.0,-0.29000000000000004,-0.020000000000000462,,0.0,,0.010000000000000009,,0.0,,0.020000000000000462,,-0.0009494002275562963,,-0.0030131663180696933,,-0.0008364438731343071,,-0.005255832364545299,-0.016123642180605025,0.0010349289410154228,,1.0
2024-02-13,4.64,4.31,2.02,5.33,4953.17,15655.6,15.85,121.5202,78.28,2026.2,-0.33000000000000007,0.17999999999999972,0.41999999999999993,0.13999999999999968,0.23999999999999932,0.09000000000000008,0.25,0.0,0.0,-0.040000000000000036,-0.1800000000000006,-0.013768624761212322,0.03852459337319836,-0.018162955016126858,0.046495378474114446,0.00480414026460263,0.007801073944723846,0.0025696792159557447,-0.006665133689332414,0.012080856348724467,0.07491408290979873,1.92
2024-02-14,4.56,4.27,1.97,5.33,5000.62,15859.15,14.38,121.4002,77.09,1990.8,-0.29000000000000004,-0.08000000000000007,0.21999999999999975,-0.040000000000000036,0.16999999999999993,-0.050000000000000044,0.16999999999999993,0.0,0.0,0.040000000000000036,-0.04999999999999982,0.009534129096895327,0.05369144959684924,0.012917940366239833,0.0653683759908823,-0.0009879780352823886,0.0029698042454322504,-0.01762554963517804,-0.01829159961354776,-0.01531857205670395,0.0573949873410049,-1.4699999999999989
2024-02-15,4.56,4.24,1.94,5.33,5029.73,15906.17,14.01,121.2121,78.47,1996.9,-0.3199999999999994,0.0,0.21999999999999975,-0.02999999999999936,0.10000000000000053,-0.030000000000000027,0.1399999999999999,0.0,0.0,-0.02999999999999936,-0.11999999999999922,0.005804399991795606,0.05072912484911285,0.0029604634451434464,0.05495374824200994,-0.0015506224349666198,0.0026649984215820766,0.0030594100649468103,-0.007632672808604468,0.017742815668210454,0.05433629163379905,-0.370000000000001
2024-02-16,4.64,4.3,1.97,5.33,5005.57,15775.65,14.24,121.1505,79.65,2005.4,-0.33999999999999986,0.08000000000000007,0.25,0.05999999999999961,0.14999999999999947,0.030000000000000027,0.15999999999999992,0.0,0.0,-0.020000000000000462,-0.10000000000000053,-0.0048150123419912205,0.033675828636891225,-0.00823947225280186,0.02989804707037358,-0.0005083292663679018,0.004187856391915545,0.004247564040479546,-0.011945915189127021,0.014925650216675912,0.07777493157714943,0.23000000000000043
2024-02-19,,,,,,,14.71,,,2020.35,,,,,,,,,,,,,,,,,,0.00742722162310816,-0.0017555793592265445,,,0.47000000000000064
2024-02-20,4.59,4.27,1.95,5.33,4975.51,15630.78,15.42,121.0199,78.72,2026.8,-0.3200000000000003,,0.28000000000000025,,0.1299999999999999,,0.09999999999999987,,0.0,,-0.15000000000000036,,0.022543385599927745,,0.013191539251833362,,-0.0006624814384039723,0.003187430888821119,-2.466912535759036e-05,,0.05214945882341038,0.7099999999999991
2024-02-21,4.64,4.32,1.98,5.33,4981.8,15580.87,15.34,121.0379,78.89,2028.8,-0.3199999999999994,0.04999999999999982,0.2999999999999998,0.05000000000000071,0.14000000000000057,0.030000000000000027,0.10000000000000009,0.0,0.0,8.881784197001252e-16,-0.15999999999999925,0.0012633935945860486,0.022995120026237714,-0.003198167513803085,0.006370988227004659,0.0001487248089766524,0.004523678735791847,0.0009862906411521877,-0.0008375828834452648,0.002157224363000587,0.04418675660664828,-0.08000000000000007
2024-02-22,4.69,4.33,2.02,5.33,5087.03,16041.62,14.54,121.102,79.64,2030.9,-0.3600000000000003,0.05000000000000071,0.41000000000000014,0.009999999999999787,0.1900000000000004,0.040000000000000036,0.16999999999999993,0.0,0.0,-0.040000000000000924,-0.21999999999999975,0.02090289169482773,0.03865150562907438,0.02914271513956912,0.03366938090957916,0.0005294460061922024,0.0022394630021116413,0.001034559296157589,0.006297794367110754,0.009462002088997501,0.021962164853229105,-0.8000000000000007
2024-02-23,4.67,4.26,1.96,5.33,5088.8,15996.82,13.75,121.0369,77.6,2019.3,-0.41000000000000014,-0.020000000000000462,0.33000000000000007,-0.07000000000000028,0.10999999999999943,-0.06000000000000005,0.10999999999999988,0.0,0.0,-0.04999999999999982,-0.22000000000000064,0.00034788317372758115,0.039651398559035655,-0.0027966423583141164,0.034434083741045285,-0.0005377079153214837,0.003472734359211138,-0.005728127854287557,-0.0008910009499469851,-0.025949052006822626,-0.010894051989868814,-0.7899999999999991
2024-02-26,4.69,4.28,1.97,5.33,5069.53,15976.25,13.74,121.0592,78.53,2035.15,-0.41000000000000014,0.020000000000000462,0.40000000000000036,0.020000000000000462,0.20000000000000018,0.010000000000000009,0.18999999999999995,0.0,0.0,0.0,-0.20000000000000018,-0.00379393524610272,0.028329089551476727,-0.0012867080225955618,0.022036507765664126,0.00018422436431730915,0.0016981315543889153,0.007818609549175015,0.0038400047186026853,0.011913290197609783,0.016433801608927823,-0.009999999999999787
2024-02-27,4.7,4.31,1.99,5.33,5078.18,16035.3,13.43,120.9647,79.8,2036.0,-0.39000000000000057,0.009999999999999787,0.33999999999999986,0.02999999999999936,0.25,0.020000000000000018,0.18999999999999995,0.0,0.0,0.019999999999999574,-0.08999999999999986,0.0017048185442885,0.030634746445702632,0.0036892975802196304,0.033314012329601184,-0.0007809146518376053,0.002998753733323589,0.00041757243646145525,-0.000392850132728384,0.016042787068980324,0.018975901459005406,-0.3100000000000005
2024-02-28,4.64,4.27,1.94,5.33,5069.76,15947.74,13.84,121.128,79.44,2025.25,-0.3700000000000001,-0.0600000000000005,0.3700000000000001,-0.040000000000000036,0.27999999999999936,-0.050000000000000044,0.20999999999999996,0.0,0.0,0.020000000000000462,-0.09000000000000075,-0.0016594504761027196,0.045212083933586555,-0.005475415642493431,0.05039226929103435,0.0013490702096108365,0.00575342567056758,-0.005293948959812944,-0.006226716154765555,-0.004521484718845947,0.04059123900469874,0.41000000000000014
2024-02-29,4.64,4.25,1.92,5.33,5096.27,16091.92,13.4,121.1824,79.22,2032.8,-0.3899999999999997,0.0,0.4399999999999995,-0.019999999999999574,0.3799999999999999,-0.020000000000000018,0.24,0.0,0.0,-0.019999999999999574,-0.05999999999999961,0.005215420393339443,0.0380112264234409,0.009000156259302727,0.04644378980755626,0.00044901086304083293,0.007029793863749134,0.003721003295353853,-0.0023339526852659276,-0.0027732275431464615,0.06331062934052767,-0.4399999999999995
2024-03-01,4.54,4.19,1.87,5.33,5137.08,16274.94,13.11,121.0111,80.9,2050.3,-0.34999999999999964,-0.09999999999999964,0.17999999999999972,-0.05999999999999961,0.16000000000000014,-0.04999999999999982,0.050000000000000044,0.0,0.0,0.040000000000000036,-0.019999999999999574,0.00797592505779221,0.03535936512943039,0.011309218791076603,0.04050153777796339,-0.0014145716426279265,0.0009019768453768506,0.008571970883046731,-0.0019003538427027067,0.020985031870675463,0.10659737419522308,-0.2900000000000009
2024-03-04,4.61,4.22,1.88,5.33,5130.95,16207.51,13.49,120.872,79.67,2083.15,-0.39000000000000057,0.07000000000000028,0.15000000000000036,0.02999999999999936,0.04999999999999982,0.009999999999999787,-0.020000000000000018,0.0,0.0,-0.040000000000000924,-0.10000000000000053,-0.001193997432469729,0.03735683183257521,-0.0041517863867674976,0.03835252981796344,-0.0011501424889441836,-0.003938557074828708,0.015895047301109244,0.02855841471789411,-0.015320720672171717,0.08456107973372351,0.3800000000000008
2024-03-05,4.54,4.13,1.81,5.33,5078.65,15939.59,14.46,120.8846,79.11,2126.25,-0.41000000000000014,-0.07000000000000028,0.15000000000000036,-0.08999999999999986,0.040000000000000036,-0.06999999999999984,-0.040000000000000036,0.0,0.0,-0.019999999999999574,-0.11000000000000032,-0.010245348981573699,0.02480372112257534,-0.01666876348931723,0.020958280599533197,0.00010423707159468165,-0.0006136202379574129,0.020478693519961233,0.04876547311623369,-0.007053814358969568,0.06907413596223044,0.9700000000000006
2024-03-06,4.55,4.11,1.81,5.33,5104.76,16031.54,14.5,120.4649,80.08,2127.35,-0.4399999999999995,0.009999999999999787,0.13999999999999968,-0.019999999999999574,0.020000000000000462,0.0,-0.050000000000000044,0.0,0.0,-0.02999999999999936,-0.11999999999999922,0.005127959537251314,0.02172401373849553,0.005752080300235107,0.017296168145771063,-0.0034779473175756692,-0.0036458619710053597,0.0005172089639469135,0.04526616710127129,0.012186845973659821,0.0754536862580304,0.03999999999999915
2024-03-07,4.5,4.09,1.81,5.33,5157.36,16273.38,14.44,120.1909,79.81,2156.85,-0.41000000000000014,-0.04999999999999982,0.040000000000000036,-0.020000000000000462,-0.0600000000000005,0.0,-0.09999999999999987,0.0,0.0,0.02999999999999936,-0.10000000000000053,0.01025138288139793,0.031404995612531295,0.014972612093730575,0.029918884466022533,-0.0022771121111251347,-0.0073685202712576725,0.013771750267840943,0.057146141115464566,-0.003377325119047647,0.04013831231711418,-0.0600000000000005
2024-03-08,4.48,4.09,1.81,5.33,5123.69,16085.11,14.74,119.975,78.96,2168.65,-0.39000000000000057,-0.019999999999999574,0.0,0.0,-0.08000000000000007,0.0,-0.10999999999999988,0.0,0.0,0.019999999999999574,-0.08000000000000007,-0.006549938065646188,0.019129081956023697,-0.011636644632600834,0.005889197545759117,-0.001797924336124801,-0.008829419970004082,0.005456030180147842,0.06525658335384055,-0.010707414762690881,0.021765037887091054,0.3000000000000007
2024-03-11,4.51,4.1,1.83,5.33,5117.94,16019.27,15.22,120.0394,78.87,2178.45,-0.41000000000000014,0.02999999999999936,0.04999999999999982,0.009999999999999787,-0.07000000000000028,0.020000000000000018,-0.09999999999999987,0.0,0.0,-0.019999999999999574,-0.1200000000000001,-0.001122868255180265,0.018955613928399728,-0.004101626775165457,0.004800737088663354,0.0005366344814765611,-0.007456341615393214,0.004508760599915895,0.07502117631830174,-0.0011404677153263876,0.019589641230749244,0.4800000000000004
2024-03-12,4.58,4.16,1.86,5.33,5175.27,16265.64,13.84,120.1668,78.51,2176.4,-0.41999999999999993,0.07000000000000028,-0.05999999999999961,0.0600000000000005,-0.14999999999999947,0.030000000000000027,-0.15999999999999992,0.0,0.0,-0.009999999999999787,-0.08999999999999986,0.011139497364013096,0.043863736053625146,0.015262534883065726,0.03822622698785594,0.0010607554005348518,-0.011199726479460992,-0.0009414791101525211,0.07151001799219348,-0.004574922199735987,0.0029338626822887903,-1.3800000000000008
2024-03-13,4.61,4.19,1.89,5.33,5165.31,16177.77,13.75,119.9642,80.67,2160.85,-0.41999999999999993,0.03000000000000025,0.05000000000000071,0.03000000000000025,-0.07999999999999918,0.029999999999999805,-0.08000000000000007,0.0,0.0,0.0,-0.1299999999999999,-0.001926391571869246,0.03240321538486057,-0.00541682978805369,0.019891456833562415,-0.0016874126878496654,-0.011899161132028269,-0.007170472823146312,0.0819650948042252,0.027140753738718715,0.045393188477711455,-0.08999999999999986
2024-03-14,4.68,4.29,1.99,5.33,5150.48,16128.53,14.4,120.241,82.16,2169.8,-0.3899999999999997,0.0699999999999994,0.1200000000000001,0.09999999999999964,0.04999999999999982,0.10000000000000009,0.050000000000000044,0.0,0.0,0.03000000000000025,-0.07000000000000028,-0.002875205915668033,0.023723609477396934,-0.00304832420483514,0.013882669183583829,0.0023046971715983133,-0.008043841525463336,0.004133334599726091,0.08303901933900448,0.01830180667142045,0.04595217948092145,0.6500000000000004
2024-03-15,4.72,4.31,1.99,5.33,5117.09,15973.17,14.41,120.4003,81.94,2170.35,-0.41000000000000014,0.040000000000000036,0.08000000000000007,0.019999999999999574,0.009999999999999787,0.0,0.020000000000000018,0.0,0.0,-0.020000000000000462,-0.07000000000000028,-0.006503996116926203,0.022034625702461952,-0.009679313741006723,0.012442827695378966,0.0013239624558991636,-0.00621154980319627,0.00025344746284972075,0.07904490276137466,-0.002681293501577642,0.028345235762667897,0.009999999999999787
2024-03-18,4.73,4.34,2.03,5.33,5149.42,16103.45,14.33,120.5752,83.68,2155.3,-0.39000000000000057,0.010000000000000675,,0.03000000000000025,,0.039999999999999813,,0.0,,0.019999999999999574,,0.006298168875158439,,0.008123095037619876,,0.0014516001063311634,,-0.006958519865431612,0.06465916127283489,0.021012728197887576,,-0.08000000000000007
2024-03-19,4.68,4.3,2.0,5.33,5178.51,16166.79,13.82,120.9332,84.39,2154.3,-0.3799999999999999,-0.05000000000000071,0.08999999999999986,-0.040000000000000036,0.03000000000000025,-0.029999999999999805,0.050000000000000044,0.0,0.0,0.010000000000000675,-0.05999999999999961,0.0056332831318908205,0.03998949218673431,0.0039256033634096354,0.033717090893276236,0.0029647023641325987,-0.0007166678477013022,-0.000464080201386885,0.06100765018262688,0.008448910853262603,0.06955165842587796,-0.5099999999999998
2024-03-20,4.59,4.27,1.96,5.33,5224.62,16369.41,13.04,120.9289,82.79,2153.4,-0.3200000000000003,-0.08999999999999986,-0.04999999999999982,-0.03000000000000025,-0.05000000000000071,-0.040000000000000036,-0.020000000000000018,0.0,0.0,0.05999999999999961,-8.881784197001252e-16,0.008864697827339896,0.04759079641948816,0.012455211081922712,0.049370469489002033,-3.555745195704674e-05,-0.0009009501086350014,-0.0004178564027652598,0.059603503138709435,-0.019141630019160694,0.04825280404371668,-0.7800000000000011
2024-03-21,4.62,4.27,1.93,5.33,5241.53,16401.84,12.92,120.8086,81.99,2210.65,-0.35000000000000053,0.03000000000000025,-0.07000000000000028,0.0,-0.0600000000000005,-0.030000000000000027,-0.09000000000000008,0.0,0.0,-0.03000000000000025,0.009999999999999787,0.0032313725131380977,0.029919277237798525,0.0019791744645711873,0.0222069288140041,-0.0009952945648139533,-0.002425690679641157,0.02623860153312485,0.0848075453756767,-0.009709992542628498,0.02908080941209068,-0.11999999999999922
2024-03-22,4.59,4.22,1.87,5.33,5234.18,16428.82,13.06,121.1842,81.1,2166.25,-0.3700000000000001,-0.03000000000000025,-0.08000000000000007,-0.04999999999999982,-0.040000000000000036,-0.05999999999999983,-0.08999999999999986,0.0,0.0,-0.019999999999999574,0.040000000000000036,-0.001403246406415093,0.02816814765765585,0.001643585969553385,0.026647157141871602,0.0031042270812502437,0.0012162443169305703,-0.02028902788492548,0.07024664534503877,-0.010914327486719166,0.04411553393219414,0.14000000000000057
2024-03-25,4.54,4.25,1.92,5.33,5218.19,16384.47,13.19,121.0295,82.41,2168.35,-0.29000000000000004,-0.04999999999999982,-0.15000000000000036,0.03000000000000025,-0.03000000000000025,0.04999999999999982,-0.050000000000000044,0.0,0.0,0.08000000000000007,0.1200000000000001,-0.003059595569942175,0.028902487333816396,-0.002703174659171026,0.02523069050529614,-0.0012773845660714045,-0.0002453646134581433,0.0009689476142211717,0.06339698341008493,0.016023827653924627,0.048226071388508984,0.129999999999999
2024-03-26,4.56,4.24,1.92,5.33,5203.58,16315.7,13.24,121.0742,82.41,2193.45,-0.3199999999999994,0.019999999999999574,-0.14000000000000057,-0.009999999999999787,-0.0699999999999994,0.0,-0.07000000000000006,0.0,0.0,-0.02999999999999936,0.07000000000000117,-0.0028037482252578627,0.024393920564270033,-0.0042061005423370545,0.017335292382739453,0.0003692632579177513,0.0009048132962972133,0.011509137081961107,0.07448854805558458,0.0,0.03218328431952866,0.05000000000000071
2024-03-27,4.54,4.2,1.88,5.33,5248.49,16399.52,12.78,121.0089,82.15,2192.05,-0.33999999999999986,-0.019999999999999574,-0.09999999999999964,-0.040000000000000036,-0.0699999999999994,-0.040000000000000036,-0.06000000000000005,0.0,0.0,-0.020000000000000462,0.03000000000000025,0.008593565940708814,0.034646936981081566,0.005124231682398062,0.027934939707630946,-0.0005394841819503782,-0.0009837410952640013,-0.0006384676992627902,0.07914402931613473,-0.0031599442920144938,0.03354482474636011,-0.46000000000000085
2024-03-28,4.59,4.2,1.88,5.33,5254.35,16379.46,13.01,121.0635,83.96,2207.0,-0.3899999999999997,0.04999999999999982,-0.04999999999999982,0.0,-0.04999999999999982,0.0,-0.040000000000000036,0.0,0.0,-0.04999999999999982,0.0,0.001115888770669926,0.03054740535841205,-0.001223955260613252,0.017710828187714966,0.0004511047184720951,-0.0009816472398327392,0.006796948230001654,0.08221997425078253,0.021793650469154713,0.05811170275866129,0.23000000000000043
2024-03-29,,,,5.33,,,,121.0191,,,,,,,,,,0.0,0.0,,,,,,,-0.0003668169500645746,6.610745273061269e-05,,,,,
2024-04-01,4.72,4.33,1.98,5.33,5243.77,16396.83,13.65,121.5151,84.54,,-0.3899999999999997,,0.10999999999999943,,0.11000000000000032,,0.10000000000000009,0.0,0.0,,8.881784197001252e-16,,0.021749878067264916,,0.011613308398661815,0.004090150514680424,0.00530640045635522,,,,0.059331691746369764,
2024-04-02,4.7,4.36,2.0,5.33,5205.81,16240.45,14.61,121.3035,85.95,2264.55,-0.33999999999999986,-0.019999999999999574,0.16000000000000014,0.03000000000000025,0.23000000000000043,0.020000000000000018,0.18999999999999995,0.0,0.0,0.04999999999999982,0.07000000000000028,-0.007265395734467717,0.024729831314370898,-0.009582979754547694,0.01869909213343135,-0.001742865279370065,0.0034592981053904737,,0.06301619897178323,0.01654093669021428,0.08292644279555361,0.9599999999999991
2024-04-03,4.68,4.36,2.0,5.33,5211.49,16277.46,14.33,121.0198,86.22,2270.75,-0.3199999999999994,-0.020000000000000462,0.1299999999999999,0.0,0.25,0.0,0.18999999999999995,0.0,0.0,0.020000000000000462,0.1200000000000001,0.0010904938060498637,0.020692365583169448,0.00227628503680144,0.015223296869997682,-0.002341501041117411,0.004595744381848732,0.002734109700468501,0.06523309970830482,0.0031364374901299286,0.07387603431202372,-0.27999999999999936
2024-04-04,4.65,4.31,1.97,5.33,5147.21,16049.08,16.35,120.7613,87.37,2292.5,-0.34000000000000075,-0.02999999999999936,0.15000000000000036,-0.05000000000000071,0.21999999999999975,-0.030000000000000027,0.15999999999999992,0.0,0.0,-0.02000000000000135,0.0699999999999994,-0.01241098305745858,-0.0019700003556870627,-0.014129801685195176,-0.013879116908928069,-0.0021382986386893066,0.00473455785428456,0.009532751748296597,0.060994101188760474,0.013249804991014358,0.09050316442208572,2.0200000000000014
2024-04-05,4.73,4.39,2.02,5.33,5204.34,16248.52,16.03,120.9646,87.69,2288.45,-0.34000000000000075,0.08000000000000007,0.25,0.08000000000000007,0.2999999999999998,0.050000000000000044,0.20999999999999996,0.0,0.0,0.0,0.04999999999999982,0.011038072569657942,0.015618010279617067,0.012350300644069279,0.010107828367742044,0.0016820708739455625,0.008214553064354924,-0.0017681926478987364,0.053769878360713896,0.0036558934812616073,0.10486647266603821,-0.3200000000000003
2024-04-08,4.78,4.42,2.04,5.33,5202.39,16253.96,15.19,120.7359,87.24,2336.9,-0.3600000000000003,0.04999999999999982,0.27000000000000046,0.03000000000000025,0.3200000000000003,0.020000000000000018,0.20999999999999996,0.0,0.0,-0.019999999999999574,0.04999999999999982,-0.00037475749305038164,0.01636612104174695,0.00033474369037556073,0.014544198833283062,-0.0018924252804861652,0.005785493302392197,0.020950532239039532,0.07021164999983753,-0.005144926457836263,0.10086201392352834,-0.8400000000000016
2024-04-09,4.74,4.36,2.0,5.33,5209.91,16306.64,14.98,120.7048,86.04,2364.2,-0.3799999999999999,-0.040000000000000036,0.16000000000000014,-0.05999999999999961,0.20000000000000018,-0.040000000000000036,0.1399999999999999,0.0,0.0,-0.019999999999999574,0.040000000000000036,0.0014444457627025287,0.0066710694404363835,0.003235815431256839,0.0025174793814741747,-0.00025762019553443594,0.0044671177063229095,0.011614433594515639,0.08276756270450569,-0.013850636933899096,0.09158629918936523,-0.20999999999999908
2024-04-10,4.97,4.55,2.15,5.33,5160.64,16170.36,15.8,121.5727,86.98,2346.85,-0.41999999999999993,0.22999999999999954,0.35999999999999943,0.1899999999999995,0.35999999999999943,0.1499999999999999,0.26,0.0,0.0,-0.040000000000000036,0.0,-0.009501978333886996,-0.0009045173215813662,-0.008392450034524046,-0.00045814086499618156,0.007164542415101671,0.013319072809274246,-0.007365694883896268,0.08257234064375574,0.010865902769963576,0.07531144822061009,0.8200000000000003
2024-04-11,4.93,4.56,2.16,5.33,5199.06,16442.2,14.91,121.6081,85.79,2331.75,-0.3700000000000001,-0.040000000000000036,0.25,0.009999999999999787,0.2699999999999996,0.010000000000000231,0.17000000000000015,0.0,0.0,0.04999999999999982,0.019999999999999574,0.007417237205871174,0.009387925799957841,0.0166712638342581,0.019261447174097057,0.00029114140795627463,0.011305517045632207,-0.006454944825406983,0.07198406121862266,-0.013775757584618908,0.04323388396457073,-0.8900000000000006
2024-04-12,4.88,4.5,2.11,5.33,5123.41,16175.09,17.31,122.2885,86.46,2394.8,-0.3799999999999999,-0.04999999999999982,0.16000000000000014,-0.05999999999999961,0.1900000000000004,-0.050000000000000266,0.11999999999999988,0.0,0.0,-0.009999999999999787,0.03000000000000025,-0.014657607029448627,0.001234314887435417,-0.016378796112602956,0.012561964802500825,0.00557942804509004,0.015560982634823084,0.02668066144422454,0.09841127519999748,0.007779429654611647,0.05369460712076002,2.3999999999999986
2024-04-15,4.93,4.63,2.2,5.33,5061.82,15885.02,19.23,122.425,86.21,2347.15,-0.2999999999999998,0.04999999999999982,0.1999999999999993,0.1299999999999999,0.29000000000000004,0.0900000000000003,0.17000000000000037,0.0,0.0,0.08000000000000007,0.09000000000000075,-0.012094130563305328,-0.01715798455102835,-0.018095877743574462,-0.013657007978693514,0.0011155903875899043,0.015224972916081825,-0.020097893866194205,0.08527190119923489,-0.002895699017652298,0.029786179905220145,1.9200000000000017
2024-04-16,4.97,4.67,2.24,5.33,5051.41,15865.25,18.4,123.1234,86.15,2369.0,-0.2999999999999998,0.040000000000000036,0.29000000000000004,0.040000000000000036,0.3700000000000001,0.040000000000000036,0.2400000000000002,0.0,0.0,0.0,0.08000000000000007,-0.002058690186348855,-0.024849957869268025,-0.0012453439013313528,-0.018827955243434502,0.005688506895578982,0.017948777447528208,0.009266098973782277,0.09500208037440405,-0.0006962172478948148,0.020641051804062727,-0.8300000000000018
2024-04-17,4.93,4.59,2.2,5.33,5022.21,15683.37,18.21,123.0207,83.58,2393.75,-0.33999999999999986,-0.040000000000000036,0.33999999999999986,-0.08000000000000007,0.3200000000000003,-0.040000000000000036,0.2400000000000002,0.0,0.0,-0.040000000000000036,-0.019999999999999574,-0.005797336366097028,-0.03951199206270495,-0.01153026756986364,-0.042813433895220854,-0.0008344705882405989,0.017149864311244656,0.010393248770170338,0.10581318554733965,-0.030285705954169018,0.009496975869054403,-0.18999999999999773
2024-04-18,4.98,4.64,2.24,5.33,5011.12,15601.5,18.0,123.0017,83.5,2379.85,-0.34000000000000075,0.05000000000000071,0.3600000000000003,0.04999999999999982,0.3700000000000001,0.040000000000000036,0.3100000000000003,0.0,0.0,-8.881784197001252e-16,0.009999999999999787,-0.0022106328639264206,-0.044953997439769466,-0.005233851819749447,-0.05002646017954149,-0.00015445748060205489,0.017990701395456554,-0.005823713459691682,0.07375087055452312,-0.0009576251629592747,0.018249343248723626,-0.21000000000000085
2024-04-19,4.97,4.62,2.21,5.33,4967.23,15282.01,18.71,123.1075,83.79,2381.8,-0.34999999999999964,-0.010000000000000675,0.3799999999999999,-0.019999999999999574,0.40000000000000036,-0.03000000000000025,0.33999999999999986,0.0,0.0,-0.009999999999998899,0.020000000000000462,-0.008797102336545848,-0.05234785336990022,-0.02069074388938752,-0.07236079003848239,0.0008597809957331393,0.01574625530993945,0.0008190438646309417,0.09485894230407954,0.0034670367683853343,0.03263070750382813,0.7100000000000009
2024-04-22,4.97,4.62,2.21,5.33,5010.6,15451.31,16.94,123.0609,83.82,2361.45,-0.34999999999999964,0.0,0.4299999999999997,0.0,0.3700000000000001,0.0,0.29000000000000004,0.0,0.0,0.0,-0.05999999999999961,0.00869332773488729,-0.040594930065070756,0.011017469803556779,-0.05864014557575459,-0.00037860261964262065,0.016645037256368234,-0.008580667205147385,0.08530932748471098,0.00035797387173008843,0.016964853721633588,-1.7699999999999996
2024-04-23,4.86,4.61,2.2,5.33,5070.55,15696.64,15.69,122.7227,84.17,2298.15,-0.25,-0.10999999999999943,0.3000000000000007,-0.009999999999999787,0.3700000000000001,-0.009999999999999787,0.28000000000000025,0.0,0.0,0.09999999999999964,0.0699999999999994,0.011893624576652329,-0.025897557263160564,0.015752887318084774,-0.03868115771533276,-0.002752016110505906,0.013523757887944576,-0.02717138569887556,0.046628804703874316,0.004166920726559553,0.02113177444819314,-1.2500000000000018
2024-04-24,4.89,4.65,2.24,5.33,5071.63,15712.75,15.97,122.89,84.09,2312.3,-0.23999999999999932,0.02999999999999936,0.34999999999999964,0.040000000000000036,0.4500000000000002,0.040000000000000036,0.3600000000000003,0.0,0.0,0.010000000000000675,0.10000000000000053,0.00021297196541247843,-0.0342781512384569,0.0010258079773404205,-0.0427795814203904,0.0013623076158033598,0.015425549685698314,0.006138248730049867,0.05340552113318697,-0.0009509093786785883,0.023340809361529047,0.28000000000000114
2024-04-25,4.96,4.7,2.28,5.33,5048.42,15611.76,15.37,122.8384,84.92,2325.65,-0.2599999999999998,0.07000000000000028,0.3700000000000001,0.04999999999999982,0.5,0.03999999999999959,0.3999999999999999,0.0,0.0,-0.020000000000000462,0.1299999999999999,-0.004586941901457919,-0.039980981910584745,-0.006448008278709949,-0.0480036344384871,-0.0004199758819769528,0.014554469085249266,0.005756869681627919,0.05236544258481324,0.009821982990248834,0.011369141882623168,-0.6000000000000014
2024-04-26,4.96,4.67,2.24,5.33,5099.96,15927.9,15.03,122.9471,85.38,2349.8,-0.29000000000000004,0.0,,-0.03000000000000025,,-0.03999999999999959,,0.0,0.0,-0.03000000000000025,,0.010157373516559431,,0.020047812080008498,,0.0008845111455872967,0.015805797180901138,0.010330648291922095,,0.005402244494760566,,-0.33999999999999986
2024-04-29,4.97,4.63,2.22,5.33,5116.17,15983.08,14.67,122.5449,84.26,2337.6,-0.33999999999999986,0.009999999999999787,0.25,-0.040000000000000036,0.2999999999999998,-0.020000000000000018,0.2400000000000002,0.0,0.0,-0.04999999999999982,0.04999999999999982,0.003173415687477643,-0.02463459304072302,0.003458374202088166,-0.025557360771646387,-0.0032766881190244845,0.00843895854719623,-0.0052054561370367125,,-0.013204624778945018,-0.0033175385877735053,-0.35999999999999943
2024-04-30,5.04,4.69,2.28,5.33,5035.69,15657.82,15.65,122.9853,83.49,2314.8,-0.34999999999999964,0.07000000000000028,0.33999999999999986,0.0600000000000005,0.33000000000000007,0.05999999999999961,0.2799999999999998,0.0,0.0,-0.009999999999999787,-0.009999999999999787,-0.015855554753445134,-0.033224752059700435,-0.020560189993531708,-0.0365345710106304,0.003587342594052245,0.01376916642061854,-0.009801471296751352,0.021947227017829363,-0.009180392344961597,-0.029038867622949383,0.9800000000000004
2024-05-01,4.96,4.63,2.25,5.33,5018.39,15605.48,15.39,123.0168,80.7,2288.5,-0.33000000000000007,-0.08000000000000007,0.28000000000000025,-0.0600000000000005,0.2699999999999996,-0.029999999999999805,0.25,0.0,0.0,0.019999999999999574,-0.010000000000000675,-0.003441392364873508,-0.03775663823062381,-0.0033483380769308013,-0.04215919412436264,0.000256095376196086,0.016366762837932036,-0.011426709605987462,0.0077864077113734,-0.03398828893000605,-0.06616359404308536,-0.2599999999999998
2024-05-02,4.87,4.58,2.21,5.33,5064.2,15840.96,14.68,122.4384,80.59,2300.55,-0.29000000000000004,-0.08999999999999986,0.21999999999999975,-0.04999999999999982,0.27000000000000046,-0.040000000000000036,0.24,0.0,0.0,0.040000000000000036,0.05000000000000071,0.009087013401336108,-0.01625864177182912,0.014976855988734883,-0.013052536450432584,-0.004712885044469317,0.013792176432152026,0.005251643671202011,0.0035052996342788134,-0.0013640029394830222,-0.08077740197358274,-0.7100000000000009
2024-05-03,4.81,4.5,2.15,5.33,5127.79,16156.33,13.49,122.1375,79.65,2301.1,-0.3099999999999996,-0.0600000000000005,0.07999999999999918,-0.08000000000000007,0.11000000000000032,-0.06000000000000005,0.1299999999999999,0.0,0.0,-0.019999999999999574,0.030000000000001137,0.01247858860899953,-0.01481812573248753,0.01971293273012975,-0.0056899043643721114,-0.0024605870964089505,0.009649518461797513,0.0002390446916296085,0.005512536973807158,-0.011732535980362613,-0.09616583143520696,-1.1899999999999995
2024-05-06,4.82,4.49,2.14,5.33,5180.74,16349.25,13.49,121.8913,80.1,,-0.33000000000000007,0.010000000000000675,0.040000000000000036,-0.009999999999999787,0.07000000000000028,-0.009999999999999787,0.10000000000000009,0.0,0.0,-0.020000000000000462,0.03000000000000025,0.010273136069377742,-0.004170232170059407,0.011870101390954346,0.005845453336206674,-0.0020177953055835474,0.00952414843670013,,,0.005633817718256218,-0.08538708725911448,0.0
2024-05-07,4.82,4.47,2.15,5.33,5187.7,16332.56,13.23,122.093,79.97,2315.0,-0.35000000000000053,0.0,0.08000000000000007,-0.020000000000000462,0.10999999999999943,0.009999999999999787,0.1499999999999999,0.0,0.0,-0.020000000000000462,0.02999999999999936,0.0013425358193490666,-0.004272142113412869,-0.0010213633486575446,0.0015882745562922906,0.0016533854510205614,0.011435154083255128,,-0.02103001079594158,-0.001624289730515649,-0.07316074005573103,-0.2599999999999998
2024-05-08,4.84,4.48,2.17,5.33,5187.67,16302.76,13.0,122.1926,80.57,2308.55,-0.35999999999999943,0.019999999999999574,-0.1299999999999999,0.010000000000000675,-0.0699999999999994,0.020000000000000018,0.020000000000000018,0.0,0.0,-0.009999999999998899,0.0600000000000005,-5.7829262942732385e-06,0.005224053294179853,-0.001826242750635032,0.008154481840181305,0.000815439023168274,0.005086050691321731,-0.0027900657218591363,-0.016454381633904447,0.007474807445306375,-0.07655183538038823,-0.23000000000000043
2024-05-09,4.8,4.45,2.13,5.33,5214.08,16346.26,12.69,122.1634,80.86,2308.7,-0.34999999999999964,-0.040000000000000036,-0.1299999999999999,-0.03000000000000025,-0.10999999999999943,-0.040000000000000036,-0.03000000000000025,0.0,0.0,0.009999999999999787,0.020000000000000462,0.0050780025958907515,0.0028848186841994305,0.0026647063672893267,-0.005852075626787467,-0.0002389955649872988,0.004555913718378157,6.497373980263177e-05,-0.009934463068694832,0.003592892423520233,-0.05918318537224909,-0.3100000000000005
2024-05-10,4.87,4.5,2.16,5.33,5222.68,16340.87,12.55,122.014,79.81,2371.05,-0.3700000000000001,0.07000000000000028,-0.009999999999999787,0.04999999999999982,0.0,0.03000000000000025,0.050000000000000266,0.0,0.0,-0.020000000000000462,0.009999999999999787,0.001648021406346345,0.019190447119994403,-0.0003297934109749434,0.010196927074840545,-0.0012237006262099115,-0.0022472149529217944,0.026648299453236213,-0.00996682505968316,-0.013070454324707548,-0.08003306935156829,-0.1399999999999988
2024-05-13,4.85,4.48,2.15,5.33,5221.42,16388.24,13.6,122.0261,80.71,2340.3,-0.3699999999999992,-0.020000000000000462,-0.08000000000000007,-0.019999999999999574,-0.14999999999999947,-0.010000000000000231,-0.050000000000000266,0.0,0.0,8.881784197001252e-16,-0.0699999999999994,-0.0002412845541712727,0.031043293129128458,0.0028946728509637865,0.031187477669378794,9.916403091025927e-05,-0.0032636413096014394,-0.013053768729137438,-0.0029226999226263928,0.011213673448363437,-0.06592369688555255,1.049999999999999
2024-05-14,4.81,4.45,2.12,5.33,5246.68,16511.18,13.42,121.9256,79.62,2347.4,-0.35999999999999943,-0.040000000000000036,-0.16000000000000014,-0.03000000000000025,-0.21999999999999975,-0.029999999999999805,-0.1200000000000001,0.0,0.0,0.009999999999999787,-0.05999999999999961,0.0048261000617184635,0.037928083377195776,0.0074737227738150835,0.03990654434452523,-0.0008239336367443784,-0.0097760818419248,0.003029206403646789,-0.009159592492761881,-0.013597165764108965,-0.0788246454017667,-0.17999999999999972
2024-05-15,4.73,4.36,2.05,5.33,5308.15,16742.39,12.45,121.3543,80.23,2371.8,-0.3700000000000001,-0.07999999999999918,-0.1999999999999993,-0.08999999999999986,-0.22999999999999954,-0.07000000000000028,-0.15000000000000036,0.0,0.0,-0.010000000000000675,-0.03000000000000025,0.011647879688046814,0.05537329943133962,0.013906099461168608,0.06534291137555748,-0.0046966564041825976,-0.013638267657866798,0.010340827864671276,-0.009212013398260943,0.007632192193392839,-0.040906747254204845,-0.9700000000000006
2024-05-16,4.78,4.38,2.07,5.33,5297.1,16698.32,12.42,121.2236,80.85,2383.65,-0.40000000000000036,0.04999999999999982,-0.20000000000000018,0.019999999999999574,-0.2599999999999998,0.020000000000000018,-0.17000000000000037,0.0,0.0,-0.03000000000000025,-0.05999999999999961,-0.002083874307301059,0.05550005798796498,-0.002635711114551853,0.06794105208075507,-0.0010775920860677246,-0.014561402263332468,0.004983765796060524,0.0015954658574912628,0.007698076257550923,-0.03225104583369465,-0.02999999999999936
2024-05-17,4.83,4.42,2.1,5.33,5303.27,16685.97,11.99,121.2354,81.66,2381.75,-0.41000000000000014,0.04999999999999982,-0.13999999999999968,0.040000000000000036,-0.20000000000000018,0.03000000000000025,-0.10999999999999988,0.0,0.0,-0.009999999999999787,-0.0600000000000005,0.0011641104408202096,0.06546127076533104,-0.0007398689960673721,0.08789192697407522,9.733604452222266e-05,-0.015323847214543385,-0.0007974147398668308,-2.099274700650966e-05,0.009968699868314168,-0.025749382733765813,-0.4299999999999997
2024-05-20,4.82,4.44,2.11,5.33,5308.13,16794.87,12.15,121.2289,81.39,2444.35,-0.3799999999999999,-0.009999999999999787,-0.14999999999999947,0.020000000000000462,-0.17999999999999972,0.009999999999999787,-0.10000000000000009,0.0,0.0,0.03000000000000025,-0.03000000000000025,0.0009159960683451374,0.05768393909878888,0.006505236071523868,0.08337969324204231,-5.361614061616393e-05,-0.014998860735516928,0.025943727307304876,0.03450340176544575,-0.003311870552479057,-0.02941922715797496,0.16000000000000014
2024-05-21,4.82,4.41,2.09,5.33,5321.41,16832.62,11.86,121.3793,80.66,2417.05,-0.41000000000000014,0.0,-0.040000000000000036,-0.03000000000000025,-0.20000000000000018,-0.020000000000000018,-0.11000000000000032,0.0,0.0,-0.03000000000000025,-0.16000000000000014,0.0024986983273898034,0.04828901284952636,0.0022451878423108695,0.0698719937662684,0.0012398593227009869,-0.011006985302310035,-0.011231450602858573,0.05044333686146274,-0.009009625893728668,-0.04259577377826318,-0.2900000000000009
2024-05-22,4.86,4.43,2.1,5.33,5307.01,16801.54,12.29,121.5462,79.15,2414.25,-0.4300000000000006,0.040000000000000036,-0.02999999999999936,0.019999999999999574,-0.22000000000000064,0.010000000000000231,-0.14000000000000012,0.0,0.0,-0.020000000000000462,-0.19000000000000128,-0.0027097176835475523,0.04536632320056633,-0.0018481216029346825,0.0669980641859933,0.0013740840402549637,-0.010995208877858431,-0.0011591084443081101,0.04314597968710476,-0.01889800311820089,-0.06054286751778548,0.4299999999999997
2024-05-23,4.91,4.47,2.17,5.33,5267.84,16736.03,12.77,121.7477,77.47,2361.8,-0.4400000000000004,0.04999999999999982,-0.04999999999999982,0.040000000000000036,-0.23000000000000043,0.06999999999999984,-0.10999999999999988,0.0,0.0,-0.009999999999999787,-0.1800000000000006,-0.007408176785643761,0.042545088316380486,-0.003906668450820661,0.06953940401388259,0.0016564331951807176,-0.00891879980070076,-0.021964639679845632,0.015424470325631212,-0.0214540216832102,-0.09181887219124452,0.4800000000000004
2024-05-24,4.93,4.46,2.14,5.33,5304.72,16920.79,11.93,121.6172,78.48,2339.75,-0.46999999999999975,0.019999999999999574,-0.03000000000000025,-0.009999999999999787,-0.20999999999999996,-0.029999999999999805,-0.10000000000000009,0.0,0.0,-0.02999999999999936,-0.17999999999999972,0.006976578915070419,0.039364293714891474,0.010979162971519685,0.060470754905393775,-0.0010724637160759443,-0.010875774662364002,-0.009379954129815182,-0.004286132096106066,0.012953050613297101,-0.08426806607270798,-0.8399999999999999
2024-05-27,,,,,,,12.36,,,,,,,,,,,,,,,,,,,,,,,,,0.4299999999999997
2024-05-28,4.94,4.54,2.2,5.33,5306.04,17019.88,12.92,121.43,80.9,2344.7,-0.40000000000000036,,-0.09999999999999964,,-0.15000000000000036,,-0.07999999999999963,,0.0,,-0.05000000000000071,,0.052295236826338964,,0.08341159989297431,,-0.012726870969416382,,0.012834171227005697,,-0.031513040141462945,0.5600000000000005
2024-05-29,4.96,4.61,2.25,5.33,5266.95,16920.58,14.28,122.1641,80.24,2340.9,-0.34999999999999964,0.019999999999999574,0.0,0.07000000000000028,-0.019999999999999574,0.04999999999999982,0.0,0.0,0.0,0.05000000000000071,-0.019999999999999574,-0.007394346936504093,0.04834228225470838,-0.00585144004120508,0.08090849792870003,0.0060272578223701245,-0.006955708523242343,-0.0016219911358641426,0.022638889697129017,-0.008191680410766011,-0.005716431622222906,1.3599999999999994
2024-05-30,4.92,4.55,2.19,5.33,5235.48,16737.08,14.47,121.9601,78.96,2337.55,-0.3700000000000001,-0.040000000000000036,0.04999999999999982,-0.0600000000000005,-0.03000000000000025,-0.06000000000000005,-0.020000000000000018,0.0,0.0,-0.020000000000000462,-0.08000000000000007,-0.0059929167225423186,0.03326235213082995,-0.010904015201179007,0.05502762673878614,-0.0016712808274155222,-0.003914104306188548,-0.0014320984824225391,0.015955147543504467,-0.01608074852845398,-0.020433177211193865,0.19000000000000128
2024-05-31,4.89,4.51,2.16,5.33,5277.51,16735.02,12.92,122.098,77.97,2342.9,-0.3799999999999999,-0.03000000000000025,0.08000000000000007,-0.040000000000000036,0.009999999999999787,-0.029999999999999805,0.010000000000000231,0.0,0.0,-0.009999999999999787,-0.07000000000000028,0.007995864911521267,0.02877962843335169,-0.00012308758653389873,0.03519160642212249,0.0011300589054430432,-0.00032345830433655465,0.0022861059641909875,0.018002208816065846,-0.012617257803717585,-0.021317899034548837,-1.5500000000000007
2024-06-03,4.82,4.41,2.08,5.33,5283.4,16828.67,13.11,122.3509,75.26,2324.7,-0.41000000000000014,-0.0699999999999994,0.0,-0.09999999999999964,-0.08000000000000007,-0.08000000000000007,-0.06000000000000005,0.0,0.0,-0.03000000000000025,-0.08000000000000007,0.0011154342969863507,0.019621926660960298,0.0055804497677520715,0.028901954798920215,0.002069144841557069,0.0037634818428040617,-0.007798479834580263,,-0.03537535215621723,-0.06232706890902229,0.1899999999999995
2024-06-04,4.77,4.33,2.02,5.33,5291.34,16857.05,13.16,122.7256,74.27,2330.5,-0.4399999999999995,-0.05000000000000071,-0.05000000000000071,-0.08000000000000007,-0.13999999999999968,-0.06000000000000005,-0.1299999999999999,0.0,0.0,-0.02999999999999936,-0.08999999999999897,0.0015016920495654063,0.019781082891176638,0.0016849873901847445,0.031608305537762504,0.0030578231039086745,0.005167919495692175,0.0024918383747820627,0.006673149292461211,-0.013241683484086053,-0.07394446266259269,0.05000000000000071
2024-06-05,4.72,4.29,1.99,5.33,5354.03,17187.9,12.63,122.5339,75.08,2332.25,-0.4299999999999997,-0.04999999999999982,-0.1200000000000001,-0.040000000000000036,-0.1900000000000004,-0.030000000000000027,-0.17999999999999994,0.0,0.0,0.009999999999999787,-0.07000000000000028,0.011778026448059364,0.031564892265530275,0.01943668096265405,0.05287122925105159,-0.0015632425169140873,0.0027892379556098135,0.0007506300282749123,0.01021384504259526,0.010847110037103036,-0.07057216007079603,-0.5299999999999994
2024-06-06,4.72,4.28,2.0,5.33,5352.96,17173.12,12.58,122.3713,76.52,2360.85,-0.4399999999999995,0.0,-0.08000000000000007,-0.009999999999999787,-0.16999999999999993,0.010000000000000009,-0.1299999999999999,0.0,0.0,-0.009999999999999787,-0.08999999999999986,-0.0001998694317570937,0.02628702023788243,-0.0008602771926753405,0.04934624569108692,-0.001327860934692282,0.0017003725859048302,0.012188256824648747,0.022337128127441375,0.018997932853743293,-0.05516711964057297,-0.05000000000000071
2024-06-07,4.87,4.43,2.13,5.33,5346.99,17133.13,12.22,123.549,76.53,2338.0,-0.4400000000000004,0.15000000000000036,0.0,0.14999999999999947,-0.07000000000000028,0.1299999999999999,-0.03000000000000025,0.0,0.0,-8.881784197001252e-16,-0.07000000000000028,-0.001115893180715588,0.023523105650820497,-0.0023313546722736334,0.04734468442978823,0.009577973052765643,0.012502046264880384,-0.009725860633706063,-0.0140370319595009,0.0001306762497783609,-0.04196598906608706,-0.35999999999999943
2024-06-10,4.87,4.47,2.16,5.33,5360.79,17192.53,12.74,123.9125,78.75,2297.65,-0.40000000000000036,0.0,0.020000000000000462,0.040000000000000036,-0.010000000000000675,0.03000000000000025,0.010000000000000231,0.0,0.0,0.040000000000000036,-0.030000000000001137,0.0025775665246072776,0.026341956729599048,0.003460971138949276,0.04791098271777372,0.00293783284626592,0.015340715080236045,-0.01740900157645342,-0.018392264806816883,0.028595456883912185,-0.024584205630538314,0.5199999999999996
2024-06-11,4.81,4.39,2.12,5.33,5375.32,17343.55,12.85,124.0349,78.88,2302.5,-0.41999999999999993,-0.0600000000000005,0.0,-0.08000000000000007,-0.0600000000000005,-0.040000000000000036,0.0,0.0,0.0,-0.019999999999999574,-0.0600000000000005,0.002706754843456949,0.024222611511337533,0.00874569219143062,0.04918295213538926,0.0009873062588487969,0.01715195497582922,0.002108627673901964,-0.019312843536561708,0.0016494325886373673,-0.009337607277791982,0.10999999999999943
2024-06-12,4.75,4.31,2.09,5.33,5421.03,17608.44,12.04,123.8295,79.56,2314.9,-0.4400000000000004,-0.05999999999999961,0.019999999999999574,-0.08000000000000007,-0.05000000000000071,-0.03000000000000025,0.040000000000000036,0.0,0.0,-0.020000000000000462,-0.07000000000000028,0.008467727171883155,0.021042458995173874,0.015157653204788346,0.050434505879008995,-0.0016573581927588066,0.02019125318725301,0.005371000913598323,-0.02428267048763466,0.00858374369139181,-0.008386055779793011,-0.8100000000000005
2024-06-13,4.68,4.24,2.03,5.33,5433.74,17667.56,11.94,124.0235,79.61,2316.35,-0.4399999999999995,-0.07000000000000028,-0.10000000000000053,-0.0699999999999994,-0.13999999999999968,-0.06000000000000005,-0.040000000000000036,0.0,0.0,8.881784197001252e-16,-0.03999999999999915,0.0023418286723053683,0.0254681619747803,0.003351857089853638,0.056422074083414486,0.0015654443530506157,0.02283428962637135,0.0006261808571679239,-0.02864025542652726,0.0006282591147153127,-0.015455872922628622,-0.09999999999999964
2024-06-14,4.67,4.2,2.03,5.33,5431.6,17688.88,12.66,124.1694,79.41,2316.9,-0.46999999999999975,-0.009999999999999787,-0.16000000000000014,-0.040000000000000036,-0.21999999999999975,0.0,-0.07000000000000028,0.0,0.0,-0.03000000000000025,-0.05999999999999961,-0.00039391312700232106,0.02391013840695777,0.0012060039180443738,0.05836794699752623,0.0011756985538751152,0.023912652135724244,0.00023741434309965115,-0.02760542634356078,-0.0025154081933669303,-0.02793998098430972,0.7200000000000006
2024-06-17,4.75,4.28,2.06,5.33,5473.23,17857.02,12.75,124.239,81.33,2320.7,-0.46999999999999975,0.08000000000000007,-0.07000000000000028,0.08000000000000007,-0.16000000000000014,0.03000000000000025,-0.04999999999999982,0.0,0.0,0.0,-0.08999999999999986,0.007635185920104703,0.030629328258717337,0.009460514661945751,0.061323225587948116,0.0005603675384673323,0.02452663581480774,0.0016387790453853412,-0.051910374605480314,0.02389064727156409,-0.0007374631602665715,0.08999999999999986
2024-06-18,4.69,4.22,2.01,5.33,5487.03,17862.23,12.3,123.9776,82.67,2312.05,-0.47000000000000064,-0.05999999999999961,-0.1299999999999999,-0.0600000000000005,-0.1900000000000004,-0.050000000000000266,-0.08000000000000007,0.0,0.0,-8.881784197001252e-16,-0.0600000000000005,0.002518189767846124,0.030648819699173657,0.00029171945306671887,0.059369757198703965,-0.002106225745055035,0.02118055074705172,-0.00373428743271198,-0.04441321143533372,0.01634182708589993,0.024613989819362025,-0.4499999999999993
2024-06-19,,,,,,,12.48,,,2328.6,,,,,,,,,,,,,,,,,,0.007132651746914576,-0.036121451244111036,,,0.17999999999999972
2024-06-20,4.7,4.25,2.0,5.33,5473.17,17721.59,13.28,124.192,83.34,2332.95,-0.4500000000000002,,-0.20999999999999996,,-0.21999999999999975,,-0.16999999999999993,,0.0,,-0.009999999999999787,,0.03823756189229677,,0.05721978984722931,,0.019877884572667703,0.0018663325557630728,-0.01229047900850233,,0.07303786135049695,0.7999999999999989
2024-06-21,4.7,4.25,2.02,5.33,5464.62,17689.36,13.2,124.1086,81.71,2364.0,-0.4500000000000002,0.0,-0.22999999999999954,0.0,-0.20999999999999996,0.020000000000000018,-0.1200000000000001,0.0,0.0,0.0,0.019999999999999574,-0.0015633874377698476,0.0296975955394565,-0.0018203413859207984,0.044420285489788824,-0.0006717664245377009,0.020278581864205947,0.013221538367309549,0.0103110134886224,-0.019752232597691766,0.04033257813950808,-0.08000000000000007
2024-06-24,4.71,4.25,2.03,5.33,5447.87,17496.82,13.33,123.7125,82.63,2327.2,-0.45999999999999996,0.009999999999999787,,0.0,,0.009999999999999787,,0.0,,-0.009999999999999787,,-0.0030698792217993542,,-0.010944178753522493,,-0.003196663539148048,,-0.015689271344996314,,0.011196417316477358,,0.13000000000000078
2024-06-25,4.65,4.23,2.01,5.33,5469.3,17717.65,12.84,123.9417,81.97,2332.4,-0.41999999999999993,-0.05999999999999961,-0.29000000000000004,-0.019999999999999574,-0.3099999999999996,-0.020000000000000018,-0.1900000000000004,0.0,0.0,0.040000000000000036,-0.019999999999999574,0.003925930900576802,0.030304843172753948,0.01254216774045247,0.04017924528058181,0.0018509685314294089,0.020473328688511927,0.002231952167008444,-0.005259681578689168,-0.008019484048154446,0.01313950260049257,-0.4900000000000002
2024-06-26,4.71,4.32,2.06,5.33,5477.9,17805.16,12.55,124.26,82.19,2316.1,-0.3899999999999997,0.05999999999999961,-0.25,0.08999999999999986,-0.29000000000000004,0.050000000000000266,-0.18999999999999995,0.0,0.0,0.03000000000000025,-0.040000000000000036,0.0015711783413401292,0.03927036845059817,0.004926985057020161,0.05095767037880705,0.0025648508813089776,0.01701092174745078,-0.007013043694334087,-0.010650734137159112,0.0026803134954693775,0.02401149650672796,-0.28999999999999915
2024-06-27,4.7,4.29,2.03,5.33,5482.87,17858.68,12.24,124.3379,83.04,2310.55,-0.41000000000000014,-0.009999999999999787,-0.21999999999999975,-0.03000000000000025,-0.2599999999999998,-0.03000000000000025,-0.16000000000000014,0.0,0.0,-0.020000000000000462,-0.040000000000000036,0.0009068706560970696,0.04617015582923756,0.0030013616131316923,0.06486304719311775,0.0006267148881766715,0.019308917463042974,-0.0023991452399050317,-0.011617780894641605,0.010288779257169978,0.05038102429235192,-0.3100000000000005
2024-06-28,4.71,4.36,2.08,5.33,5460.48,17732.6,12.44,124.2103,82.83,2327.6,-0.34999999999999964,0.009999999999999787,-0.17999999999999972,0.07000000000000028,-0.14999999999999947,0.050000000000000266,-0.08000000000000007,0.0,0.0,0.0600000000000005,0.03000000000000025,-0.004091988512145761,0.03408230240557053,-0.0070849111013622235,0.057901223678289426,-0.0010267627060676077,0.017152095851532323,0.007352102368753499,-0.006551784490079093,-0.002532104807405844,0.06046617728866366,0.1999999999999993
2024-07-01,4.77,4.48,2.16,5.33,5475.09,17879.3,12.22,124.4667,84.7,2327.8,-0.28999999999999915,0.05999999999999961,-0.05000000000000071,0.1200000000000001,0.07000000000000028,0.08000000000000007,0.08000000000000007,0.0,0.0,0.0600000000000005,0.120000000000001,0.002672015942936312,0.03563888405152049,0.008238865649893512,0.06055963956043087,0.0020621134311396006,0.017145064441114855,8.592172536125986e-05,0.0013326170698624296,0.02232528704783654,0.11816681649271743,-0.21999999999999886
2024-07-02,4.74,4.43,2.13,5.33,5509.01,18028.76,12.03,124.2917,84.09,2329.0,-0.3100000000000005,-0.02999999999999936,-0.02999999999999936,-0.05000000000000071,0.09999999999999964,-0.03000000000000025,0.10999999999999988,0.0,0.0,-0.02000000000000135,0.129999999999999,0.006176219776783398,0.040313411778738484,0.00832464149420531,0.06719929366445143,-0.0014069878956401993,0.01268025344156598,0.0005153753764650659,-0.0006438459284545672,-0.007227947813202462,0.12418055216360102,-0.19000000000000128
2024-07-03,4.71,4.36,2.09,5.33,5537.02,18188.3,12.09,123.7768,85.19,2342.55,-0.34999999999999964,-0.03000000000000025,-0.009999999999999787,-0.0699999999999994,0.07000000000000028,-0.040000000000000036,0.09999999999999987,0.0,0.0,-0.03999999999999915,0.08000000000000007,0.005071516198198012,0.03360690152887713,0.008810269633585222,0.0565728823353826,-0.004151278694748406,0.010092217263731662,0.005801088717623415,0.004406612760893935,0.012996402209942914,0.1263298443364409,0.0600000000000005
2024-07-04,,,,,,,12.26,,,2357.2,,,,,,,,,,,,,,,,,,0.00623439436179396,-0.001547249701960851,,,0.16999999999999993
2024-07-05,4.6,4.28,2.0,5.33,5567.19,18352.76,12.48,123.4762,84.44,2365.35,-0.3199999999999994,,-0.27000000000000046,,-0.14999999999999947,,-0.1299999999999999,,0.0,,0.120000000000001,,0.04035665255454646,,0.06876595589135981,,-0.0005894135667752209,0.003451528555946659,0.01163013948769187,,0.09835840215828995,0.22000000000000064
2024-07-08,4.62,4.28,2.01,5.33,5572.85,18403.74,12.37,123.3576,83.63,2371.65,-0.33999999999999986,0.020000000000000462,-0.25,0.0,-0.1899999999999995,0.009999999999999787,-0.15000000000000036,0.0,0.0,-0.020000000000000462,0.0600000000000005,0.0010161544279974066,0.038795240457936586,0.0027739329201459384,0.06807891767255647,-0.0009609705731294937,-0.0044882169861706345,0.002659912904558581,0.03169905396870387,-0.009638915586685393,0.06012402968769237,-0.11000000000000121
2024-07-09,4.62,4.3,2.04,5.33,5576.98,18429.29,12.51,123.4071,82.78,2362.4,-0.3200000000000003,0.0,-0.1899999999999995,0.019999999999999574,-0.08999999999999986,0.03000000000000025,-0.08000000000000007,0.0,0.0,0.019999999999999574,0.09999999999999964,0.0007408185037576231,0.03682930411823726,0.0013873419644294671,0.06072056744555532,0.0004011919100577188,-0.0050743313349617125,-0.003907863994551342,0.025682562300250567,-0.010215821072848463,0.04825877602620654,0.14000000000000057
2024-07-10,4.62,4.28,2.01,5.33,5633.91,18647.45,12.85,123.1895,83.39,2372.9,-0.33999999999999986,0.0,-0.1299999999999999,-0.019999999999999574,-0.02999999999999936,-0.03000000000000025,-0.08000000000000007,0.0,0.0,-0.019999999999999574,0.10000000000000053,0.010156283642139385,0.03851786058849349,0.011768160724768606,0.05733107496553558,-0.0017648260882614508,-0.005181799230464357,0.004434784367999711,0.024746345754651955,0.00734191177830823,0.04701694411312296,0.33999999999999986
2024-07-11,4.5,4.2,1.95,5.33,5584.54,18283.41,12.92,122.769,83.92,2383.55,-0.2999999999999998,-0.1200000000000001,-0.17999999999999972,-0.08000000000000007,-0.040000000000000036,-0.05999999999999983,-0.07999999999999985,0.0,0.0,0.040000000000000036,0.13999999999999968,-0.008801629230175578,0.027374402686012544,-0.019715316220343837,0.0342639016553381,-0.003419279347438575,-0.010166522930953548,0.004478137181159525,0.028598302078643556,0.006335565989147085,0.05272425098755473,0.07000000000000028
2024-07-12,4.45,4.18,1.94,5.33,5615.35,18398.45,12.46,122.4404,83.49,2404.15,-0.27000000000000046,-0.04999999999999982,-0.21999999999999975,-0.020000000000000462,-0.020000000000000462,-0.010000000000000009,-0.08999999999999986,0.0,0.0,0.02999999999999936,0.1999999999999993,0.005501853628775422,0.03327016944179029,0.006272330637521861,0.03933022837481559,-0.0026801598690875394,-0.014022381353916202,0.008605437736331822,0.03696632547187573,-0.00513709988213229,0.05010255929878937,-0.4599999999999991
2024-07-15,4.44,4.23,1.96,5.33,5631.22,18472.57,13.12,122.6347,83.22,2408.5,-0.20999999999999996,-0.009999999999999787,-0.3099999999999996,0.05000000000000071,-0.04999999999999982,0.020000000000000018,-0.10000000000000009,0.0,0.0,0.0600000000000005,0.2599999999999998,0.0028221956620431143,0.028457179183728698,0.004020507153997599,0.03389022086686744,0.0015856367351050338,-0.012997112157278501,0.0018077363550714765,0.03713528278156186,-0.0032391606511144033,0.022972751376110878,0.6599999999999984
2024-07-16,4.43,4.17,1.91,5.33,5667.2,18509.34,13.19,122.7264,81.92,2439.35,-0.2599999999999998,-0.010000000000000675,-0.2600000000000007,-0.0600000000000005,-0.04999999999999982,-0.050000000000000044,-0.09999999999999987,0.0,0.0,-0.04999999999999982,0.21000000000000085,0.006369053660041146,0.03230804307592372,0.0019885404575692434,0.03558704187136996,0.0007474697844891409,-0.010143416627734325,0.012727463285313156,0.053597033499587,-0.01574454226359734,-0.00911361797338639,0.07000000000000028
2024-07-17,4.42,4.16,1.9,5.33,5588.27,17996.92,14.48,122.518,84.16,2470.35,-0.2599999999999998,-0.009999999999999787,,-0.009999999999999787,,-0.010000000000000009,,0.0,,0.0,,-0.014025410555021267,,-0.028074837403879727,,-0.0016995295318622539,,0.01262823063273899,0.059092612385411414,0.026976587698202437,,1.290000000000001
2024-07-18,4.46,4.2,1.89,5.33,5544.59,17871.22,15.93,122.7909,84.17,2466.95,-0.2599999999999998,0.040000000000000036,-0.2400000000000002,0.040000000000000036,-0.04999999999999982,-0.010000000000000009,-0.1100000000000001,0.0,0.0,0.0,0.1900000000000004,-0.00784708046968241,0.012964704327288246,-0.007009034457896135,0.008407927414824101,0.0022249507668128388,-0.011345846453835406,-0.0013772711957740214,0.05584900863387432,0.00011881423408510727,0.009909937229177324,1.4499999999999993
2024-07-19,4.49,4.25,1.93,5.33,5505.0,17726.94,16.52,123.147,81.43,2415.8,-0.2400000000000002,0.03000000000000025,-0.20999999999999996,0.04999999999999982,0.0,0.040000000000000036,-0.09000000000000008,0.0,0.0,0.019999999999999574,0.20999999999999996,-0.007165907407030048,0.0073621843580280455,-0.008106081327518666,0.0021221874732262336,0.0028958550012321282,-0.007778225028065577,-0.02095207462137516,0.02167539564518961,-0.03309480774444484,-0.0034326379175757538,0.5899999999999999
2024-07-22,4.5,4.26,1.96,5.33,5564.41,18007.57,14.91,123.2172,81.25,2401.4,-0.2400000000000002,0.009999999999999787,-0.20999999999999996,0.009999999999999787,0.009999999999999787,0.030000000000000027,-0.06999999999999984,0.0,0.0,0.0,0.21999999999999975,0.010734189165974684,0.021166252745802083,0.015706708684556148,0.028773074911304874,0.0005698880105144966,-0.004011673478403033,-0.00597859457456007,0.031386072415625854,-0.002212934269193667,-0.01684198950324678,-1.6099999999999994
2024-07-23,4.4,4.25,1.96,5.33,5555.74,17997.35,14.72,123.3843,78.24,2404.45,-0.15000000000000036,-0.09999999999999964,-0.25,-0.009999999999999787,0.019999999999999574,0.0,-0.04999999999999982,0.0,0.0,0.08999999999999986,0.2699999999999996,-0.0015593317997986134,0.015680990045426668,-0.0005677002073305459,0.01566320696352186,0.0013552231075237842,-0.0045074189023086575,0.0012692865609551518,0.030423406809572562,-0.03774979548328439,-0.04657230093837672,-0.1899999999999995
2024-07-24,4.37,4.28,2.0,5.33,5427.13,17342.41,18.04,123.5575,78.78,2411.3,-0.08999999999999986,-0.03000000000000025,-0.33999999999999986,0.03000000000000025,-0.040000000000000036,0.040000000000000036,-0.06000000000000005,0.0,0.0,0.0600000000000005,0.2999999999999998,-0.0234211784438898,-0.009311366739803262,-0.0370695781350463,-0.026333356228544602,0.0014027599086183784,-0.005669509874999257,0.002844833980086392,0.04028128448399304,0.0068781318161974525,-0.042374482617648646,3.3199999999999985
2024-07-25,4.41,4.27,1.99,5.33,5399.22,17181.72,18.46,123.5286,79.43,2371.25,-0.14000000000000057,0.040000000000000036,-0.29000000000000004,-0.010000000000000675,-0.020000000000000462,-0.010000000000000009,-0.039999999999999813,0.0,0.0,-0.05000000000000071,0.2699999999999996,-0.005155950404247989,-0.01537418780014832,-0.009308918741410821,-0.038643636583087115,-0.00023392655541432106,-0.006530151318590249,-0.01674877888843529,0.025931650835462783,0.008216973102281422,-0.0444462887725372,0.4200000000000017
2024-07-26,4.36,4.2,1.93,5.33,5459.1,17357.88,16.39,123.672,78.58,2374.55,-0.16000000000000014,-0.04999999999999982,-0.34999999999999964,-0.0699999999999994,-0.16000000000000014,-0.06000000000000005,-0.15000000000000013,0.0,0.0,-0.019999999999999574,0.1899999999999995,0.011029442312487703,-0.0002527569755148562,0.01020055400007358,-0.02135817148165131,0.0011601914888981213,-0.00434319712362452,0.001390703582901054,0.019970252049610338,-0.010758916514727268,-0.052673100479858626,-2.0700000000000003
2024-07-29,4.36,4.17,1.92,5.33,5463.54,17370.2,16.6,124.1392,77.27,2392.1,-0.1900000000000004,0.0,-0.40999999999999925,-0.03000000000000025,-0.3100000000000005,-0.010000000000000009,-0.2400000000000002,0.0,0.0,-0.03000000000000025,0.09999999999999876,0.0008129903108695657,-0.0021117826075816026,0.0007095123322020669,-0.028887524799342756,0.003770616933670645,-0.0026346936210934757,0.007363695384616342,0.02724802570886542,-0.01681143218482095,-0.09180981971251612,0.21000000000000085
2024-07-30,4.35,4.15,1.9,5.33,5436.44,17147.42,17.69,124.2855,76.17,2389.15,-0.1999999999999993,-0.010000000000000675,-0.39000000000000057,-0.019999999999999574,-0.27999999999999936,-0.020000000000000018,-0.22999999999999998,0.0,0.0,-0.009999999999998899,0.11000000000000121,-0.004972496433737206,-0.013260498818102207,-0.012908369314169832,-0.0501205356077179,0.0011778218261957463,-4.988389925753012e-05,-0.0012339870846895806,0.025498663247710773,-0.014338097560796292,-0.09891996946010995,1.0899999999999999
2024-07-31,4.29,4.09,1.85,5.33,5522.3,17599.4,16.36,123.6373,79.36,2419.6,-0.20000000000000018,-0.05999999999999961,-0.41999999999999993,-0.0600000000000005,-0.27000000000000046,-0.04999999999999982,-0.23999999999999977,0.0,0.0,-8.881784197001252e-16,0.14999999999999947,0.015670005291918088,-0.0026620097243821306,0.02601708557657112,-0.032913719664732,-0.00522905902143922,-0.0011276642259483438,0.012664583100707283,0.03236215763079464,0.041026778591921165,-0.0708895930781317,-1.3300000000000018
2024-08-01,4.16,3.99,1.79,5.33,5446.68,17194.15,18.59,123.8693,77.74,2434.0,-0.16999999999999993,-0.1299999999999999,,-0.09999999999999964,,-0.06000000000000005,,0.0,,0.03000000000000025,,-0.013788191433052432,,-0.02329560086622884,,0.0018746980318651296,,0.005933757314712906,0.03206152058371359,-0.0206245375525409,,2.2300000000000004
2024-08-02,3.88,3.8,1.76,5.33,5346.56,16776.16,23.39,123.4681,74.99,2461.75,-0.08000000000000007,-0.28000000000000025,-0.7199999999999998,-0.1900000000000004,-0.4800000000000004,-0.030000000000000027,-0.24,0.0,0.0,0.08999999999999986,0.23999999999999932,-0.018552885294603527,-0.040437074865234734,-0.024610378699110314,-0.08982114092109938,-0.003244154356520923,-6.560183817061471e-05,0.0113364845804389,0.03994647660820583,-0.03601515411077916,-0.11868645166682246,4.800000000000001
2024-08-05,3.89,3.78,1.71,5.33,5186.33,16200.08,38.57,123.5787,74.46,2421.75,-0.11000000000000032,0.010000000000000231,-0.73,-0.020000000000000018,-0.5000000000000004,-0.050000000000000044,-0.2999999999999998,0.0,0.0,-0.03000000000000025,0.22999999999999954,-0.030427045496882243,-0.07188027479011438,-0.034942650490817684,-0.127537724332063,0.0008953769681614432,0.0017907457031203222,-0.016382059821416384,0.020904503882230863,-0.0070927028687268745,-0.11614023894886394,15.18
2024-08-06,3.99,3.9,1.78,5.33,5240.03,16366.85,27.71,123.6532,74.6,2414.15,-0.0900000000000003,0.10000000000000009,-0.6299999999999999,0.1200000000000001,-0.3999999999999999,0.07000000000000006,-0.26,0.0,0.0,0.020000000000000018,0.22999999999999998,0.010300905557720341,-0.062320187736151667,0.01024176720120451,-0.11868329909528796,0.0006026730551758064,0.00199222684823841,-0.0031431610484053962,0.021669206828376808,0.0018784387651447076,-0.10404597911087077,-10.86
2024-08-07,4.0,3.96,1.85,5.33,5199.5,16195.81,27.85,123.5698,76.68,2392.85,-0.040000000000000036,0.009999999999999787,-0.6200000000000001,0.06000000000000005,-0.3200000000000003,0.07000000000000006,-0.1599999999999997,0.0,0.0,0.050000000000000266,0.2999999999999998,-0.007764756389251559,-0.08024122776754261,-0.010505380889529903,-0.14095684070958647,-0.0006746945321731701,0.0030823584043266905,-0.008862134139272726,0.00837228832110437,0.02750041096772815,-0.08388747992145085,0.14000000000000057
2024-08-08,4.04,3.99,1.87,5.33,5319.31,16660.02,23.79,123.4466,77.64,2396.3,-0.04999999999999982,0.040000000000000036,-0.45999999999999996,0.03000000000000025,-0.20999999999999996,0.020000000000000018,-0.07999999999999985,0.0,0.0,-0.009999999999999787,0.25,0.022781128575607212,-0.04865846996175982,0.028259270408742765,-0.09298225408049987,-0.0009975047018375705,0.005504133049927695,0.0014407569597061354,0.005334908099650981,0.012441840123366354,-0.07778120578723158,-4.060000000000002
2024-08-09,4.05,3.94,1.84,5.33,5344.16,16745.3,20.37,122.9276,78.28,2423.45,-0.10999999999999988,0.009999999999999787,-0.40000000000000036,-0.050000000000000266,-0.23999999999999977,-0.030000000000000027,-0.09999999999999987,0.0,0.0,-0.06000000000000005,0.1600000000000006,0.004660780212150328,-0.049499543378384914,0.005105784663273383,-0.09414880005474835,-0.004213109714410024,0.003971183204605211,0.01126626367573813,0.00799573403905729,0.008209384227065186,-0.0644347216780341,-3.419999999999998
2024-08-12,4.01,3.9,1.79,5.33,5344.39,16780.61,20.71,123.2204,81.45,2442.1,-0.10999999999999988,-0.040000000000000036,-0.4300000000000006,-0.040000000000000036,-0.3300000000000005,-0.050000000000000044,-0.16999999999999993,0.0,0.0,0.0,0.10000000000000009,4.3036707511490135e-05,-0.05227870233291654,0.002106431297825395,-0.09606287591092055,0.002379057624697367,0.004764604094197544,0.007666180118909516,0.013854177802895329,0.03969719252017878,-0.021498368506740917,0.33999999999999986
2024-08-13,3.93,3.85,1.76,5.33,5434.43,17187.61,18.12,123.0146,79.81,2460.55,-0.08000000000000007,-0.07999999999999963,-0.49999999999999956,-0.04999999999999982,-0.31999999999999984,-0.030000000000000027,-0.1499999999999999,0.0,0.0,0.029999999999999805,0.17999999999999972,0.016707226654933294,-0.04194052933802439,0.023964722227043822,-0.07408669414144597,-0.0016715742921995513,0.002345560017508852,0.0075265772993446944,0.008653291816926867,-0.020340525160136735,-0.026094351403280314,-2.59
2024-08-14,3.94,3.83,1.77,5.33,5455.21,17192.6,16.19,122.4297,78.47,2472.0,-0.10999999999999988,0.009999999999999787,-0.48,-0.020000000000000018,-0.33000000000000007,0.010000000000000009,-0.1299999999999999,0.0,0.0,-0.029999999999999805,0.1499999999999999,0.0038164760676338005,-0.024098642715369323,0.0002902832783764353,-0.04572157345918981,-0.004766059812205903,-0.0007209702628347969,0.004642637405066097,0.0006676985892539733,-0.01693242374853554,-0.07000336285001829,-1.9299999999999997
2024-08-15,4.08,3.92,1.8,5.33,5543.22,17594.5,15.23,122.5844,79.66,2456.25,-0.16000000000000014,0.14000000000000012,-0.3799999999999999,0.08999999999999986,-0.28000000000000025,0.030000000000000027,-0.08999999999999986,0.0,0.0,-0.050000000000000266,0.09999999999999964,0.016004444012784447,-0.0002471182329024657,0.023107294521119925,-0.015605244480173752,0.001262784636128167,-0.0016831363935194688,-0.006391742960009772,-0.004346773174981777,0.015051191614116277,-0.05507098546998712,-0.9600000000000009
2024-08-16,4.06,3.89,1.81,5.33,5554.25,17631.72,14.8,122.3972,78.05,2462.15,-0.16999999999999948,-0.020000000000000462,-0.4300000000000006,-0.029999999999999805,-0.3599999999999999,0.010000000000000009,-0.11999999999999988,0.0,0.0,-0.009999999999999343,0.07000000000000073,0.001987841126329215,0.008906630300456797,0.002113199420819001,-0.005385963731836085,-0.0015282783395642596,-0.006107269734315857,0.0023991553472697547,0.019004456793663138,-0.020417930792056893,-0.04239410851759917,-0.4299999999999997
2024-08-19,4.06,3.86,1.79,5.33,5608.25,17876.77,14.65,121.8788,75.82,2500.05,-0.19999999999999973,0.0,-0.4400000000000004,-0.03000000000000025,-0.3999999999999999,-0.020000000000000018,-0.16999999999999993,0.0,0.0,-0.03000000000000025,0.04000000000000048,0.009675327436177383,0.007847768570659497,0.013802552030213633,-0.0072901203861786,-0.004244385680455487,-0.01092154342528584,0.01527577969145355,0.04025883105967676,-0.028987536873252395,-0.0691687111216579,-0.15000000000000036
2024-08-20,3.99,3.82,1.75,5.33,5597.12,17816.94,15.88,121.7728,75.27,2521.55,-0.17000000000000037,-0.0699999999999994,-0.41000000000000014,-0.040000000000000036,-0.43000000000000016,-0.040000000000000036,-0.20999999999999996,0.0,0.0,0.02999999999999936,-0.020000000000000018,-0.0019865481747167735,0.007420552195741337,-0.003352414530974457,-0.010074834709822511,-0.0008700948952311549,-0.01314686142804078,0.008563060130471811,0.04755260462919342,-0.007280461041747621,-0.038699376680121134,1.2300000000000004
2024-08-21,3.92,3.79,1.72,5.33,5620.85,17918.99,16.27,121.8535,72.76,2507.65,-0.1299999999999999,-0.07000000000000028,-0.4500000000000002,-0.029999999999999805,-0.4900000000000002,-0.030000000000000027,-0.28,0.0,0.0,0.04000000000000048,-0.040000000000000036,0.004230718284185642,0.03507244892381678,0.005711354225400811,0.0327060976506246,0.0006624900755918262,-0.013887131261067331,-0.005527732201468183,0.03918003844763884,-0.03391529539651916,-0.07949280389283775,0.3899999999999988
2024-08-22,3.99,3.86,1.76,5.33,5570.64,17619.35,17.55,122.3626,73.72,2505.1,-0.13000000000000034,0.07000000000000028,-0.41999999999999993,0.06999999999999984,-0.4099999999999997,0.040000000000000036,-0.22999999999999998,0.0,0.0,-4.440892098500626e-16,0.010000000000000231,-0.00897294942546445,0.03125544990260032,-0.016863314421524223,0.025151701970511198,0.004169264331578049,-0.009483940374074962,-0.0010174057034406658,0.05491141163263347,0.01310777915170025,-0.07460199784341892,1.2800000000000011
2024-08-23,3.9,3.81,1.68,5.33,5634.61,17877.79,15.86,121.4597,75.82,2500.3,-0.08999999999999986,-0.0900000000000003,-0.4600000000000004,-0.04999999999999982,-0.3900000000000001,-0.08000000000000007,-0.25,0.0,0.0,0.04000000000000048,0.07000000000000028,0.011417986208501318,0.031643993798613934,0.014561430386587304,0.02951257835702492,-0.007406247313634928,-0.01805037917660801,-0.0019179292249891233,0.05160277882474329,0.028087977286566534,-0.03575510404212512,-1.6900000000000013
2024-08-26,3.91,3.82,1.67,5.33,5616.84,17725.76,16.15,121.6943,78.4,,-0.0900000000000003,0.010000000000000231,-0.4500000000000002,0.009999999999999787,-0.3500000000000001,-0.010000000000000009,-0.25,0.0,0.0,-4.440892098500626e-16,0.10000000000000009,-0.0031587066155740473,0.02767229687217032,-0.008540211525382091,0.020262854499440763,0.0019296418960390582,-0.019891354214239598,,,0.03346181726817399,0.01451814541086982,0.28999999999999915
2024-08-27,3.83,3.83,1.68,5.33,5625.8,17754.82,15.43,121.8672,76.5,2510.3,0.0,-0.08000000000000007,-0.5199999999999996,0.010000000000000231,-0.3200000000000003,0.010000000000000009,-0.21999999999999997,0.0,0.0,0.0900000000000003,0.1999999999999993,0.0015939320118754097,0.034238725317782936,0.0016380795634152179,0.03480930337702581,0.001419764856460226,-0.01964941118397512,,0.049464613763953835,-0.024533186523872708,0.004323056447793405,-0.7199999999999989
2024-08-28,3.83,3.84,1.69,5.33,5592.18,17556.03,17.11,121.8943,75.49,2509.55,0.009999999999999787,0.0,-0.45999999999999996,0.009999999999999787,-0.25,0.010000000000000009,-0.16000000000000014,0.0,0.0,0.009999999999999787,0.20999999999999996,-0.0059939669454234235,0.012574753080441425,-0.011259547712336726,-0.0024673299118820324,0.00022234848498747795,-0.01419800367754842,-0.0002988137117965195,0.03650121695145003,-0.013290543680956723,-0.04999426582508448,1.6799999999999997
2024-08-29,3.87,3.87,1.71,5.33,5591.96,17516.43,15.65,122.2333,76.9,2517.05,0.0,0.040000000000000036,-0.29000000000000004,0.03000000000000025,-0.1200000000000001,0.020000000000000018,-0.08000000000000007,0.0,0.0,-0.009999999999999787,0.16999999999999993,-3.934142455719325e-05,0.026323603088936665,-0.0022581830204089215,0.018570087933937884,0.002777237951740119,-0.013295463757673431,0.0029841266723558135,0.03355158630909294,0.018505679360065308,-0.010864048912478275,-1.459999999999999
2024-08-30,3.91,3.91,1.76,5.33,5648.4,17713.62,15.0,122.3262,74.52,2524.15,0.0,0.040000000000000036,0.03000000000000025,0.040000000000000036,0.11000000000000032,0.050000000000000044,0.0,0.0,0.0,0.0,0.08000000000000007,0.010042467382856302,0.05491895576639649,0.011194537576775687,0.054375004209823885,0.0007597333529751893,-0.009291576048177319,0.002816791515697581,0.025031893244351622,-0.03143833077821068,-0.006287225579909794,-0.6500000000000004
2024-09-02,,,,,,,15.55,,,2502.0,,,,,,,,,,,,,,,,,,-0.008813960345406713,0.03259999272036129,,,0.5500000000000007
2024-09-03,3.88,3.84,1.73,5.33,5528.93,17136.3,20.72,122.7811,71.28,2503.25,-0.040000000000000036,,-0.11000000000000032,,-0.06000000000000005,,-0.050000000000000044,,0.0,,0.050000000000000266,,0.05366708325097669,,0.045941072855994136,,-0.0070777780580613125,0.0004994755610558954,0.036242629329822584,,-0.045524724047161236,5.169999999999998
2024-09-04,3.76,3.77,1.7,5.33,5520.07,17084.3,21.32,122.5144,70.11,2474.45,0.010000000000000231,-0.1200000000000001,-0.2400000000000002,-0.06999999999999984,-0.18999999999999995,-0.030000000000000027,-0.15000000000000013,0.0,0.0,0.050000000000000266,0.050000000000000266,-0.0016037653903602234,0.059828074249868024,-0.003039107439578359,0.05340734630594568,-0.0021745209764700846,-0.008577604502358227,-0.011571738502359707,0.0335330249667356,-0.01655034594367777,-0.08957548095856716,0.6000000000000014
2024-09-05,3.75,3.73,1.7,5.33,5503.41,17127.66,19.9,122.4533,70.09,2516.85,-0.020000000000000018,-0.009999999999999787,-0.29000000000000004,-0.040000000000000036,-0.26000000000000023,0.0,-0.17000000000000015,0.0,0.0,-0.03000000000000025,0.029999999999999805,-0.0030226412501868083,0.034024304424074,0.002534787437854291,0.027682863335057206,-0.0004988412861530733,-0.00807894108667373,0.016989970518264563,0.04908223852529403,-0.00028530670664306257,-0.10230262778857657,-1.4200000000000017
2024-09-06,3.66,3.72,1.69,5.33,5408.42,16690.83,22.38,122.4991,68.58,2517.7,0.06000000000000005,-0.08999999999999986,-0.3899999999999997,-0.009999999999999787,-0.21999999999999975,-0.010000000000000009,-0.15000000000000013,0.0,0.0,0.08000000000000007,0.16999999999999993,-0.017410901670867673,0.011952622541056002,-0.025835233738524366,-0.0032581550667405423,0.00037395020856045846,-0.0034918811637032476,0.00033766672615254123,0.03815364157570844,-0.02177918347745944,-0.1322911954931012,2.4800000000000004
2024-09-09,3.68,3.7,1.66,5.33,5471.05,16884.6,19.45,122.7156,69.65,2496.65,0.020000000000000018,0.020000000000000018,-0.3299999999999996,-0.020000000000000018,-0.19999999999999973,-0.030000000000000027,-0.13000000000000012,0.0,0.0,-0.040000000000000036,0.1299999999999999,0.011513555690020993,0.023423141523565505,0.011542497076842295,0.006177910712276358,0.001765799980627314,-0.004105138807773301,-0.008395953076518303,0.022091508380280622,0.015481753191040504,-0.15650663482223948,-2.9299999999999997
2024-09-10,3.59,3.65,1.63,5.33,5495.52,17025.88,19.08,123.0071,66.73,2502.35,0.06000000000000005,-0.0900000000000003,-0.3400000000000003,-0.050000000000000266,-0.20000000000000018,-0.030000000000000027,-0.13000000000000012,0.0,0.0,0.040000000000000036,0.14000000000000012,0.004462660724490419,0.01117857559312263,0.008332575501317052,-0.009454236013450412,0.0023725942840666647,-6.0970231507084804e-05,0.002280457079507414,0.016845388160443342,-0.04282807331029925,-0.178994182972402,-0.370000000000001
2024-09-11,3.62,3.65,1.61,5.33,5554.13,17395.53,17.69,122.7754,68.25,2521.9,0.029999999999999805,0.03000000000000025,-0.31999999999999984,0.0,-0.18000000000000016,-0.019999999999999796,-0.15999999999999992,0.0,0.0,-0.03000000000000025,0.13999999999999968,0.010608580303038906,0.017970679828527736,0.021478737272326853,0.011734217980500006,-0.0018854073714482666,0.0028196822092505514,0.007782295335203138,0.019985046090580383,0.022522807149553792,-0.13953895207431266,-1.389999999999997
2024-09-12,3.64,3.68,1.63,5.33,5595.76,17569.68,17.07,122.4423,69.89,2516.55,0.040000000000000036,0.020000000000000018,-0.43999999999999995,0.03000000000000025,-0.23999999999999977,0.019999999999999796,-0.17000000000000015,0.0,0.0,0.010000000000000231,0.20000000000000018,0.007467372942029371,0.00943360875777266,0.009961412505129275,-0.0014116640354906451,-0.0027167713006033267,-0.0011598737274809423,-0.0021236697836419793,0.024253119266948175,0.023745143423968607,-0.13084500026446033,-0.620000000000001
2024-09-13,3.57,3.66,1.58,5.33,5626.02,17683.98,16.56,121.6551,69.59,2571.35,0.0900000000000003,-0.07000000000000028,-0.48999999999999977,-0.020000000000000018,-0.22999999999999998,-0.04999999999999982,-0.22999999999999998,0.0,0.0,0.050000000000000266,0.2599999999999998,0.00539309687837175,0.012838864509815195,0.006484455827196811,0.002959592370887165,-0.006449906709724118,-0.006081502097640801,0.021542136916083088,0.04339610083576151,-0.004301698632279027,-0.11472876810468247,-0.5100000000000016
2024-09-16,3.56,3.63,1.54,5.33,5633.09,17592.13,17.14,121.4976,71.1,2587.45,0.06999999999999984,-0.009999999999999787,-0.49999999999999956,-0.03000000000000025,-0.22999999999999998,-0.040000000000000036,-0.25,0.0,0.0,-0.020000000000000462,0.2699999999999996,0.0012558720767881226,0.004419409150425935,-0.005207502049755064,-0.01605046170908153,-0.00129548240284727,-0.003132598820032584,0.006241781914819278,0.034362103059127236,0.02146645795243618,-0.06427477327899389,0.5800000000000018
2024-09-17,3.59,3.65,1.53,5.33,5634.58,17628.06,17.61,121.6031,72.16,2575.5,0.06000000000000005,0.029999999999999805,-0.40000000000000036,0.020000000000000018,-0.16999999999999993,-0.010000000000000009,-0.21999999999999997,0.0,0.0,-0.009999999999999787,0.23000000000000043,0.00026447349073777104,0.006670430815880479,0.0020403077021597937,-0.010657739475947281,0.0008679531290791687,-0.0013945507957222603,-0.0046291447097823735,0.02116989821887305,0.01479853894517369,-0.04219577329207258,0.46999999999999886
2024-09-18,3.61,3.7,1.58,5.33,5618.26,17573.3,18.23,121.5618,71.87,2568.35,0.0900000000000003,0.020000000000000018,-0.31000000000000005,0.050000000000000266,-0.08999999999999986,0.050000000000000044,-0.1399999999999999,0.0,0.0,0.03000000000000025,0.2200000000000002,-0.002900603126386514,-0.00046089059469167637,-0.0031112459389284197,-0.01948033964027651,-0.0003396871867371587,-0.002396728058051245,-0.0027800206479211553,0.02391760977242008,-0.0040269442740168415,-0.012307422169570259,0.620000000000001
2024-09-19,3.59,3.73,1.56,4.83,5713.64,18013.98,16.33,121.3059,72.86,2590.6,0.14000000000000012,-0.020000000000000018,-0.40000000000000036,0.029999999999999805,-0.1299999999999999,-0.020000000000000018,-0.19999999999999996,-0.5,-0.5,0.04999999999999982,0.27000000000000046,0.016834291247587174,0.025346350078359947,0.02476741840236052,0.02215039318360823,-0.0021073209381086144,-0.008673313327737908,0.008625839738437335,0.03356085521429808,0.01368086010006575,-0.011734341221204758,-1.9000000000000021
2024-09-20,3.55,3.73,1.58,4.83,5702.55,17948.32,16.15,121.4052,72.72,2606.45,0.18000000000000016,-0.040000000000000036,-0.3500000000000001,0.0,-0.08000000000000007,0.020000000000000018,-0.09999999999999987,0.0,-0.5,0.040000000000000036,0.27,-0.001942855451501302,0.011985508418357327,-0.003651605873953301,0.003937356923067625,0.0008182568126509082,-0.0004488092014520717,0.006099633115812075,0.04157841755509928,-0.0019233417111941264,-0.04174566021896542,-0.17999999999999972
2024-09-23,3.57,3.75,1.58,4.83,5718.57,17974.27,15.89,121.4303,71.33,2617.25,0.18000000000000016,0.020000000000000018,-0.3400000000000003,0.020000000000000018,-0.06999999999999984,0.0,-0.08999999999999986,0.0,-0.5,0.0,0.27000000000000046,0.0028053309143558636,0.017949545948287238,0.0014447735819693719,0.013922342030419088,0.00020672430587342916,-0.0021717267916177008,0.004135005987496498,,-0.019299453579276538,-0.09450693106641594,-0.259999999999998
2024-09-24,3.49,3.74,1.55,4.83,5732.93,18074.52,15.39,121.1291,72.34,2628.55,0.25,-0.07999999999999963,-0.33999999999999986,-0.009999999999999787,-0.08999999999999986,-0.030000000000000027,-0.1299999999999999,0.0,-0.5,0.06999999999999984,0.25,0.002507969702996604,0.018863583639408432,0.005561920854248115,0.017846183321251985,-0.0024835166545864595,-0.006075008302664386,0.004308215135157667,0.046030095438616137,0.014060230234004933,-0.055913514308538304,-0.5
2024-09-25,3.53,3.79,1.61,4.83,5722.26,18082.21,15.41,121.4447,70.42,2653.8,0.26000000000000023,0.03999999999999959,-0.30000000000000027,0.04999999999999982,-0.04999999999999982,0.06000000000000005,-0.07999999999999985,0.0,-0.5,0.010000000000000231,0.25000000000000044,-0.0018629115860662182,0.022994638998765637,0.0004253703316621227,0.029531101365250834,0.002602096170936541,-0.0036952606167153235,0.009560211767714044,0.0558891209181267,-0.02689991279704529,-0.06952288342462687,0.019999999999999574
2024-09-26,3.6,3.79,1.63,4.83,5745.37,18190.29,15.37,121.0785,68.28,2668.9,0.18999999999999995,0.07000000000000028,-0.27,0.0,-0.08000000000000007,0.019999999999999796,-0.08000000000000007,0.0,-0.5,-0.07000000000000028,0.18999999999999995,0.0040304808028714945,0.027064461226194325,0.005959353221397734,0.03774863760705749,-0.0030199195648847876,-0.00949241813334023,0.0056738273840890585,0.058578821629859945,-0.030860415800666452,-0.11888897858535863,-0.040000000000000924
2024-09-27,3.55,3.75,1.6,4.83,5738.17,18119.59,16.96,121.1111,68.72,2660.55,0.20000000000000018,-0.050000000000000266,-0.3600000000000003,-0.040000000000000036,-0.16000000000000014,-0.029999999999999805,-0.15999999999999992,0.0,-0.5,0.010000000000000231,0.20000000000000018,-0.0012539688882462485,0.015768024955091775,-0.0038942618014008445,0.022659838228880957,0.00026921057053552744,-0.009982940915779892,-0.003133534166719798,0.052628495947442566,0.006423379749760372,-0.08102726805738758,1.5900000000000016
2024-09-30,3.66,3.81,1.63,4.83,5762.48,18189.17,16.73,121.2864,68.75,2650.15,0.1499999999999999,0.11000000000000032,,0.06000000000000005,,0.029999999999999805,,0.0,,-0.050000000000000266,,0.004227593432856835,,0.003832688594961553,,0.0014463848064520946,,-0.003916626167785431,0.05752583012506385,0.00043645887068066713,,-0.23000000000000043
2024-10-01,3.61,3.74,1.55,4.83,5708.75,17910.36,19.26,121.6881,70.41,2648.85,0.13000000000000034,-0.050000000000000266,-0.27,-0.06999999999999984,-0.09999999999999964,-0.07999999999999985,-0.17999999999999994,0.0,-0.5,-0.019999999999999574,0.17000000000000037,-0.009367852083837391,0.03200577875869293,-0.015447045649114699,0.044180295818170734,0.00330652283252153,-0.008941881290259523,-0.0004906586246766764,0.056535695939331276,0.023858561984360982,-0.012280484631512323,2.530000000000001
2024-10-02,3.63,3.79,1.58,4.83,5709.54,17925.12,18.9,121.5724,70.74,2655.1,0.16000000000000014,0.020000000000000018,-0.1299999999999999,0.04999999999999982,0.020000000000000018,0.030000000000000027,-0.11999999999999988,0.0,-0.5,0.029999999999999805,0.1499999999999999,0.00013837448536691,0.03374791863442006,0.0008237646508248986,0.04804316790857399,-0.0009512436973890814,-0.00771860401117852,0.002356735222923234,0.07046416966461422,0.004675885246292921,0.008945746558458367,-0.360000000000003
2024-10-03,3.7,3.85,1.64,4.83,5699.94,17918.48,20.49,122.1197,74.33,2644.0,0.1499999999999999,0.07000000000000028,-0.04999999999999982,0.06000000000000005,0.1200000000000001,0.05999999999999983,-0.06000000000000005,0.0,-0.5,-0.010000000000000231,0.16999999999999993,-0.001682811533125772,0.035087748351481096,-0.00037049850327264267,0.04513788196744706,0.004491741178162201,-0.0027280215468632463,-0.00418939677858976,0.049284802367759895,0.04950345495986763,0.05873450822496906,1.5899999999999999
2024-10-04,3.93,3.98,1.75,4.83,5751.07,18137.85,19.21,122.2197,74.93,2657.5,0.04999999999999982,0.22999999999999998,0.27,0.1299999999999999,0.2599999999999998,0.1100000000000001,0.06000000000000005,0.0,-0.5,-0.10000000000000009,-0.010000000000000231,0.008930275984438296,0.061428926006787066,0.012168332539975069,0.08314144824594649,0.0008185336100794416,-0.002283438145344263,0.005092909244526211,0.054040044886133565,0.008039705639016681,0.08855339734144518,-1.2799999999999976
2024-10-07,3.99,4.03,1.76,4.83,5695.94,17923.9,22.64,122.4241,77.76,2651.6,0.040000000000000036,0.06000000000000005,0.31000000000000005,0.050000000000000266,0.33000000000000007,0.010000000000000009,0.10000000000000009,0.0,-0.5,-0.009999999999999787,0.020000000000000018,-0.009632284107421896,0.04028308620934418,-0.01186589726411924,0.059733053904984956,0.0016710012480292136,-0.0023782368779423635,-0.0022225998488663024,0.060213398113785566,0.03707281577596433,0.11014445992636901,3.4299999999999997
2024-10-08,3.98,4.04,1.77,4.83,5751.13,18182.92,21.42,122.6625,74.26,2639.55,0.06000000000000005,-0.010000000000000231,0.3900000000000001,0.009999999999999787,0.3900000000000001,0.010000000000000009,0.14000000000000012,0.0,-0.5,0.020000000000000018,0.0,0.00964271689419327,0.04546314237904703,0.014347674117033193,0.0657481525207011,0.001945435410909191,-0.0028053957510998373,-0.004554783301355947,0.053378157732922205,-0.046054711403249016,0.10691782183341925,-1.2199999999999989
2024-10-09,3.99,4.06,1.77,4.83,5792.04,18291.62,20.86,122.8821,73.85,2617.55,0.0699999999999994,0.010000000000000231,0.3700000000000001,0.019999999999999574,0.4099999999999997,0.0,0.15999999999999992,0.0,-0.5,0.009999999999999343,0.03999999999999959,0.007088203896394418,0.04194276597240254,0.005960339557562477,0.05022975480593672,0.0017886775644706532,0.0008686891848190825,-0.0083696823068804,0.03722618009083867,-0.005536439771545609,0.07885857491231985,-0.5600000000000023
2024-10-10,3.98,4.09,1.76,4.83,5780.05,18282.05,20.93,123.0951,76.46,2617.25,0.10999999999999988,-0.010000000000000231,0.33999999999999986,0.03000000000000025,0.4099999999999997,-0.010000000000000009,0.13000000000000012,0.0,-0.5,0.04000000000000048,0.06999999999999984,-0.002072227971014584,0.032403165059358585,-0.0005233273127043248,0.03974501498810312,0.0017318682645282024,0.005317328749950612,-0.00011461755953590114,0.039235232314944746,0.03473171929087826,0.0898451507792295,0.07000000000000028
2024-10-11,3.95,4.08,1.75,4.83,5815.03,18342.94,20.46,122.9805,76.11,2637.05,0.1299999999999999,-0.029999999999999805,0.38000000000000034,-0.009999999999999787,0.41999999999999993,-0.010000000000000009,0.16999999999999993,0.0,-0.5,0.020000000000000018,0.03999999999999959,0.006033611862784838,0.03304368004377167,0.003325055165882773,0.036585614326789084,-0.0009314211428117503,0.01083581431686298,0.007536719914528867,0.025229815313390525,-0.004588065988967216,0.08955878342254131,-0.46999999999999886
2024-10-14,,,,,5859.85,18502.69,19.7,,,2659.0,,,,,,,,,,,,0.007678060962994948,0.0394658689299785,0.00867136759504028,0.05046448397158443,,,0.008289244129026763,0.02727727752759801,,,-0.7600000000000016
2024-10-15,3.95,4.03,1.75,4.83,5815.26,18315.59,20.64,123.5124,71.22,2653.25,0.08000000000000007,,0.3600000000000003,,0.38000000000000034,,0.21999999999999997,,-0.5,,0.020000000000000018,-0.007638509068755184,0.03156288637048554,-0.010163517175211467,0.03826065909421317,,0.015579093257933607,-0.0021648086010879197,0.029741613636292463,,-0.013112197904736611,0.9400000000000013
2024-10-16,3.93,4.02,1.75,4.83,5842.47,18367.08,19.58,123.9235,70.97,2679.4,0.08999999999999941,-0.020000000000000018,0.3200000000000003,-0.010000000000000675,0.3199999999999994,0.0,0.16999999999999993,0.0,-0.5,0.009999999999999343,-8.881784197001252e-16,0.004668155706577082,0.03913164520344914,0.002807322030610848,0.044179227063752435,0.003322883852062475,0.01924166429673324,0.009807585200953817,0.042329219485167435,-0.0035164253127399903,-0.01260167894345976,-1.0600000000000023
2024-10-17,3.96,4.09,1.79,4.83,5841.47,18373.61,19.11,124.1122,71.26,2678.45,0.1299999999999999,0.029999999999999805,0.3700000000000001,0.07000000000000028,0.3599999999999999,0.040000000000000036,0.22999999999999998,0.0,0.0,0.04000000000000048,-0.010000000000000231,-0.00017117513483455582,0.02212617882102741,0.0003554642043326339,0.01976727286572455,0.0015215554567786782,0.022870540691620533,-0.0003546198605626216,0.03334875988616748,0.004077907640798628,-0.022204631402726882,-0.46999999999999886
2024-10-18,3.95,4.08,1.77,4.83,5864.67,18489.55,18.03,123.9185,69.78,2711.6,0.1299999999999999,-0.009999999999999787,0.40000000000000036,-0.009999999999999787,0.3500000000000001,-0.020000000000000018,0.18999999999999995,0.0,0.0,0.0,-0.050000000000000266,0.0039637370431258034,0.028032771315654514,0.006290311644079338,0.02970919038375719,-0.0015619037431928717,0.020490380135776753,0.012300597574487426,0.03954972434484283,-0.02098772441906238,-0.04126901411059514,-1.0799999999999983
2024-10-21,4.02,4.19,1.88,4.83,5853.98,18540.0,18.37,124.4757,71.16,2734.3,0.17000000000000082,0.0699999999999994,0.44999999999999973,0.11000000000000032,0.4400000000000004,0.10999999999999988,0.2999999999999998,0.0,0.0,0.040000000000000924,-0.009999999999999343,-0.00182444274130944,0.02340299765998921,0.0027248525145555647,0.030989269316343382,0.004486424679885026,0.02477008050978835,0.008336595041569694,0.043751313398916025,0.01958342703900673,-0.0023861334923118704,0.33999999999999986
2024-10-22,4.03,4.2,1.87,4.83,5851.2,18573.13,18.2,124.4107,72.84,2733.55,0.16999999999999993,0.010000000000000675,0.54,0.009999999999999787,0.45999999999999996,-0.009999999999999787,0.32000000000000006,0.0,0.0,-8.881784197001252e-16,-0.08000000000000007,-0.0004750033835065892,0.020420024573486018,0.0017853524507422946,0.027212700912837562,-0.0005223266637131019,0.026731270500661708,-0.00027433086302774967,0.03916876740073061,0.02333439206177257,0.006888028335455765,-0.1700000000000017
2024-10-23,4.07,4.24,1.93,4.83,5797.42,18276.65,19.24,124.6931,71.37,2751.0,0.16999999999999993,0.040000000000000036,0.5400000000000005,0.040000000000000036,0.4500000000000002,0.05999999999999983,0.31999999999999984,0.0,0.0,0.0,-0.0900000000000003,-0.009233777411951749,0.013049158747600487,-0.01609162375055817,0.010695706830617269,0.00226732888843717,0.026396503218162337,0.006363351189222044,0.03597190682223861,-0.020387641876431495,0.013400299256069559,1.0399999999999991
2024-10-24,4.07,4.21,1.91,4.83,5809.86,18415.49,19.08,124.5127,70.58,2740.0,0.13999999999999968,0.0,0.4700000000000002,-0.03000000000000025,0.41999999999999993,-0.020000000000000018,0.28,0.0,0.0,-0.03000000000000025,-0.050000000000000266,0.002143483186927142,0.011162161131656134,0.007567869448001474,0.012304223057221009,-0.001447799621932866,0.02796862316111426,-0.004006561542459153,0.026291517895690397,-0.011130794735851879,0.03312992032088413,-0.16000000000000014
2024-10-25,4.11,4.25,1.96,4.83,5808.12,18518.61,20.33,124.6105,72.02,2719.25,0.13999999999999968,0.040000000000000036,0.5600000000000005,0.040000000000000036,0.5,0.050000000000000044,0.3599999999999999,0.0,0.0,0.0,-0.0600000000000005,-0.00029953572187402244,0.01211659429802836,0.005584014119765612,0.021782498978387466,0.0007851537313596779,0.02848456632193841,-0.007601813408156133,0.021823238654254062,0.020197039973605335,0.046903580544729095,1.25
2024-10-28,4.12,4.28,1.99,4.83,5823.52,18567.19,19.8,124.8076,67.65,2730.4,0.16000000000000014,0.009999999999999787,0.45999999999999996,0.03000000000000025,0.4700000000000002,0.030000000000000027,0.3600000000000001,0.0,0.0,0.020000000000000462,0.010000000000000231,0.0026479514493722434,0.010536952314543768,0.0026198721767727307,0.020569682560198643,0.001580479051265904,0.02861866056675222,0.004092011618538116,0.02983187644057761,-0.06259650360393199,-0.016129381929883557,-0.5299999999999976
2024-10-29,4.11,4.28,1.98,4.83,5832.92,18712.75,19.34,124.8612,67.48,2749.15,0.16999999999999993,-0.009999999999999787,0.5000000000000004,0.0,0.54,-0.010000000000000009,0.42999999999999994,0.0,0.0,0.009999999999999787,0.03999999999999959,0.001612842692562566,0.021517647090943726,0.007809065127508674,0.043825793336822016,0.0004293688344194635,0.025741506568650152,0.006843654380587871,0.03716618944584216,-0.002516096939030099,-0.04250404085327464,-0.46000000000000085
2024-10-30,4.15,4.29,1.95,4.83,5813.67,18607.93,20.35,124.8153,68.91,2783.95,0.13999999999999968,0.040000000000000036,0.5200000000000005,0.009999999999999787,0.5,-0.030000000000000027,0.3699999999999999,0.0,0.0,-0.03000000000000025,-0.020000000000000462,-0.0033056916281388737,0.018073580977437942,-0.005617275763579954,0.037384752922417164,-0.0003676757765918026,0.02632507448944743,0.01257900954983171,0.04738846377275063,0.02097004769134969,-0.026209878408217868,1.0100000000000016
2024-10-31,4.16,4.28,1.95,4.83,5705.45,18095.15,23.16,124.7988,69.58,2779.4,0.1200000000000001,0.009999999999999787,0.45999999999999996,-0.009999999999999787,0.43000000000000016,0.0,0.31000000000000005,0.0,0.0,-0.019999999999999574,-0.029999999999999805,-0.0187901825995187,0.0009662099110450129,-0.02794388738225706,0.009811364043432746,-0.00013220407039504778,0.021701129240890182,-0.0016357054704352336,0.04994215508090516,0.009675864354679042,-0.06603746901340646,2.8099999999999987
2024-11-01,4.21,4.37,2.04,4.83,5728.8,18239.92,21.88,124.8076,69.81,2747.35,0.16000000000000014,0.04999999999999982,0.2799999999999998,0.08999999999999986,0.3900000000000001,0.09000000000000008,0.29000000000000004,0.0,0.0,0.040000000000000036,0.11000000000000032,0.004084226330235197,-0.0038798397431580867,0.007968652107550156,0.005611683611007834,7.05110125673869e-05,0.020953106643378128,-0.011598266351513509,0.03325097948486544,0.003300096258514351,-0.07077707839390879,-1.2800000000000011
2024-11-04,4.17,4.31,2.03,4.83,5712.69,18179.98,21.98,124.5903,71.83,2741.35,0.13999999999999968,-0.040000000000000036,0.17999999999999972,-0.0600000000000005,0.27999999999999936,-0.010000000000000231,0.2699999999999998,0.0,0.0,-0.020000000000000462,0.09999999999999964,-0.0028160686495120046,0.0029363757147518044,-0.003291610032938763,0.014185970842188311,-0.0017425973112734638,0.01753950808407545,-0.0021863109260760183,0.033287268407655723,0.028524950104399593,-0.07932494406547352,0.10000000000000142
2024-11-05,4.19,4.26,1.99,4.83,5782.76,18439.17,20.49,124.5532,72.26,2738.75,0.0699999999999994,0.020000000000000462,0.2100000000000004,-0.04999999999999982,0.21999999999999975,-0.039999999999999813,0.21999999999999997,0.0,0.0,-0.07000000000000028,0.009999999999999343,0.012191061302749162,0.005484720123307696,0.01415621763072572,0.013994514355880838,-0.0002978203346604147,0.015296252338505845,-0.0009488878652161858,0.036893163843795485,0.005968509632784169,-0.02730172302944034,-1.490000000000002
2024-11-06,4.27,4.42,2.04,4.83,5929.04,18983.47,16.27,125.7035,71.98,2726.2,0.15000000000000036,0.07999999999999918,0.27999999999999936,0.16000000000000014,0.3600000000000003,0.050000000000000044,0.27,0.0,0.0,0.08000000000000096,0.08000000000000096,0.024981233838897055,0.023377750065810332,0.029091394227354073,0.037125569025672434,0.009193025410635158,0.02270060018467035,-0.004592913772933471,0.04066993237774241,-0.0038824230686094197,-0.02564770632650415,-4.219999999999999
2024-11-07,4.21,4.31,1.98,4.83,5973.1,19269.46,15.2,124.775,72.69,2667.05,0.09999999999999964,-0.05999999999999961,0.22999999999999998,-0.11000000000000032,0.21999999999999975,-0.06000000000000005,0.21999999999999997,0.0,0.0,-0.05000000000000071,-0.010000000000000231,0.007403744412988189,0.032853722449813105,0.014952858703411565,0.05260175504178832,-0.0074138439260797995,0.013554887994062348,-0.02193570547392021,0.018848844463358105,0.00981552084565962,-0.05056390477172279,-1.0700000000000003
2024-11-08,4.26,4.3,1.95,4.58,5995.54,19286.78,14.94,125.5811,70.69,2685.2,0.040000000000000036,0.04999999999999982,0.3099999999999996,-0.009999999999999787,0.21999999999999975,-0.030000000000000027,0.19999999999999996,-0.25,-0.25,-0.05999999999999961,-0.08999999999999986,0.0037498038698000613,0.03056991445682833,0.0008984279154304886,0.05017512779133604,0.006439649648513068,0.020925958785387166,0.006782220401773564,0.018094344950602803,-0.027899703313681634,-0.07387554209643721,-0.2599999999999998
2024-11-11,,,,,6001.35,19298.76,14.97,,,2670.55,,,,,,,,,,,,0.0009685844338367389,0.02386043792767012,0.0006209580265021941,0.04212471822279795,,,-0.005470769374481321,0.004334331447094719,,,0.030000000000001137
2024-11-12,4.34,4.43,2.08,4.58,5983.99,19281.4,14.71,126.7762,68.43,2590.75,0.08999999999999986,,0.3899999999999997,,0.39999999999999947,,0.33000000000000007,,-0.25,,0.009999999999999787,-0.0028968743715669376,0.028602072624858366,-0.0008999444881343521,0.05138829090987507,,0.02608177133882439,-0.03033703462578785,-0.023837894577605212,,-0.039962352885225094,-0.2599999999999998
2024-11-13,4.27,4.44,2.09,4.58,5985.38,19230.73,14.02,126.9572,68.76,2609.75,0.17000000000000082,-0.07000000000000028,0.3399999999999994,0.010000000000000675,0.4200000000000008,0.009999999999999787,0.33999999999999986,0.0,-0.25,0.08000000000000096,0.0800000000000014,0.00023225951010807933,0.024166176428389363,-0.0026313802553765697,0.04594958862388765,0.0014266945597345426,0.024185582046496457,0.007307022224081194,-0.026338457554477834,0.004810855550242188,-0.031635072022242916,-0.6900000000000013
2024-11-14,4.34,4.43,2.1,4.58,5949.17,19107.65,14.31,127.0015,68.99,2548.45,0.08999999999999986,0.07000000000000028,0.3799999999999999,-0.010000000000000675,0.33999999999999986,0.010000000000000231,0.31000000000000005,0.0,-0.25,-0.08000000000000096,-0.040000000000000036,-0.006068115029117749,0.01826923653410617,-0.006420741973986566,0.03917338244556845,0.0003488756278038352,0.023012902217521614,-0.02376910008472599,-0.049752937778641204,0.003339386043368364,-0.03237359361967318,0.2900000000000009
2024-11-15,4.31,4.43,2.1,4.58,5870.62,18680.12,16.14,126.8848,67.33,2566.7,0.1200000000000001,-0.03000000000000025,0.35999999999999943,0.0,0.34999999999999964,0.0,0.33000000000000007,0.0,-0.25,0.03000000000000025,-0.009999999999999787,-0.01329146396056835,0.0010140355304120163,-0.02262892166170971,0.0102541491397794,-0.0009193092200634467,0.02365549674065104,0.007135695898639938,-0.05491783945448869,-0.02435566400082756,-0.03574153320143836,1.83
2024-11-18,4.29,4.42,2.08,4.58,5893.62,18791.81,15.58,126.6045,69.46,2590.1,0.1299999999999999,-0.019999999999999574,0.27000000000000046,-0.009999999999999787,0.22999999999999954,-0.020000000000000018,0.20000000000000018,0.0,-0.25,0.009999999999999787,-0.040000000000000924,0.00391015982410714,0.006748638095828596,0.005961279857167767,0.013490576482391603,-0.0022115340903372527,0.01695753797042876,0.009075457884523352,-0.054178976611535035,0.031145144758737864,-0.024179815481707223,-0.5600000000000005
2024-11-19,4.27,4.39,2.05,4.58,5916.98,18987.47,16.35,126.3994,69.75,2635.95,0.1200000000000001,-0.020000000000000462,0.23999999999999932,-0.03000000000000025,0.1899999999999995,-0.03000000000000025,0.17999999999999972,0.0,-0.25,-0.009999999999999787,-0.04999999999999982,0.0039557737052682285,0.011179415184603414,0.01035815131370832,0.022063375345357628,-0.0016213192360154949,0.015858545398126367,0.017547163322119808,-0.03635748242638748,0.00416637338554704,-0.04334783415793275,0.7700000000000014
2024-11-20,4.31,4.41,2.06,4.58,5917.11,18966.14,17.16,126.88,69.25,2624.3,0.10000000000000053,0.040000000000000036,0.23999999999999932,0.020000000000000462,0.16999999999999993,0.010000000000000231,0.13000000000000012,0.0,-0.25,-0.019999999999999574,-0.0699999999999994,2.1970426116624253e-05,0.020435163022671787,-0.0011240038692310605,0.03703099522668474,0.0037950230204897295,0.017386239530178926,-0.004429454511785558,-0.04715028812739508,-0.007194275634026859,-0.030154467915528116,0.8099999999999987
2024-11-21,4.34,4.43,2.09,4.58,5948.71,18972.42,16.87,127.1047,70.39,2669.7,0.08999999999999986,0.03000000000000025,0.2699999999999996,0.019999999999999574,0.21999999999999975,0.029999999999999805,0.17999999999999994,0.0,-0.25,-0.010000000000000675,-0.04999999999999982,0.00532623530517462,0.023617915140919266,0.00033106159313156525,0.02979418737181483,0.0017693983820574744,0.020603437534169267,0.0171519127337465,-0.025991813851189427,0.016328062552592115,-0.002695610627084122,-0.28999999999999915
2024-11-22,4.37,4.41,2.07,4.58,5969.34,19003.65,15.24,127.4712,71.68,2706.25,0.040000000000000036,0.03000000000000025,0.2599999999999998,-0.019999999999999574,0.16000000000000014,-0.020000000000000018,0.10999999999999988,0.0,-0.25,-0.04999999999999982,-0.09999999999999964,0.003461979200411136,0.027379430063204424,0.0016447203220355533,0.02585489357408477,0.0028793004616840534,0.022697584264493642,0.013597806219873831,-0.004792194223159463,0.018160561046634882,-0.004732089554054575,-1.6300000000000008
2024-11-25,4.21,4.27,1.98,4.58,5987.37,19054.84,14.6,126.9948,69.41,2670.4,0.05999999999999961,-0.16000000000000014,0.08999999999999986,-0.14000000000000057,-0.010000000000000675,-0.08999999999999986,-0.010000000000000009,0.0,-0.25,0.019999999999999574,-0.10000000000000053,0.0030158820722512303,0.02774736068608341,0.002690071564565244,0.025925092961877283,-0.0037443159918417734,0.017372789221385965,-0.013335638843229525,-0.022219844684927104,-0.03218081931518224,0.02568359473469517,-0.6400000000000006
2024-11-26,4.21,4.3,2.02,4.58,6021.63,19175.58,14.1,127.4301,69.05,2630.3,0.08999999999999986,0.0,0.09999999999999964,0.03000000000000025,0.019999999999999574,0.040000000000000036,0.040000000000000036,0.0,-0.25,0.03000000000000025,-0.08000000000000007,0.005705736188806654,0.0318402541823275,0.00631645696993921,0.02443248480430782,0.0034218382300084116,0.020365258616974913,-0.015130365800005485,-0.04419386486552046,-0.00520006949619134,0.02299962217753393,-0.5
2024-11-27,4.19,4.25,1.99,4.58,5998.74,19060.48,14.1,126.8205,69.03,2648.0,0.05999999999999961,-0.019999999999999574,0.040000000000000036,-0.04999999999999982,-0.040000000000000036,-0.030000000000000027,0.040000000000000036,0.0,-0.25,-0.03000000000000025,-0.08000000000000007,-0.00380853961537575,0.03133740619509062,-0.0060205129746560004,0.024029247593231773,-0.004795278108526979,0.015937656285039736,0.006706729949334189,-0.05006614446601798,-0.00028968713991694983,0.0017398873462672881,0.0
2024-11-28,,,,,,,13.9,,,2646.4,,,,,,,,,,,,,,,,,,-0.0006044122275268293,-0.04903485122310958,,,-0.1999999999999993
2024-11-29,4.13,4.18,1.92,4.58,6032.38,19218.17,13.51,126.5798,68.26,2664.3,0.04999999999999982,,-0.08000000000000007,,-0.1900000000000004,,-0.1200000000000001,,-0.25,,-0.11000000000000032,,0.051635541358292514,,0.05224358701795673,,0.014099587800419755,0.0067411331031959065,-0.03069545176840016,,-0.02245332250374954,-0.39000000000000057
2024-12-02,4.17,4.19,1.93,4.58,6047.15,19403.95,13.34,127.1272,68.35,2637.25,0.020000000000000462,0.040000000000000036,0.0,0.010000000000000675,-0.11999999999999922,0.010000000000000009,-0.09999999999999987,0.0,-0.25,-0.02999999999999936,-0.11999999999999922,0.0024454606033064152,0.056897070611110934,0.009620467901747531,0.06515566495264302,0.004315220702886258,0.020157405814579477,-0.010204651370649742,-0.038713792212973885,0.0013176196913979865,-0.04966065291675115,-0.16999999999999993
2024-12-03,4.17,4.23,1.95,4.58,6049.88,19480.91,13.3,126.9565,70.15,2645.35,0.0600000000000005,0.0,-0.020000000000000462,0.040000000000000036,-0.02999999999999936,0.020000000000000018,-0.040000000000000036,0.0,-0.25,0.040000000000000036,-0.009999999999998899,0.0004513504631038501,0.04515735977146562,0.003958358110994098,0.0549578054329114,-0.0013436519200711317,0.01911157422916876,0.003066674118058721,-0.03469823022969898,0.025994243378510973,-0.029634919171024343,-0.03999999999999915
2024-12-04,4.13,4.19,1.9,4.58,6086.49,19735.12,13.45,126.7574,68.81,2642.05,0.0600000000000005,-0.040000000000000036,-0.13999999999999968,-0.040000000000000036,-0.22999999999999954,-0.050000000000000044,-0.14000000000000012,0.0,-0.25,0.0,-0.08999999999999986,0.006033123750501801,0.026209249683070368,0.01296477796149098,0.03883118916704831,-0.0015694846901954662,0.008349064128338135,-0.001248250720007782,-0.03135356717677329,-0.01928672333408077,-0.04503921943649569,0.14999999999999858
2024-12-05,4.15,4.17,1.92,4.58,6075.11,19700.72,13.54,126.4286,68.58,2649.15,0.019999999999999574,0.020000000000000462,-0.05999999999999961,-0.020000000000000462,-0.13999999999999968,0.020000000000000018,-0.06000000000000005,0.0,-0.25,-0.040000000000000924,-0.08000000000000007,-0.0018714648272304402,0.01693404044285174,-0.0017446063644204202,0.022133724099216323,-0.002597301468798996,0.013165606585618939,0.00268370285052022,-0.006734158852332861,-0.0033481361796150466,-0.05820287646177036,0.08999999999999986
2024-12-06,4.1,4.15,1.91,4.58,6090.27,19859.77,12.77,126.688,68.58,2636.5,0.05000000000000071,-0.05000000000000071,-0.16000000000000014,-0.019999999999999574,-0.14999999999999947,-0.010000000000000009,-0.040000000000000036,0.0,0.0,0.030000000000001137,0.010000000000000675,0.002492319655841513,0.01567655622889319,0.00804089418307008,0.029276190366855914,0.0020496489824282094,0.00877560591953408,-0.00478655383996518,-0.018302933094071605,0.0,-0.030303173148088725,-0.7699999999999996
2024-12-09,4.13,4.2,1.93,4.58,6052.85,19736.69,14.19,126.5981,68.65,2655.85,0.07000000000000028,0.03000000000000025,,0.04999999999999982,,0.020000000000000018,,0.0,,0.019999999999999574,,-0.006163180212196195,0.008544791582860256,-0.006216737374886705,0.022438494965467015,-0.000709869225158144,,0.007312474127362023,-0.005519689592228261,0.0010201851792066563,,1.42
2024-12-10,4.15,4.22,1.93,4.58,6034.91,19687.24,14.18,126.957,68.85,2670.45,0.0699999999999994,0.020000000000000462,-0.1899999999999995,0.019999999999999574,-0.20999999999999996,0.0,-0.15000000000000013,0.0,0.0,-8.881784197001252e-16,-0.020000000000000462,-0.0029682940713744443,0.00847337188305275,-0.002508629958166253,0.020829809495435114,0.0028309447508076957,0.0014251192244438826,0.005482243421094601,0.03029958845465419,0.0029090929606834237,0.006118900210257294,-0.009999999999999787
2024-12-11,4.15,4.26,1.96,4.58,6084.19,20034.89,13.58,126.8483,70.57,2697.45,0.10999999999999943,0.0,-0.11999999999999922,0.040000000000000036,-0.1800000000000006,0.030000000000000027,-0.1299999999999999,0.0,0.0,0.040000000000000036,-0.060000000000001386,0.008132661932885199,0.01637377430582987,0.017504543531780214,0.0409657332825919,-0.0008565621493801245,-0.0008581374846707845,0.01005988476033437,0.03305245099090737,0.02467489983807436,0.025982944498089466,-0.5999999999999996
2024-12-12,4.18,4.32,2.0,4.58,6051.25,19902.84,13.92,126.9556,70.25,2713.6,0.14000000000000057,0.02999999999999936,-0.16000000000000014,0.0600000000000005,-0.10999999999999943,0.040000000000000036,-0.10000000000000009,0.0,0.0,0.030000000000001137,0.05000000000000071,-0.005428741091956013,0.017013148242991605,-0.006612818565548295,0.04077365669103017,0.000845534732859754,-0.00036147837961486573,0.005969284318268819,0.06279083539390218,-0.004544816798882856,0.018098741655838246,0.33999999999999986
2024-12-13,4.25,4.4,2.07,4.58,6051.09,19926.72,13.81,127.3096,71.54,2669.55,0.15000000000000036,0.07000000000000028,-0.05999999999999961,0.08000000000000007,-0.02999999999999936,0.06999999999999984,-0.03000000000000025,0.0,0.0,0.009999999999999787,0.03000000000000025,-2.644116757721804e-05,0.030278171035982737,0.0011991095488550485,0.06460168790159493,0.002784496098764855,0.003342326939213436,-0.01636624773347961,0.03928889176178263,0.018196425617015954,0.06065083127368176,-0.10999999999999943
2024-12-16,4.25,4.39,2.07,4.58,6074.08,20173.89,14.69,127.2687,71.03,2660.95,0.13999999999999968,0.0,-0.040000000000000036,-0.010000000000000675,-0.03000000000000025,0.0,-0.010000000000000231,0.0,0.0,-0.010000000000000675,0.009999999999999787,0.0037921163249592382,0.030160127536834835,0.012327649390545758,0.07096805743497292,-0.00032131568442306246,0.005232545345127626,-0.003226716991546752,0.026986716885712525,-0.007154410821152979,0.022351275693790917,0.879999999999999
2024-12-17,4.25,4.4,2.09,4.58,6050.61,20109.06,15.87,127.5043,70.31,2641.6,0.15000000000000036,0.0,-0.019999999999999574,0.010000000000000675,0.010000000000000675,0.020000000000000018,0.040000000000000036,0.0,0.0,0.010000000000000675,0.03000000000000025,-0.0038714440227618496,0.022332909808804757,-0.003218734276970281,0.05739117184429432,0.0018494900727947794,0.0087033546539379,-0.007298407706694654,0.0021411458568980635,-0.01018828679864825,0.007996615509595628,1.1799999999999997
2024-12-18,4.35,4.5,2.18,4.58,5872.16,19392.69,27.62,127.6418,70.8,2648.35,0.15000000000000036,0.09999999999999964,0.040000000000000036,0.09999999999999964,0.08999999999999986,0.0900000000000003,0.1200000000000001,0.0,0.0,0.0,0.04999999999999982,-0.029936554508987356,-0.007625615126299223,-0.03627426884104423,0.022240906872481148,0.001077813952954365,0.005986145586402536,0.0025520103832459284,0.00912261075192955,0.006944964488603489,0.022135855632225976,11.750000000000002
2024-12-19,4.32,4.57,2.28,4.33,5867.08,19372.77,24.09,128.6366,70.1,2621.3,0.25,-0.02999999999999936,-0.019999999999999574,0.07000000000000028,0.14000000000000057,0.09999999999999964,0.18999999999999995,-0.25,-0.25,0.09999999999999964,0.16000000000000014,-0.0008654734577540069,-0.01381732388922785,-0.001027719095983315,0.020882126183366267,0.007763471260169297,0.011980218464514358,-0.010266426646041715,-0.018295728627858665,-0.009936206659129532,-0.004128413579495671,-3.530000000000001
2024-12-20,4.3,4.52,2.23,4.33,5930.85,19572.6,18.36,127.893,69.71,2606.15,0.21999999999999975,-0.020000000000000462,-0.07000000000000028,-0.05000000000000071,0.10999999999999943,-0.04999999999999982,0.16000000000000014,0.0,-0.25,-0.03000000000000025,0.17999999999999972,0.01081047625241105,-0.006468826837227937,0.010262157155153773,0.029499563016484487,-0.005797397904081514,0.003303520098748791,-0.005796341396632876,-0.03768987624436537,-0.005579014542236749,-0.027867989168367302,-5.73
2024-12-23,4.3,4.59,2.27,4.33,5974.07,19764.89,16.78,128.3021,69.5,2620.55,0.29000000000000004,0.0,0.08999999999999986,0.07000000000000028,0.3200000000000003,0.040000000000000036,0.29000000000000004,0.0,-0.25,0.07000000000000028,0.23000000000000043,0.007260895475461382,-0.002223813434017785,0.009776502343560978,0.03658599379548022,0.0031936625463737656,0.01024149863696433,0.005510182881940828,-0.01884405451919502,-0.0030170269275613393,0.0012958032192535995,-1.5799999999999983
2024-12-24,4.29,4.59,2.24,4.33,6040.04,20031.13,14.27,128.3377,70.87,2613.75,0.2999999999999998,-0.009999999999999787,0.08000000000000007,0.0,0.29000000000000004,-0.029999999999999805,0.2200000000000002,0.0,-0.25,0.009999999999999787,0.20999999999999996,0.010982197273833094,0.0030526476510086553,0.013380432123582864,0.043649968949123874,0.00027743163942872684,0.007097092046384645,-0.0025982476455324033,-0.006311936364721937,0.019520460251418292,0.02601633296686323,-2.5100000000000016
2024-12-25,,,,,,,,,,,,,,,,,,,,,,,,,,,,,,,,
2024-12-26,4.3,4.58,2.23,4.33,6037.59,20020.36,14.73,128.3329,70.38,,0.28000000000000025,,,,,,,,,,,,,,,,,,,,,
2024-12-27,4.31,4.62,2.28,4.33,5970.84,19722.03,15.95,128.45,71.28,2625.55,0.3100000000000005,0.009999999999999787,0.17999999999999972,0.040000000000000036,0.4400000000000004,0.04999999999999982,0.3599999999999999,0.0,-0.25,0.03000000000000025,0.2600000000000007,-0.011117304675595463,-0.010254005044597392,-0.015013470690501407,0.025880099363268627,0.0009120545652958612,0.014666784238421826,,-0.014650961044368138,0.012706651269114744,0.043291839683993416,1.2199999999999989
2024-12-30,4.24,4.55,2.24,4.33,5906.94,19486.78,17.4,128.8205,71.73,2610.3,0.3099999999999996,-0.0699999999999994,0.07000000000000028,-0.07000000000000028,0.35999999999999943,-0.03999999999999959,0.3100000000000003,0.0,-0.25,-8.881784197001252e-16,0.28999999999999915,-0.010759690191102678,-0.023459155839006485,-0.011999998112278476,0.00425963334924262,0.0028802389401976214,0.01323180247573319,-0.005825240648111851,-0.010271550321830247,0.006293286975789236,0.048267506968384666,1.4499999999999993
2024-12-31,4.25,4.58,2.24,4.33,5881.63,19310.79,17.35,129.2775,72.44,2610.85,0.33000000000000007,0.009999999999999787,0.08000000000000007,0.03000000000000025,0.34999999999999964,0.0,0.29000000000000026,0.0,-0.25,0.020000000000000462,0.2699999999999996,-0.004293996454133975,-0.02820450275624431,-0.009072279892182067,-0.008771004653933545,0.0035412942184285257,0.018116748614232847,0.00021068155560932667,-0.013127542884279642,0.009849562876869555,0.03212282646674325,-0.04999999999999716
2025-01-01,,,,,,,,,,,,,,,,,,,,,,,,,,,,,,,,
2025-01-02,4.25,4.57,2.23,4.33,5868.55,19280.79,17.93,129.4598,73.79,2644.6,0.3200000000000003,,0.09999999999999964,,0.40000000000000036,,0.31000000000000005,,-0.25,,0.3000000000000007,,-0.03459251147206821,,-0.021545919852746565,,0.023692686296151955,,-0.0017190086877674204,,0.0732222740355013,
2025-01-03,4.28,4.6,2.26,4.33,5942.47,19621.68,16.13,129.4535,74.64,2654.3,0.3199999999999994,0.03000000000000025,0.1800000000000006,0.02999999999999936,0.4499999999999993,0.029999999999999805,0.34999999999999987,0.0,-0.25,-8.881784197001252e-16,0.2699999999999987,0.012517287272657995,-0.024567543855251728,0.017525813936080326,-0.012061000099736319,-4.866493919930548e-05,0.02159437237452444,0.003661141306634086,0.006728686458831845,0.011453335468813108,0.08467560950431441,-1.8000000000000007
2025-01-06,4.28,4.62,2.28,4.33,5975.38,19864.98,16.04,128.538,74.31,2631.8,0.33999999999999986,0.0,0.15000000000000036,0.020000000000000462,0.41999999999999993,0.020000000000000018,0.34999999999999987,0.0,-0.25,0.020000000000000462,0.2699999999999996,0.0055228222624901235,-0.012881541380565409,0.012323305087425851,0.006479042362576237,-0.007097162835106197,0.015207078764576387,-0.008512943713316012,-0.00909673138184619,-0.0044310243697101015,0.07922439995539765,-0.08999999999999986
2025-01-07,4.3,4.67,2.29,4.33,5909.03,19489.68,17.82,128.613,74.99,2644.4,0.3700000000000001,0.019999999999999574,0.14999999999999947,0.04999999999999982,0.4500000000000002,0.010000000000000231,0.3600000000000001,0.0,-0.25,0.03000000000000025,0.3000000000000007,-0.011166004769812332,-0.021079252079003297,-0.01907328776174566,-0.01008561544100317,0.0005833148782352637,0.012959448892003955,0.0047761737433829055,-0.009802801059557886,0.009109239143919368,0.0854245461386336,1.7800000000000011
2025-01-08,4.28,4.67,2.27,4.33,5918.25,19478.88,17.7,129.0785,73.99,2653.45,0.3899999999999997,-0.019999999999999574,0.1299999999999999,0.0,0.41000000000000014,-0.020000000000000018,0.31000000000000005,0.0,-0.25,0.019999999999999574,0.28000000000000025,0.001559107735282339,-0.027652806276606157,-0.0005542930134723179,-0.028144451986255703,0.0036128510745259135,0.017428862115909993,0.0034164835934964444,-0.016446202226395812,-0.013424822375838197,0.04732482392472104,-0.120000000000001
2025-01-09,4.27,4.68,2.29,4.33,,,18.07,129.2827,,2666.35,0.41000000000000014,-0.010000000000000675,0.08999999999999986,0.009999999999999787,0.35999999999999943,0.020000000000000018,0.29000000000000004,0.0,-0.25,0.020000000000000462,0.2699999999999996,,,,,0.0015807330397894503,0.01816406042283969,0.004849815889603981,-0.01756567065506065,,,0.370000000000001
2025-01-10,4.4,4.77,2.34,4.33,5827.04,19161.63,19.54,129.8664,77.27,2679.45,0.3699999999999992,0.13000000000000078,0.15000000000000036,0.08999999999999986,0.3699999999999992,0.04999999999999982,0.27,0.0,-0.25,-0.040000000000000924,0.21999999999999886,,-0.037729268370966906,,-0.03915170267142898,0.0045047502543829054,0.01988431457845774,0.004901053620479878,0.003701630698898839,,0.07704904811462132,1.4699999999999989
2025-01-13,4.4,4.79,2.34,4.33,5836.22,19088.1,19.19,130.0413,79.57,2679.8,0.3899999999999997,0.0,0.15000000000000036,0.020000000000000462,0.40000000000000036,0.0,0.27,0.0,-0.25,0.020000000000000462,0.25,0.0015741742695762895,-0.039947210426349855,-0.003844737757715322,-0.05532408981969006,0.0013458625996873863,0.02155149286256819,0.00013061529150437678,0.007058962981949968,0.029331355443950713,0.11353481437972501,-0.34999999999999787
2025-01-14,4.37,4.78,2.34,4.33,5842.91,19044.39,18.71,129.3812,78.2,2666.4,0.41000000000000014,-0.03000000000000025,0.1200000000000001,-0.009999999999999787,0.3799999999999999,0.0,0.25,0.0,-0.25,0.020000000000000462,0.2599999999999998,0.0011456334044925853,-0.03493013299909542,-0.0022925342218123035,-0.05439788976453208,-0.005089006733067336,0.014612996056706073,-0.005012916860978045,0.009344453827666577,-0.01736748983817815,0.10635561134019511,-0.4800000000000004
2025-01-15,4.27,4.66,2.24,4.33,5949.91,19511.23,16.12,129.2092,80.73,2686.6,0.39000000000000057,-0.10000000000000053,-0.08000000000000007,-0.1200000000000001,0.16000000000000014,-0.09999999999999964,0.06000000000000005,0.0,-0.25,-0.019999999999999574,0.2400000000000002,0.01814713298542614,0.013153554495318076,0.02421762722673826,0.00609400630325041,-0.001330289332978296,0.012204892770773412,0.007547205635383136,0.014339649079803785,0.03184060585565884,0.13125125270725047,-2.59
2025-01-16,4.23,4.61,2.19,4.33,5937.34,19338.29,16.6,129.436,79.35,2707.45,0.3799999999999999,-0.03999999999999915,-0.08999999999999986,-0.04999999999999982,0.040000000000000036,-0.050000000000000266,-0.08999999999999986,0.0,0.0,-0.010000000000000675,0.1299999999999999,-0.0021148717634655867,0.011904156189606496,-0.008903128911214253,-0.0017814035119805283,0.001753754240402472,0.0061951757510065875,0.007730778855028042,0.03233685458087354,-0.017241806434506124,0.12394565293187387,0.4800000000000004
2025-01-17,4.27,4.61,2.2,4.33,5996.66,19630.2,15.97,129.4859,78.56,2705.1,0.34000000000000075,0.03999999999999915,-0.03000000000000025,0.0,0.09000000000000075,0.010000000000000231,-0.029999999999999805,0.0,0.0,-0.03999999999999915,0.120000000000001,0.009941425935723558,0.011035105872919004,0.014982128394381178,0.002938567727246877,0.00038544441870502766,0.012378018073793129,-0.0008683523099701773,0.03726484366753624,-0.010005782926207907,0.11951888454790272,-0.6300000000000008
2025-01-20,,,,,,,15.81,,,2707.5,,,,,,,,,,,,,,,,,,0.0008868197011748791,0.03264148048677029,,,-0.16000000000000014
2025-01-21,4.29,4.57,2.19,4.33,6049.24,19756.78,15.06,128.4151,76.79,2721.4,0.28000000000000025,,0.0,,-0.019999999999999574,,-0.050000000000000266,,0.0,,-0.019999999999999574,,0.0015220098758561562,,-0.013790839887922957,,0.0006029145726520468,0.005120753881612039,0.040360482013914734,,0.08022721052028814,-0.75
2025-01-22,4.29,4.6,2.2,4.33,6086.37,20009.34,15.1,128.3402,76.12,2760.15,0.3099999999999996,0.0,,0.02999999999999936,,0.010000000000000231,,0.0,,0.02999999999999936,,0.0061192005774426406,,0.01270244096797768,,-0.0005834349057227683,,0.014138572303735053,,-0.008763380914503571,,0.03999999999999915
2025-01-23,4.29,4.65,2.23,4.33,6118.71,20053.68,15.02,128.2162,75.03,2747.2,0.3600000000000003,0.0,-0.009999999999999787,0.05000000000000071,0.07000000000000028,0.029999999999999805,0.0,0.0,0.0,0.05000000000000071,0.08000000000000007,0.005299445097723066,0.01334636429248981,0.0022135135146665874,0.0016629223147131,-0.0009666491239785913,-0.000909767432816011,-0.004702814917282083,,-0.014423008870311449,0.06397890166419806,-0.08000000000000007
2025-01-24,4.27,4.63,2.2,4.33,6101.24,19954.3,14.85,127.4611,74.97,2771.05,0.3600000000000003,-0.020000000000000462,-0.040000000000000036,-0.020000000000000462,0.009999999999999787,-0.029999999999999805,-0.07999999999999963,0.0,0.0,0.0,0.04999999999999982,-0.0028592607828965555,0.021604408185188717,-0.004968019100264343,0.011708373904950165,-0.005906681550391646,-0.007728503548503518,0.008644098584403181,0.05393591183941382,-0.000800000042667115,0.050472250352416204,-0.16999999999999993
2025-01-27,4.17,4.53,2.13,4.33,6012.28,19341.83,17.9,128.0912,73.51,2767.1,0.3600000000000003,-0.09999999999999964,-0.07000000000000028,-0.09999999999999964,-0.019999999999999574,-0.07000000000000028,-0.11000000000000032,0.0,0.0,0.0,0.05000000000000071,-0.014687984883634542,0.017676113492656853,-0.03117455086516152,-0.0074661788479328806,0.004931290204607031,-0.005677452284094109,-0.0014264693696608433,0.05833468311786483,-0.01966658212897432,0.024512381247652648,3.049999999999999
2025-01-28,4.19,4.55,2.13,4.33,6067.7,19733.59,16.41,128.2817,74.15,2743.7,0.35999999999999943,0.020000000000000462,-0.05999999999999961,0.019999999999999574,-0.03000000000000025,0.0,-0.11000000000000032,0.0,0.0,-8.881784197001252e-16,0.02999999999999936,0.009175576254676798,0.031145686201467626,0.02005215180135167,0.021658252845600856,0.0014861167858271074,-0.007732629716695527,-0.008492465935140636,0.049631535627114864,0.008668617197945316,0.02333143556872841,-1.4899999999999984
2025-01-29,4.21,4.55,2.15,4.33,6039.31,19632.32,16.56,128.3418,72.94,2759.4,0.33999999999999986,0.019999999999999574,,0.0,,0.020000000000000018,,0.0,,-0.019999999999999574,,-0.004689853570095437,,-0.005145072139807638,,0.00046839047163516057,,0.005705890351120679,,-0.01645288320340743,,0.14999999999999858
2025-01-30,4.18,4.52,2.14,4.33,6071.17,19681.75,15.84,128.1004,73.1,2778.15,0.33999999999999986,-0.03000000000000025,-0.07000000000000028,-0.03000000000000025,-0.05000000000000071,-0.009999999999999787,-0.08999999999999986,0.0,0.0,0.0,0.019999999999999574,0.0052615707224354935,0.03394375314636022,0.002514622680727996,0.020582546988263672,-0.0018826860111458288,-0.01055607677913084,0.006771973762987216,0.0492654134141981,0.002191181375199136,-0.009394854314542123,-0.7199999999999989
2025-01-31,4.22,4.58,2.16,4.33,6040.53,19627.44,16.43,128.4828,72.84,2791.5,0.3600000000000003,0.040000000000000036,-0.0600000000000005,0.0600000000000005,-0.019999999999999574,0.020000000000000018,-0.09999999999999964,0.0,0.0,0.020000000000000462,0.040000000000000924,-0.005059581291424919,0.016366884582277308,-0.0027632232847629723,0.0002935097674203746,0.002980711777886391,-0.007526700062045144,0.004793847213495184,0.0503981193210592,-0.0035631118963257435,-0.024411301679680975,0.5899999999999999
2025-02-03,4.26,4.54,2.09,4.33,5994.57,19391.96,18.62,129.109,73.52,2794.15,0.28000000000000025,0.040000000000000036,-0.020000000000000462,-0.040000000000000036,-0.08000000000000007,-0.07000000000000028,-0.18999999999999995,0.0,0.0,-0.08000000000000007,-0.05999999999999961,-0.007637696973120001,0.0032063653466671838,-0.012070039971671775,-0.024099835291677252,0.004861965586996142,0.0044324283600571945,0.0009488600964342453,0.059859923130809456,0.009292223188023918,-0.010688054121946955,2.1900000000000013
2025-02-04,4.21,4.52,2.08,4.33,6037.88,19654.02,17.21,128.1083,73.04,2813.2,0.3099999999999996,-0.04999999999999982,-0.08999999999999986,-0.020000000000000462,-0.15000000000000036,-0.009999999999999787,-0.20999999999999996,0.0,0.0,0.02999999999999936,-0.0600000000000005,0.007198897488333245,0.02157126760481276,0.013423350365769693,0.008396802835838102,-0.007781008889123697,-0.0039318954073017665,0.006794679587013519,0.06187842897444007,-0.006550241760717945,-0.026347535026584268,-1.4100000000000001
2025-02-05,4.17,4.43,2.01,4.33,6061.48,19692.33,15.77,127.9751,71.39,2873.8,0.2599999999999998,-0.040000000000000036,-0.11000000000000032,-0.08999999999999986,-0.2400000000000002,-0.07000000000000028,-0.26000000000000023,0.0,0.0,-0.04999999999999982,-0.1299999999999999,0.0039010377290882303,0.023913197598618652,0.0019473222856074557,0.010898418134917875,-0.0010402861881120273,-0.008585032669939707,0.021312570361242678,0.0797745157421863,-0.02284943277234408,-0.03577214542309015,-1.4400000000000013
2025-02-06,4.21,4.45,2.03,4.33,6083.57,19791.99,15.5,128.2017,70.97,2861.2,0.2400000000000002,0.040000000000000036,-0.05999999999999961,0.020000000000000462,-0.22999999999999954,0.020000000000000018,-0.26000000000000023,0.0,0.0,-0.019999999999999574,-0.16999999999999993,0.003637700027498525,,0.005048090565471952,,0.0017690911831111933,-0.008396674526617964,-0.004394078560877368,0.07053062129170495,-0.005900550977477437,,-0.2699999999999996
2025-02-07,4.29,4.49,2.07,4.33,6025.99,19523.4,16.54,128.4292,71.32,2866.45,0.20000000000000018,0.08000000000000007,-0.11000000000000032,0.040000000000000036,-0.27999999999999936,0.040000000000000036,-0.27,0.0,0.0,-0.040000000000000036,-0.16999999999999904,-0.00950991348210728,0.03357262849790388,-0.013663564250171234,0.018703904152085116,0.0017729748022894398,-0.01112844997871143,0.0018332130874947339,0.06746278075871981,0.004919540458047322,-0.08012898895055365,1.0399999999999991
2025-02-10,4.28,4.51,2.07,4.33,6066.44,19714.27,15.81,128.6382,72.73,2895.55,0.22999999999999954,-0.009999999999999787,-0.1200000000000001,0.019999999999999574,-0.28000000000000025,0.0,-0.27,0.0,0.0,0.02999999999999936,-0.16000000000000014,0.006690160848149773,0.03868861507647736,0.009728992854940444,0.03227763476474088,0.001626033064086485,-0.010848279514312331,0.010100745369782338,0.07743291083699777,0.01957716117150987,-0.08988318322299449,-0.7299999999999986
2025-02-11,4.29,4.54,2.08,4.33,6068.5,19643.86,16.02,128.4322,73.67,2906.85,0.25,0.009999999999999787,-0.08000000000000007,0.03000000000000025,-0.2400000000000002,0.010000000000000231,-0.2599999999999998,0.0,0.0,0.020000000000000462,-0.16000000000000014,0.0003395154850025506,0.03788249715698733,-0.003577917706596878,0.030992251279956307,-0.0016026741631378627,-0.007361946944382858,0.0038949449488621113,0.08634077264683793,0.0128417065282731,-0.05967398685654324,0.20999999999999908
2025-02-12,4.36,4.62,2.16,4.33,6051.97,19649.95,15.89,128.3288,71.72,2883.35,0.2599999999999998,0.07000000000000028,0.09000000000000075,0.08000000000000007,-0.040000000000000036,0.08000000000000007,-0.08000000000000007,0.0,0.0,0.009999999999999787,-0.13000000000000078,-0.002727618689451816,0.01700774548210937,0.0003099724892425826,0.0070845965424606305,-0.0008054183118897384,-0.0068370759232943,-0.008117208052437874,0.07067635895901692,-0.026826011957790108,-0.11834060466999219,-0.129999999999999
2025-02-13,4.31,4.52,2.08,4.33,6115.07,19945.64,15.1,127.8931,71.66,2917.45,0.20999999999999996,-0.05000000000000071,0.07999999999999918,-0.10000000000000053,-0.09000000000000075,-0.08000000000000007,-0.10999999999999988,0.0,0.0,-0.04999999999999982,-0.16999999999999993,0.010372377459622939,0.029494994705197897,0.014935779302449603,0.030923504756124487,-0.003400961588074125,-0.011991791751770897,0.011757134465342212,0.07470271456933109,-0.0008369368601242044,-0.10193573509561027,-0.7900000000000009
2025-02-14,4.26,4.47,2.04,4.33,6114.63,20026.77,14.77,127.1491,71.05,2938.05,0.20999999999999996,-0.04999999999999982,-0.009999999999999787,-0.04999999999999982,-0.14000000000000057,-0.040000000000000036,-0.16000000000000014,0.0,0.0,0.0,-0.13000000000000078,-7.195597605580417e-05,0.019481612793418535,0.0040593054761881575,0.020000681837931467,-0.005834345143298059,-0.018211581313773983,0.007036148915590346,0.08260721579489161,-0.008548857333698479,-0.10047880950310084,-0.33000000000000007
2025-02-17,,,,,,,15.37,,,2898.2,,,,,,,,,,,,,,,,,,-0.013656241357038468,0.06806415473667826,,,0.5999999999999996
2025-02-18,4.29,4.55,2.1,4.33,6129.58,20041.26,15.35,127.2906,72.21,2908.85,0.2599999999999998,,0.0,,-0.020000000000000462,,-0.08999999999999986,,0.0,,-0.020000000000000462,,0.013193587786066274,,0.014296424916206973,,-0.00879532407024275,0.0036679594425246265,0.06661136029759085,,-0.06149588287936236,-0.019999999999999574
2025-02-19,4.28,4.53,2.08,4.33,6144.15,20056.25,15.27,127.7317,72.58,2944.4,0.25,-0.009999999999999787,-0.009999999999999787,-0.019999999999999574,-0.0699999999999994,-0.020000000000000018,-0.1200000000000001,0.0,0.0,-0.009999999999999787,-0.05999999999999961,0.0023741775065797555,0.00944856471520339,0.0007476773843730911,0.002341661332602385,0.003459308773233971,-0.00475258039128601,0.01214724713020221,0.064620035124058,0.00511086132183447,-0.04762164064302432,-0.08000000000000007
2025-02-20,4.28,4.5,2.05,4.33,6117.52,19962.36,15.66,127.1126,72.88,2953.05,0.21999999999999975,0.0,-0.009999999999999787,-0.03000000000000025,-0.15000000000000036,-0.03000000000000025,-0.18000000000000016,0.0,0.0,-0.03000000000000025,-0.14000000000000057,-0.004343623971148958,-0.00019450435366863417,-0.0046923255091471106,-0.004564177691211313,-0.004858662468836705,-0.008644593736144124,0.0029334733496551024,0.07225632339099519,0.004124851166777965,-0.029073780605934907,0.39000000000000057
2025-02-21,4.19,4.42,2.0,4.33,6013.13,19524.01,18.21,127.1408,70.72,2929.7,0.22999999999999954,-0.08999999999999986,-0.07999999999999918,-0.08000000000000007,-0.20999999999999996,-0.04999999999999982,-0.20000000000000018,0.0,0.0,0.009999999999999787,-0.13000000000000078,-0.01721137399126249,-0.01454661756203457,-0.022203510151989292,-0.021799668742936262,0.00022182594306041636,-0.0025160862426920616,-0.007938505843711141,0.05567371896288087,-0.030085834622314955,-0.05835961518558275,2.5500000000000007
2025-02-24,4.13,4.4,1.98,4.33,5983.25,19286.92,18.98,127.1921,71.06,2940.6,0.27000000000000046,-0.0600000000000005,-0.040000000000000036,-0.019999999999999574,-0.1299999999999999,-0.020000000000000018,-0.1499999999999999,0.0,0.0,0.040000000000000924,-0.08999999999999986,-0.004981513054854503,-0.004840145733254531,-0.012217844267460976,-0.0028429621452357168,0.00040340829437113257,-0.00704396815292796,0.0037136134530619813,0.060813801785603694,0.004796172263493048,-0.03389686079311538,0.7699999999999996
2025-02-25,4.07,4.3,1.92,4.33,5955.25,19026.39,19.43,127.3752,69.15,2942.05,0.22999999999999954,-0.05999999999999961,-0.1200000000000001,-0.10000000000000053,-0.25,-0.06000000000000005,-0.20999999999999996,0.0,0.0,-0.040000000000000924,-0.1299999999999999,-0.004690715138396584,-0.018706437126327913,-0.01360018310772304,-0.03649529705431043,0.0014385196494179908,-0.007091565289337076,0.0004929751147413342,0.06979924283548566,-0.027246532482113395,-0.06981201047317409,0.4499999999999993
2025-02-26,4.05,4.25,1.89,4.33,5956.06,19075.26,19.1,127.2822,68.87,2913.55,0.20000000000000018,-0.020000000000000462,-0.16000000000000014,-0.04999999999999982,-0.2999999999999998,-0.030000000000000027,-0.26,0.0,0.0,-0.02999999999999936,-0.13999999999999968,0.0001360051919139238,-0.013880578364318552,0.0025652446442077093,-0.02878498027029508,-0.000730393101746607,-0.008290348862718844,-0.009734348332808729,0.054359004151556256,-0.004057388554159935,-0.057416515823926595,-0.3299999999999983
2025-02-27,4.07,4.29,1.92,4.33,5861.57,18544.42,21.13,127.9704,70.62,2891.65,0.21999999999999975,0.020000000000000462,-0.10999999999999943,0.040000000000000036,-0.22999999999999954,0.030000000000000027,-0.2200000000000002,0.0,0.0,0.019999999999999574,-0.1200000000000001,-0.015991702852089063,-0.03513385193884311,-0.028223272307799974,-0.05952287525882305,0.00539231857047362,-0.0010153442810993951,-0.007544995483909744,0.040042034904659296,0.025092720943632685,-0.034514976255493046,2.0299999999999976
2025-02-28,3.99,4.24,1.86,4.33,5954.5,18847.28,19.63,128.2805,69.97,2861.4,0.25,-0.08000000000000007,-0.22999999999999954,-0.04999999999999982,-0.33999999999999986,-0.05999999999999983,-0.30000000000000004,0.0,0.0,0.03000000000000025,-0.11000000000000032,0.01572975043189828,-0.014344520215519907,0.016199671223848355,-0.04055998075021172,0.002420285363873731,-0.0015757706951120554,-0.010516257909345406,0.024731929781818707,-0.009246811742435135,-0.04019867610160244,-1.5
2025-03-03,3.96,4.16,1.8,4.33,5849.72,18350.19,22.78,127.75,68.63,2868.25,0.20000000000000018,-0.03000000000000025,-0.2999999999999998,-0.08000000000000007,-0.3799999999999999,-0.06000000000000005,-0.2899999999999998,0.0,0.0,-0.04999999999999982,-0.08000000000000007,-0.01775343937549323,-0.024460262617893136,-0.026728677729558115,-0.05521861850809806,-0.004144043457273483,-0.01058177973938168,0.0023910721470183915,0.026174141832402853,-0.019336821837261375,-0.06882772112688773,3.150000000000002
2025-03-04,3.96,4.22,1.87,4.33,5778.15,18285.16,23.51,127.9966,68.47,2911.6,0.2599999999999998,0.0,-0.25,0.05999999999999961,-0.2999999999999998,0.07000000000000006,-0.20999999999999996,0.0,0.0,0.05999999999999961,-0.04999999999999982,-0.01231023460336722,-0.0439693947095936,-0.0035501267655373425,-0.0721920956394051,0.0019284719830139352,-0.0008722988672440479,0.015000670564850438,0.03438013281023977,-0.0023340637875719494,-0.06461154315374174,0.7300000000000004
2025-03-05,3.99,4.28,1.94,4.33,5842.63,18552.73,21.93,126.504,66.58,2917.7,0.29000000000000004,0.03000000000000025,-0.17999999999999972,0.0600000000000005,-0.14999999999999947,0.06999999999999984,-0.06999999999999984,0.0,0.0,0.03000000000000025,0.03000000000000025,0.011097475685101443,-0.03677295675358039,0.01452714613147954,-0.05961227179353301,-0.011729772845812114,-0.011561785524944135,0.002092876409368394,0.015160438858365488,-0.027991460986092953,-0.06975357136749061,-1.5800000000000018
2025-03-06,3.96,4.29,1.95,4.33,5738.52,18069.26,24.87,126.1099,66.62,2901.65,0.33000000000000007,-0.03000000000000025,-0.25,0.009999999999999787,-0.16000000000000014,0.010000000000000009,-0.07999999999999985,0.0,0.0,0.040000000000000036,0.08999999999999986,-0.017979700568309553,-0.058390357349388466,-0.026404796124664287,-0.09106515848366925,-0.0031201792120754135,-0.01645105592013074,-0.005516093961174917,0.014038423458067939,0.0006006006186547452,-0.06325241977135843,2.9400000000000013
2025-03-07,3.99,4.32,1.99,4.33,5770.2,18196.22,23.37,125.9814,67.29,2918.5,0.33000000000000007,0.03000000000000025,-0.2999999999999998,0.03000000000000025,-0.16999999999999993,0.040000000000000036,-0.07999999999999985,0.0,0.0,0.0,0.1299999999999999,0.005505404600508967,-0.04337503926677222,0.007001728292337361,-0.07039986594116066,-0.0010194720018450454,-0.019243502724265227,0.005790244951549006,0.01799545532212221,0.010006804434693706,-0.05816515579471204,-1.5
2025-03-10,3.89,4.22,1.91,4.33,5614.56,17468.32,27.86,126.268,66.31,2902.1,0.3299999999999996,-0.10000000000000009,-0.3900000000000001,-0.10000000000000053,-0.29000000000000004,-0.08000000000000007,-0.15999999999999992,0.0,0.0,-4.440892098500626e-16,0.10000000000000009,-0.027343518375984033,-0.07740871849090603,-0.04082492553622963,-0.12095378433233073,0.0022723552430568006,-0.01859718054529491,-0.0056351727996126755,0.002259537152727198,-0.014670921819450733,-0.09241323878567265,4.489999999999998
2025-03-11,3.94,4.28,1.97,4.33,5572.07,17436.1,26.92,126.0457,66.52,2913.45,0.3400000000000003,0.04999999999999982,-0.3500000000000001,0.0600000000000005,-0.2599999999999998,0.06000000000000005,-0.1100000000000001,0.0,0.0,0.010000000000000675,0.0900000000000003,-0.007596604935653062,-0.08534483891156164,-0.0018461850477127228,-0.11922205167344657,-0.0017620926451442642,-0.018756599027301313,0.0039033331020190687,0.0022679253058841553,0.0031619389439505596,-0.10209300636999519,-0.9399999999999977
2025-03-12,4.01,4.32,1.99,4.33,5599.3,17648.45,24.23,125.8664,67.65,2913.6,0.3100000000000005,0.06999999999999984,-0.35000000000000053,0.040000000000000036,-0.2999999999999998,0.020000000000000018,-0.17000000000000015,0.0,0.0,-0.029999999999999805,0.05000000000000071,0.004874971275235396,-0.07774224894687443,0.01210519120605369,-0.10742683295663547,-0.0014235126480839355,-0.01937469336349551,5.148402709131972e-05,0.01043661738541335,0.016844700292070414,-0.058422294120134666,-2.6900000000000013
2025-03-13,3.94,4.27,1.98,4.33,5521.52,17303.01,24.66,126.0031,66.82,2944.65,0.3299999999999996,-0.06999999999999984,-0.36999999999999966,-0.05000000000000071,-0.25,-0.010000000000000009,-0.10000000000000009,0.0,0.0,0.01999999999999913,0.11999999999999966,-0.013988405225353162,-0.10210303163185053,-0.019767486017327585,-0.14213009827641265,0.0010854828665047833,-0.014888248908916601,0.010600534548808938,0.009280017468880075,-0.012344917688187351,-0.06993027494819781,0.4299999999999997
2025-03-14,4.02,4.31,2.01,4.33,5638.94,17754.09,21.77,125.6942,67.43,2999.85,0.29000000000000004,0.07999999999999963,-0.2400000000000002,0.040000000000000036,-0.16000000000000014,0.029999999999999805,-0.03000000000000025,0.0,0.0,-0.03999999999999959,0.08000000000000007,0.02104291988140794,-0.08098815577438678,0.02573543710463433,-0.12045396664796648,-0.0024545368987842764,-0.01150844066440282,0.018572322878052105,0.020816191431341835,0.009087585817880495,-0.05229383179661884,-2.8900000000000006
2025-03-17,4.06,4.31,2.02,4.33,5675.12,17808.66,20.51,125.3688,67.84,2996.15,0.25,0.040000000000000036,,0.0,,0.010000000000000231,,0.0,,-0.040000000000000036,,0.006395603934347349,,0.0030689439275786157,,-0.0025921795103824863,,-0.001234156260718322,0.03323827652766198,0.006061968737157031,,-1.259999999999998
2025-03-18,4.04,4.29,1.99,4.33,5614.66,17504.12,21.7,125.488,67.49,3021.7,0.25,-0.019999999999999574,-0.25,-0.019999999999999574,-0.2599999999999998,-0.030000000000000027,-0.1100000000000001,0.0,0.0,0.0,-0.009999999999999787,-0.010710674253909147,-0.08774519783882795,-0.017248574049080645,-0.13535686669971803,0.0009503430560489079,-0.014262525046929042,0.008491455760113453,0.03806177284525081,-0.005172552728332391,-0.06759910170777506,1.1899999999999977
2025-03-19,3.99,4.25,1.94,4.33,5675.29,17750.79,19.9,125.8006,67.4,3034.0,0.2599999999999998,-0.04999999999999982,-0.29000000000000004,-0.040000000000000036,-0.28000000000000025,-0.050000000000000044,-0.14000000000000012,0.0,0.0,0.009999999999999787,0.009999999999999787,0.010740629118979328,-0.07937874622642838,0.013993740181330594,-0.12211080390276052,0.0024879772600137073,-0.015233856560149306,0.004062294008878808,0.029976819723927406,-0.00133442083705404,-0.07404438386666357,-1.8000000000000007
2025-03-20,3.95,4.24,1.93,4.33,5662.89,17691.63,19.8,125.985,68.55,3026.2,0.29000000000000004,-0.040000000000000036,-0.33000000000000007,-0.009999999999999787,-0.2599999999999998,-0.010000000000000009,-0.11999999999999988,0.0,0.0,0.03000000000000025,0.07000000000000028,-0.002187300773803358,-0.07722242302908278,-0.0033383755930671555,-0.12075685398668057,0.0014647385153763182,-0.008910455575936282,-0.0025741738910074474,0.024469172483264856,0.016918388090061853,-0.06125084694337968,-0.09999999999999787
2025-03-21,3.94,4.25,1.92,4.33,5667.56,17784.05,19.28,126.2679,68.52,3031.3,0.31000000000000005,-0.010000000000000231,-0.25000000000000044,0.009999999999999787,-0.16999999999999993,-0.010000000000000009,-0.08000000000000007,0.0,0.0,0.020000000000000018,0.08000000000000052,0.0008243274123156397,-0.059186721625504646,0.005210341793709716,-0.09334300204098156,0.0022429880378433964,-0.006889293481153302,0.001683863377644812,0.03409154170462081,-0.0004377325524034248,-0.03160274487346815,-0.5199999999999996
2025-03-24,4.04,4.34,1.98,4.33,5767.57,18188.59,17.48,126.1956,69.46,3030.25,0.2999999999999998,0.10000000000000009,-0.08999999999999986,0.08999999999999986,-0.0600000000000005,0.06000000000000005,0.0,0.0,0.0,-0.010000000000000231,0.02999999999999936,0.017492157944607456,-0.03671305062604269,0.022492486233469222,-0.05863267154005136,-0.0005727560774246854,-0.00786545785294912,-0.00034644604449418637,0.03003148220706464,0.013625373860008061,-0.022773543276953134,-1.8000000000000007
2025-03-25,3.96,4.31,1.96,4.33,5776.65,18271.86,17.15,126.0535,69.48,3021.35,0.34999999999999964,-0.08000000000000007,-0.11000000000000032,-0.03000000000000025,0.009999999999999787,-0.020000000000000018,0.040000000000000036,0.0,0.0,0.04999999999999982,0.1200000000000001,0.0015730819184724965,-0.030449253569173607,0.004567697040366525,-0.040464791391961796,-0.0011266641984573056,-0.010430641700824417,-0.0029413729977711967,0.02659713409455211,0.00028789405697704495,0.004760883262137305,-0.33000000000000185
2025-03-26,3.98,4.35,1.98,4.33,5712.2,17899.01,18.33,126.2364,70.05,3021.85,0.36999999999999966,0.020000000000000018,-0.06999999999999984,0.040000000000000036,0.09999999999999964,0.020000000000000018,0.09000000000000008,0.0,0.0,0.020000000000000018,0.16999999999999948,-0.01121969145510704,-0.04180495021619457,-0.020616767393111246,-0.06364680342928075,0.0014499195730151015,-0.008250329026062708,0.00016547524528043311,0.03649695767264127,0.008170331410111586,0.016988603226408827,1.1799999999999997
2025-03-27,3.97,4.38,1.99,4.33,5693.31,17804.03,18.69,126.3626,70.3,3051.7,0.4099999999999997,-0.009999999999999787,-0.10000000000000009,0.03000000000000025,0.08999999999999986,0.010000000000000009,0.07000000000000006,0.0,0.0,0.040000000000000036,0.18999999999999995,-0.003312437106650634,-0.02912568447075614,-0.005320567887846295,-0.04074409900932707,0.0009992122732089825,-0.012643435323327346,0.009829585775614547,0.053871538932165564,0.003562526033602964,-0.004541591683620894,0.360000000000003
2025-03-28,3.89,4.27,1.9,4.33,5580.94,17322.99,21.65,126.4187,69.74,3070.4,0.37999999999999945,-0.08000000000000007,-0.10000000000000009,-0.11000000000000032,0.02999999999999936,-0.09000000000000008,0.039999999999999813,0.0,0.0,-0.03000000000000025,0.12999999999999945,-0.019934580336265384,-0.06479001523891981,-0.02739031513737089,-0.08433408537054632,0.00044386195435386355,-0.014619858732847213,0.006109033879690529,0.0704968307212015,-0.007997757569113695,-0.0032925375102994536,2.9599999999999973
2025-03-31,3.89,4.23,1.85,4.33,5611.85,17299.29,22.28,126.7075,71.87,3120.2,0.3400000000000003,0.0,-0.06999999999999984,-0.03999999999999915,0.07000000000000028,-0.04999999999999982,0.050000000000000044,0.0,0.0,-0.03999999999999915,0.14000000000000012,0.005523212456949977,-0.0415133634064766,-0.0013690608302976415,-0.058974468471285846,0.002281866715599712,-0.008193948559974018,0.01608925605971301,0.08419501463389611,0.030084890232846107,0.04612917455980803,0.6300000000000026
2025-04-01,3.87,4.17,1.84,4.33,5633.07,17449.89,21.77,126.4338,71.61,3131.5,0.2999999999999998,-0.020000000000000018,-0.08999999999999986,-0.0600000000000005,-0.04999999999999982,-0.010000000000000009,-0.030000000000000027,0.0,0.0,-0.04000000000000048,0.040000000000000036,0.0037741531622366153,-0.025428975640872764,0.008667884704516737,-0.046756457001231766,-0.0021624294941533506,-0.012284850037141304,0.00361502065231889,0.07280936472136457,-0.0036242024615029678,0.04483903588587701,-0.5100000000000016
2025-04-02,3.91,4.2,1.88,4.33,5670.97,17601.05,21.51,126.3811,72.12,3127.05,0.29000000000000004,0.040000000000000036,-0.08000000000000007,0.03000000000000025,-0.08000000000000007,0.039999999999999813,-0.06000000000000005,0.0,0.0,-0.009999999999999787,0.0,0.006705592339420363,-0.029820858986553844,0.008625214451843277,-0.05265838868086803,-0.0004169058134095849,-0.0009719830047387745,-0.0014220548689110046,0.06929443344308517,0.007096669316267956,0.07992716618823792,-0.259999999999998
2025-04-03,3.71,4.06,1.78,4.33,5396.52,16550.61,30.02,124.7316,67.43,3128.15,0.34999999999999964,-0.20000000000000018,-0.25,-0.14000000000000057,-0.23000000000000043,-0.09999999999999987,-0.16999999999999993,0.0,0.0,0.05999999999999961,0.019999999999999574,-0.04960587756339585,-0.06144703598164014,-0.06153560020560711,-0.08778919276181085,-0.013137716453083925,-0.010989520245747286,0.0003517073830856532,0.07516223478734574,-0.06724137558862608,0.01208518998095709,8.509999999999998
2025-04-04,3.68,4.01,1.83,4.33,5074.08,15587.79,45.31,125.8129,62.42,3090.3,0.3299999999999996,-0.029999999999999805,-0.31000000000000005,-0.04999999999999982,-0.3100000000000005,0.050000000000000044,-0.15999999999999992,0.0,0.0,-0.020000000000000018,-4.440892098500626e-16,-0.06160907367588031,-0.12856151425802942,-0.059935043665621635,-0.15472596471976985,0.008631653966090447,-0.001338394277811794,-0.012173601921885435,0.0571983879139113,-0.07720428590385708,-0.0751259003575937,15.290000000000003
2025-04-07,3.73,4.15,1.96,4.33,5062.25,15603.26,46.98,126.8282,61.05,3025.1,0.4200000000000004,0.04999999999999982,-0.16000000000000014,0.14000000000000057,-0.0699999999999994,0.1299999999999999,0.050000000000000044,0.0,0.0,0.09000000000000075,0.09000000000000075,-0.002334179209082521,-0.10355217509112791,0.0009919512981131362,-0.11290908788542708,0.00803753202352997,0.004426782502661375,-0.02132402478797424,0.041509535925549734,-0.022192536285920106,-0.08264751482406307,1.6699999999999946
2025-04-08,3.71,4.26,2.04,4.33,4982.77,15267.91,52.33,126.8668,60.04,3002.7,0.5499999999999998,-0.020000000000000018,-0.22999999999999998,0.10999999999999943,-0.020000000000000462,0.08000000000000007,0.07000000000000006,0.0,0.0,0.12999999999999945,0.20999999999999952,-0.01582508719681286,-0.1117806573522877,-0.021726626598443488,-0.13278952943615785,0.0003043024127231675,0.006493177560528807,-0.00743226487669979,0.030173937946830875,-0.016682193791452526,-0.10249164755946616,5.350000000000001
2025-04-09,3.91,4.34,2.07,4.33,5456.9,17124.97,33.62,126.628,62.63,3044.7,0.4299999999999997,0.20000000000000018,-0.09999999999999964,0.08000000000000007,0.019999999999999574,0.029999999999999805,0.07999999999999985,0.0,0.0,-0.1200000000000001,0.11999999999999922,0.09089490164871528,-0.025760726978807824,0.11478439213801295,-0.03011032850419859,-0.001884062873391379,0.006032627335221363,0.013890490229799823,0.04401294414953938,0.04223338977206037,-0.0771029580794762,-18.71
2025-04-10,3.84,4.4,2.21,4.33,5268.05,16387.31,40.72,125.089,60.57,3106.65,0.5600000000000005,-0.07000000000000028,-0.10000000000000009,0.0600000000000005,0.13000000000000078,0.14000000000000012,0.22999999999999998,0.0,0.0,0.13000000000000078,0.23000000000000087,-0.035220587845119056,-0.04699290959857372,-0.04403037750222971,-0.05437321998910072,-0.012228170341593625,-0.007281025872877045,0.020142601067387744,0.053555010668118186,-0.03344467554446506,-0.09820271593575391,7.100000000000001
2025-04-11,3.96,4.48,2.28,4.33,5363.36,16724.46,37.56,124.0163,61.91,3213.75,0.5200000000000005,0.1200000000000001,-0.05999999999999961,0.08000000000000007,0.17000000000000082,0.06999999999999984,0.27,0.0,0.0,-0.040000000000000036,0.23000000000000043,0.01793036925211311,-0.05010546022786855,0.02036506367783275,-0.059743593415902296,-0.008612475371617023,-0.013438964345709792,0.03389350438982852,0.0688761921798946,0.021881996538284376,-0.08540830521535003,-3.1599999999999966
2025-04-14,3.84,4.38,2.15,4.33,5405.97,16831.48,30.89,123.6598,61.99,3220.65,0.54,-0.1200000000000001,-0.21999999999999975,-0.10000000000000053,0.07000000000000028,-0.1299999999999999,0.1299999999999999,0.0,0.0,0.019999999999999574,0.29000000000000004,0.007913254093152133,-0.048587810069063764,0.00637862404442302,-0.05643391329905789,-0.0028787617876817606,-0.013725546623009066,0.002144722940727206,0.07225507138134013,0.0012913641826877154,-0.09017890976981935,-6.670000000000002
2025-04-15,3.84,4.35,2.16,4.33,5396.63,16823.17,30.12,123.776,61.74,3227.35,0.5099999999999998,0.0,-0.20000000000000018,-0.03000000000000025,0.05999999999999961,0.010000000000000231,0.17000000000000015,0.0,0.0,-0.03000000000000025,0.2599999999999998,-0.0017292137684190578,-0.039606349583573675,-0.0004938396428944003,-0.03967917889287165,0.0009392335995217493,-0.013736656079536225,0.0020781645196379372,0.06584178014086461,-0.004041062639815074,-0.08904741968130203,-0.7699999999999996
2025-04-16,3.77,4.29,2.12,4.33,5275.7,16307.16,32.64,123.2724,62.88,3304.4,0.52,-0.06999999999999984,-0.2200000000000002,-0.05999999999999961,0.040000000000000036,-0.040000000000000036,0.18000000000000016,0.0,0.0,0.010000000000000231,0.26000000000000023,-0.02266331270099542,-0.07301029140354842,-0.03115282773077155,-0.08482574680497379,-0.004076939559584325,-0.020301572899134257,0.023593546647886043,0.08537303277987185,0.018296129046937892,-0.0694168697973101,2.5199999999999996
2025-04-17,3.81,4.34,2.11,4.33,5282.7,16286.45,29.65,123.1298,65.07,3324.35,0.5299999999999998,0.040000000000000036,-0.14000000000000012,0.04999999999999982,0.09999999999999964,-0.010000000000000231,0.17999999999999994,0.0,0.0,0.009999999999999787,0.23999999999999977,0.0013259586728278094,-0.06949703195691725,-0.0012708014108966381,-0.08275817262280327,-0.0011574573272499222,-0.022923768741760497,0.0060192525693896215,0.09396645924026892,0.03423546538594202,-0.05209979250142993,-2.990000000000002
2025-04-18,,,,4.33,,,,122.9865,,,,,,,,,,0.0,0.0,,,,,,,-0.0011644902527248036,-0.026331247032328697,,,,,
2025-04-21,3.75,4.42,2.2,4.33,5158.2,15870.9,33.82,122.3145,63.48,,0.6699999999999999,,-0.29000000000000004,,0.08000000000000007,,0.2200000000000002,0.0,0.0,,0.3700000000000001,,-0.11166316654022879,,-0.13630723070201256,-0.005478996670097658,-0.03123748762500167,,,,-0.09002615165771921,
2025-04-22,3.76,4.41,2.14,4.33,5287.76,16300.42,30.57,122.4175,64.6,3454.7,0.6500000000000004,0.009999999999999787,-0.20000000000000018,-0.009999999999999787,0.10000000000000053,-0.06000000000000005,0.18000000000000016,0.0,0.0,-0.019999999999999574,0.3000000000000007,0.024807034313980125,-0.08842921414472116,0.026703630646553123,-0.11417129709582596,0.0008417371335296409,-0.029269086293014723,,0.1340318713987454,0.017489515130347577,-0.07282453058434868,-3.25
2025-04-23,3.81,4.4,2.11,4.33,5375.86,16708.05,28.45,123.0252,62.64,3332.85,0.5900000000000003,0.050000000000000266,-0.16999999999999993,-0.009999999999999787,0.05000000000000071,-0.03000000000000025,0.1299999999999999,0.0,0.0,-0.06000000000000005,0.22000000000000064,0.01652384547479535,-0.06068567721481877,0.02469976485693337,-0.06885476484578135,0.004951878721909608,-0.025767127144120217,-0.035907828957038035,0.09795856719642693,-0.030810359106007823,-0.11180522110046809,-2.120000000000001
2025-04-24,3.77,4.32,2.02,4.33,5484.77,17166.04,26.47,122.9251,63.55,3331.05,0.5500000000000003,-0.040000000000000036,-0.20000000000000018,-0.08000000000000007,-0.05999999999999961,-0.08999999999999986,0.030000000000000027,0.0,0.0,-0.040000000000000036,0.14000000000000057,0.02005659908960844,-0.03731664101855969,0.02704237427203715,-0.0364918226858979,-0.0008139856347151309,-0.02758032505204433,-0.000540224206179829,0.08758875721463255,0.014422945952914823,-0.10094480118115623,-1.9800000000000004
2025-04-25,3.74,4.29,2.02,4.33,5525.21,17382.94,24.84,122.8858,63.85,3299.35,0.5499999999999998,-0.029999999999999805,-0.1499999999999999,-0.03000000000000025,0.020000000000000462,0.0,0.1200000000000001,0.0,0.0,-4.440892098500626e-16,0.17000000000000037,0.007346095426564503,-0.010035965255729806,0.0125562520043907,0.0034547444558636897,-0.00031975799555539197,-0.028343945001953585,-0.009562090231854725,0.0719176331030873,0.004709584843085146,-0.08823745876895739,-1.629999999999999
2025-04-28,3.67,4.23,1.98,4.33,5528.75,17366.13,25.15,122.7176,63.3,3278.65,0.5600000000000005,-0.07000000000000028,-0.2200000000000002,-0.05999999999999961,0.0,-0.040000000000000036,0.1299999999999999,0.0,0.0,0.010000000000000675,0.2200000000000002,0.0006404944691347225,-0.014918683243545061,-0.00096750798287637,0.0038562973032849612,-0.001369688093046939,-0.031995499810600236,-0.006293727068692689,0.0495346499746816,-0.008651253328417319,-0.12697360233022081,0.3099999999999987
2025-04-29,3.65,4.19,1.96,4.33,5560.83,17461.32,24.17,122.5944,61.84,3314.95,0.5400000000000005,-0.020000000000000018,-0.2200000000000002,-0.040000000000000036,0.020000000000000462,-0.020000000000000018,0.11999999999999988,0.0,0.0,-0.020000000000000018,0.24000000000000066,0.005785627496395662,-0.012907208909386014,0.005466391425979822,0.0006548040247480458,-0.0010044352527227574,-0.030837505569169643,0.011010788262124649,0.05693041758448736,-0.023334924870964002,-0.14668432473968185,-0.9799999999999969
2025-04-30,3.6,4.17,1.94,4.33,5569.06,17446.34,24.7,122.5921,59.55,3284.3,0.5699999999999998,-0.04999999999999982,-0.31000000000000005,-0.020000000000000462,-0.03000000000000025,-0.020000000000000018,0.06000000000000005,0.0,0.0,0.02999999999999936,0.2799999999999998,0.001478900779794401,-0.018133900469011976,-0.0008582643992500749,-0.008828674826345306,-1.876122869770569e-05,-0.030439360984457764,-0.00928900114023179,0.04906347131316657,-0.0377341084778573,-0.1915151025338071,0.5299999999999976
2025-05-01,3.7,4.25,2.0,4.33,5604.14,17710.74,24.6,123.1405,60.59,3225.75,0.5499999999999998,0.10000000000000009,-0.009999999999999787,0.08000000000000007,0.1900000000000004,0.06000000000000005,0.21999999999999997,0.0,0.0,-0.020000000000000018,0.20000000000000018,0.006279331841724911,0.037751308936108785,0.015041350695319977,0.06774827607458178,0.004463395662036795,-0.012838248869337043,-0.017988058077767377,0.030723705852313543,0.01731356715558796,-0.10696015978959306,-0.09999999999999787
2025-05-02,3.83,4.33,2.06,4.33,5686.67,17977.73,22.68,122.4962,59.67,3263.05,0.5,0.1299999999999999,0.1499999999999999,0.08000000000000007,0.3200000000000003,0.06000000000000005,0.22999999999999998,0.0,0.0,-0.04999999999999982,0.17000000000000037,0.014619229243407972,0.11397961185539707,0.014962534458206278,0.1426458541984097,-0.005245970798379851,-0.02671587363380734,0.011496859466060272,0.05439416724025925,-0.015300481422906742,-0.045056355308642715,-1.9200000000000017
2025-05-05,3.83,4.36,2.08,4.33,5650.38,17844.24,23.64,122.2613,58.5,,0.5300000000000002,0.0,0.10000000000000009,0.03000000000000025,0.20999999999999996,0.020000000000000018,0.1200000000000001,0.0,0.0,0.03000000000000025,0.10999999999999988,-0.0064020400278312906,0.1099117510366483,-0.007453002607968884,0.13420090029232767,-0.0019194514743778868,-0.0366728571317152,,,-0.019802627296179764,-0.042666446318902373,0.9600000000000009
2025-05-06,3.78,4.3,2.04,4.33,5606.91,17689.66,24.76,122.0417,60.42,3377.35,0.52,-0.050000000000000266,0.06999999999999984,-0.0600000000000005,0.040000000000000036,-0.040000000000000036,0.0,0.0,0.0,-0.010000000000000231,-0.029999999999999805,-0.007723033885545405,0.11801380434791575,-0.008700478985952387,0.14722704790481878,-0.0017977680105856209,-0.038774927555023986,,0.11757949440804616,0.032293421720715365,0.006309169193265518,1.120000000000001
2025-05-07,3.78,4.26,2.01,4.33,5631.28,17738.16,23.55,122.117,59.42,3375.75,0.48,0.0,-0.13000000000000034,-0.040000000000000036,-0.08000000000000007,-0.03000000000000025,-0.06000000000000005,0.0,0.0,-0.040000000000000036,0.050000000000000266,0.004337004125959609,0.031455906825160085,0.002737963007495736,0.035180618774301564,0.0006168119537601768,-0.03627405272787243,-0.00047385645997799486,0.10321514771826834,-0.016689305924064257,-0.05261352650285911,-1.2100000000000009
2025-05-08,3.9,4.37,2.08,4.33,5663.94,17928.14,22.48,122.7568,61.25,3341.1,0.4700000000000002,0.1200000000000001,0.06000000000000005,0.11000000000000032,-0.03000000000000025,0.07000000000000028,-0.1299999999999999,0.0,0.0,-0.009999999999999787,-0.0900000000000003,0.0057829933406665646,0.0724594880109457,0.010653294385731371,0.08986429066226265,0.005225560724667844,-0.01882032166161096,-0.010317427773987475,0.07275511887689312,0.030332979390374604,0.011164128431980558,-1.0700000000000003
2025-05-09,3.88,4.37,2.08,4.33,5659.91,17928.92,21.9,122.5191,62.37,3324.45,0.4900000000000002,-0.020000000000000018,-0.08000000000000007,0.0,-0.11000000000000032,0.0,-0.19999999999999973,0.0,0.0,0.020000000000000018,-0.03000000000000025,-0.000711772086374296,0.0538173466724583,4.350607663461403e-05,0.06954273306106451,-0.0019382260908171745,-0.012146072380811113,-0.0049958471933706505,0.03386576729369395,0.018120541113194832,0.007402673006891014,-0.5800000000000018
2025-05-12,3.98,4.45,2.16,4.33,5844.19,18708.34,18.39,123.4863,63.32,3222.6,0.4700000000000002,0.10000000000000009,0.14000000000000012,0.08000000000000007,0.07000000000000028,0.08000000000000007,0.010000000000000231,0.0,0.0,-0.020000000000000018,-0.06999999999999984,0.032040014309449916,0.07794410688875608,0.04255436218308084,0.10571847119972233,0.007863282542501793,-0.0014040280506275593,-0.031115759734323234,0.000605284618643509,0.01511684447477979,0.021228153298983088,-3.509999999999998
2025-05-13,4.02,4.49,2.17,4.33,5886.55,19010.08,18.22,122.9583,65.04,3254.1,0.47000000000000064,0.03999999999999959,0.17999999999999972,0.040000000000000036,0.14000000000000057,0.009999999999999787,0.009999999999999787,0.0,0.0,4.440892098500626e-16,-0.03999999999999915,0.0072220821737154495,0.08689540283089059,0.01599995106121277,0.1222122619038295,-0.004284945240212501,-0.00662820689036181,0.00972725257481244,0.008254372673818011,0.026801230226744188,0.05207044616554235,-0.1700000000000017
2025-05-14,4.05,4.53,2.16,4.33,5892.58,19146.81,18.62,122.6746,64.48,3230.95,0.4800000000000004,0.03000000000000025,0.2799999999999998,0.040000000000000036,0.2400000000000002,-0.009999999999999787,0.040000000000000036,0.0,0.0,0.009999999999999787,-0.03999999999999959,0.0010238448046244741,0.11058256033651048,0.007166757313363803,0.16053184694796485,-0.0023099521778151555,-0.00486121950859264,-0.0071395280946369155,-0.022478702068704948,-0.008647367041182186,0.025126950077422272,0.40000000000000213
2025-05-15,3.96,4.45,2.11,4.33,5916.93,19112.32,17.83,122.8174,63.03,3171.35,0.4900000000000002,-0.08999999999999986,0.1499999999999999,-0.08000000000000007,0.11000000000000032,-0.050000000000000266,0.0,0.0,0.0,0.009999999999999787,-0.03999999999999959,0.004123800988772075,0.11338040265245475,-0.0018029688256380183,0.15999967953322347,0.0011633781639002194,-0.0025403840174424985,-0.018618846896261587,-0.047116801534356156,-0.02274429467335448,-0.03185280998187423,-0.7900000000000027
2025-05-16,3.98,4.43,2.09,4.33,5958.38,19211.1,17.24,123.0737,63.84,3210.05,0.44999999999999973,0.020000000000000018,,-0.020000000000000462,,-0.020000000000000018,,0.0,0.0,-0.04000000000000048,,0.0069808987439632375,,0.005155083693235696,,0.0020846634369400263,0.0007087696722223313,0.012129148603355233,,0.012769149616534747,,-0.5899999999999999
2025-05-19,3.97,4.46,2.1,4.33,5963.6,19215.46,18.14,122.4186,63.98,3239.05,0.48999999999999977,-0.009999999999999787,0.2200000000000002,0.03000000000000025,0.040000000000000036,0.010000000000000231,-0.10000000000000009,0.0,0.0,0.040000000000000036,-0.18000000000000016,0.0008756935229854435,0.14508664414579187,0.00022692637689658568,0.1912279196553861,-0.005337043605768699,0.0008507227365512904,0.00899356358867287,,0.0021905813798186458,0.007845638863163806,0.9000000000000021
2025-05-20,3.97,4.48,2.13,4.33,5940.46,19142.71,18.09,122.3199,63.97,3238.45,0.5100000000000002,0.0,0.2100000000000004,0.020000000000000462,0.07000000000000028,0.029999999999999805,-0.010000000000000231,0.0,0.0,0.020000000000000462,-0.14000000000000012,-0.003887754118519382,0.11639185571329236,-0.0037931990618638167,0.16073108994696916,-0.0008065752249919456,-0.000797589621970296,-0.00018525665819169035,-0.06464080249437565,-0.0001563110593263417,-0.009800187326510112,-0.05000000000000071
2025-05-21,4.0,4.58,2.23,4.33,5844.61,18872.64,20.87,121.7496,62.93,3310.25,0.5800000000000001,0.029999999999999805,0.18999999999999995,0.09999999999999964,0.17999999999999972,0.10000000000000009,0.1200000000000001,0.0,0.0,0.06999999999999984,-0.010000000000000231,-0.016266702451147808,0.0836013077873492,-0.014208710093678079,0.12182261499635771,-0.0046732675563196935,-0.010422735900199598,0.02192889496264705,-0.006804078574690564,-0.0163912259232033,0.00461894585629441,2.780000000000001
2025-05-22,4.0,4.54,2.2,4.33,5842.01,18925.73,20.28,122.0429,62.55,3305.9,0.54,0.0,0.22999999999999998,-0.040000000000000036,0.21999999999999975,-0.029999999999999805,0.18000000000000016,0.0,0.0,-0.040000000000000036,-0.010000000000000231,-0.0004449532958030744,0.06309975540193768,0.002809117690087959,0.09758935841440852,0.0024061457305366574,-0.00720260453494781,-0.0013149643302554637,-0.007578818698766199,-0.006056760625922308,-0.01586076072254272,-0.5899999999999999
2025-05-23,4.0,4.51,2.18,4.33,5802.82,18737.21,22.29,121.3837,62.89,3330.1,0.5099999999999998,0.0,0.2599999999999998,-0.03000000000000025,0.21999999999999975,-0.020000000000000018,0.16000000000000014,0.0,0.0,-0.03000000000000025,-0.040000000000000036,-0.006730909417987263,0.04902275055738592,-0.010010985571010877,0.07502212083900694,-0.0054160195424275415,-0.012298866081819959,0.007293582664015474,0.009276854197104,0.005420931642492022,-0.015149413923135846,2.009999999999998
2025-05-26,,,,,,,20.57,,,,,,,,,,,,,,,,,,,,,,,,,-1.7199999999999989
2025-05-27,3.92,4.43,2.11,4.33,5921.54,19199.16,18.96,121.6099,61.61,3295.75,0.5099999999999998,,0.27,,0.23999999999999932,,0.1499999999999999,,0.0,,-0.030000000000000693,,0.06284917250497735,,0.09487837914828923,,-0.008062964768743797,,-0.005808780911875644,,-0.003726209252687518,-1.6099999999999994
2025-05-28,3.96,4.47,2.15,4.33,5888.55,19100.94,19.31,121.9888,62.54,3321.65,0.5099999999999998,0.040000000000000036,0.3599999999999999,0.040000000000000036,0.2999999999999998,0.040000000000000036,0.20999999999999996,0.0,0.0,0.0,-0.06000000000000005,-0.0055867628115837675,0.05578350891359918,-0.005128979575408366,0.09060766397213094,0.0031108565486164252,-0.004933346991429666,0.007827887766653774,0.01130810799500992,0.01498215700321559,0.04899005622838537,0.34999999999999787
2025-05-29,3.92,4.43,2.11,4.33,5912.17,19175.87,19.18,121.5617,61.66,3278.9,0.5099999999999998,-0.040000000000000036,0.21999999999999975,-0.040000000000000036,0.17999999999999972,-0.040000000000000036,0.10999999999999988,0.0,0.0,0.0,-0.040000000000000036,0.004003150916718212,0.05350732798859248,0.003915169300368504,0.07948148257717946,-0.003507284426142121,-0.012904027079608582,-0.012953647127906365,0.016342518944870932,-0.014170929571690749,0.01750555950110666,-0.129999999999999
2025-05-30,3.89,4.41,2.07,4.33,5911.69,19113.77,18.57,121.7674,61.46,3293.55,0.52,-0.029999999999999805,0.06000000000000005,-0.019999999999999574,0.08000000000000007,-0.040000000000000036,0.009999999999999787,0.0,0.0,0.010000000000000231,0.020000000000000018,-8.119175975807025e-05,0.03880690698542644,-0.0032437000948153383,0.06127524802415785,0.001690714748048272,-0.005967341533180459,0.004458010106628052,0.009303669585438712,-0.00324886575566552,0.029557175168347882,-0.6099999999999994
2025-06-02,3.94,4.46,2.13,4.33,5935.94,19242.61,18.36,121.1881,63.27,3345.1,0.52,0.04999999999999982,0.10999999999999988,0.04999999999999982,0.09999999999999964,0.06000000000000005,0.04999999999999982,0.0,0.0,0.0,-0.010000000000000231,0.004093651450133962,0.04930259846339169,0.006718073216102738,0.07544632384822947,-0.004768783566007961,-0.008816673624810534,0.015530578098234216,,0.029024726456454708,0.07838452892098235,-0.21000000000000085
2025-06-03,3.96,4.46,2.14,4.33,5970.37,19398.96,17.69,121.4592,64.1,3358.2,0.5,0.020000000000000018,0.18000000000000016,0.0,0.16000000000000014,0.010000000000000231,0.10000000000000009,0.0,0.0,-0.020000000000000018,-0.020000000000000018,0.005783504036175557,0.06280913638511265,0.008092365461962459,0.09223916829614431,0.002234519920905065,-0.004784385693319848,0.00390852764368077,-0.0056862621757591825,0.013033080767830718,0.05912418796809771,-0.6699999999999982
2025-06-04,3.87,4.37,2.06,4.33,5970.81,19460.49,17.61,121.0539,63.57,3363.1,0.5,-0.08999999999999986,0.0900000000000003,-0.08999999999999986,0.11000000000000032,-0.08000000000000007,0.050000000000000266,0.0,0.0,0.0,0.020000000000000018,7.369455953210036e-05,0.05854582681868514,0.0031667999120799095,0.09266800520072849,-0.003342502960419047,-0.008743700607499072,0.0014580515281501505,-0.003754354187631037,-0.008302702978306264,0.0675107909138557,-0.08000000000000185
2025-06-05,3.92,4.4,2.11,4.33,5939.3,19298.45,18.48,120.9596,64.06,3385.6,0.4800000000000004,0.04999999999999982,0.020000000000000018,0.03000000000000025,0.03000000000000025,0.04999999999999982,0.029999999999999805,0.0,0.0,-0.019999999999999574,0.010000000000000231,-0.005291315280564035,0.04747151819745454,-0.008361474492046383,0.07365323632295073,-0.000779295409325087,-0.014748556741492003,0.006667975570405105,0.013231049156761543,0.0076784832326941554,0.04485629475617525,0.870000000000001
2025-06-06,4.04,4.51,2.2,4.33,6000.36,19529.95,16.77,121.161,65.3,3356.05,0.46999999999999975,0.1200000000000001,0.16000000000000014,0.10999999999999943,0.13999999999999968,0.0900000000000003,0.1200000000000001,0.0,0.0,-0.010000000000000675,-0.020000000000000462,0.01022818611570031,0.05841147639952915,0.011924402916539734,0.08553413316285585,0.0016636341265536814,-0.011146696524121147,-0.008766456058896921,0.009460440291235273,0.019171892101373267,0.04590764574435369,-1.7100000000000009
2025-06-09,4.01,4.49,2.18,4.33,6005.88,19591.24,17.16,120.9103,65.99,3317.8,0.4800000000000004,-0.03000000000000025,0.029999999999999805,-0.019999999999999574,0.040000000000000036,-0.020000000000000018,0.020000000000000018,0.0,0.0,0.010000000000000675,0.010000000000000231,0.0009195219134294774,0.02729098400350871,0.0031333428325979185,0.04611311381237293,-0.0020712913065725758,-0.021081270373195515,-0.01146277450685318,0.029113425518705327,0.01051117911294508,0.04130198038251898,0.39000000000000057
2025-06-10,4.01,4.47,2.18,4.33,6038.81,19714.99,16.95,121.0485,65.66,3327.65,0.45999999999999996,0.0,-0.009999999999999787,-0.020000000000000462,-0.020000000000000462,0.0,0.010000000000000231,0.0,0.0,-0.020000000000000462,-0.010000000000000675,0.0054679833266551015,0.025536885156448363,0.006296732547404815,0.036409895298564976,0.0011423433661317262,-0.015653981766851288,0.0029644364831238335,0.02235060942701672,-0.005013303321883988,0.0094874468338908,-0.21000000000000085
2025-06-11,3.94,4.41,2.14,4.33,6022.24,19615.88,17.26,120.587,68.91,3338.1,0.4700000000000002,-0.06999999999999984,-0.10999999999999988,-0.05999999999999961,-0.1200000000000001,-0.040000000000000036,-0.020000000000000018,0.0,0.0,0.010000000000000231,-0.010000000000000231,-0.002747689533666886,0.021765350818157003,-0.0050398178215118605,0.024203320163689312,-0.0038198076122313296,-0.017163837201267462,0.003135433690465206,0.03262557121211884,0.04831139329567069,0.06644620717074368,0.3100000000000023
2025-06-12,3.9,4.36,2.11,4.33,6045.26,19662.48,18.02,120.1723,68.73,3360.45,0.4600000000000004,-0.040000000000000036,-0.06000000000000005,-0.04999999999999982,-0.08999999999999986,-0.03000000000000025,0.0,0.0,0.0,-0.009999999999999787,-0.029999999999999805,0.0038152107599636054,0.021456760589348534,0.0023728089392740515,0.028379097928601382,-0.0034449378289798105,-0.021772153194147492,0.006673110729284559,0.05791752883766499,-0.002615520235602631,0.08657498160849553,0.759999999999998
2025-06-13,3.96,4.41,2.13,4.33,5976.97,19406.83,20.82,120.3245,73.84,3420.2,0.4500000000000002,0.06000000000000005,-0.020000000000000018,0.04999999999999982,-0.019999999999999574,0.020000000000000018,0.040000000000000036,0.0,0.0,-0.010000000000000231,4.440892098500626e-16,-0.01136074330540815,0.0031151185399771464,-0.013087185253505496,0.010136828981860191,0.0012657134757647626,-0.022591103155322756,0.017624135317904077,0.06341251555221383,0.07171480506108274,0.14552063705304352,2.8000000000000007
2025-06-16,3.97,4.46,2.16,4.33,6033.11,19701.21,19.11,120.1565,72.53,3417.3,0.48999999999999977,0.010000000000000231,0.0,0.04999999999999982,0.0,0.03000000000000025,0.06000000000000005,0.0,0.0,0.03999999999999959,0.0,0.009348881754855043,0.011588306771846746,0.01505498921180859,0.024964891816772194,-0.0013972000060746836,-0.01865125955562874,-0.0008482633049755606,0.0535706886585654,-0.01790032081927606,0.12542973485394882,-1.7100000000000009
2025-06-17,3.94,4.39,2.08,4.33,5982.72,19521.09,21.6,120.5048,75.62,3380.55,0.44999999999999973,-0.03000000000000025,-0.03000000000000025,-0.07000000000000028,-0.09000000000000075,-0.08000000000000007,-0.04999999999999982,0.0,0.0,-0.040000000000000036,-0.0600000000000005,-0.008387318295762114,0.007088742594604014,-0.009184635587651258,0.019573455290984754,0.0028945264002118165,-0.014950157930424979,-0.01081234744119186,0.04294359787556523,0.04172052908746604,0.1673065750007412,2.490000000000002
2025-06-18,3.94,4.38,2.07,4.33,5980.87,19546.27,20.14,120.7305,75.89,3381.35,0.43999999999999995,0.0,-0.06000000000000005,-0.009999999999999787,-0.20000000000000018,-0.010000000000000231,-0.16000000000000014,0.0,0.0,-0.009999999999999787,-0.14000000000000012,-0.0003092717177288762,0.023046173328022945,0.0012890557993543439,0.035071221184017176,0.0018712026461757958,-0.00840568772792949,0.0002366198860475066,0.02125132279896569,0.0035641249530344865,0.18726192587697899,-1.4600000000000009
2025-06-19,,,,,,,22.17,,,3370.45,,,,,,,,,,,,,,,,,,-0.0032287714296472814,0.01933751569957387,,,2.030000000000001
2025-06-20,3.9,4.38,2.05,4.33,5967.84,19447.41,20.62,121.0408,75.72,3355.15,0.48,,-0.10000000000000009,,-0.1299999999999999,,-0.13000000000000034,,0.0,,-0.029999999999999805,,0.02804104660194895,,0.0372025129195972,,-0.0028289238808802963,-0.0045497877938665,0.007494145241691896,,0.1856551577857095,-1.5500000000000007
2025-06-23,3.84,4.34,2.04,4.33,6025.17,19630.97,19.83,121.1694,69.36,3363.0,0.5,-0.06000000000000005,,-0.040000000000000036,,-0.009999999999999787,,0.0,,0.020000000000000018,,0.009560641855696161,,0.00939452198563906,,0.0010618876668626598,,0.002336953944951148,,-0.08773199386883501,,-0.7900000000000027
2025-06-24,3.75,4.3,2.01,4.33,6092.18,19912.53,17.48,120.3645,65.45,3319.5,0.5499999999999998,-0.08999999999999986,-0.16999999999999993,-0.040000000000000036,-0.1299999999999999,-0.03000000000000025,-0.10000000000000009,0.0,0.0,0.04999999999999982,0.040000000000000036,0.011060286796933383,0.02840943134145668,0.01424076059684154,0.03648265374969206,-0.006664927611021554,-0.010293741792345656,-0.01301926358105554,0.007180409521135189,-0.058023840116377734,0.06046229732942976,-2.349999999999998
2025-06-25,3.74,4.29,2.01,4.33,6092.16,19973.55,16.76,120.3336,65.98,3322.4,0.5499999999999998,-0.009999999999999787,-0.21999999999999975,-0.009999999999999787,-0.17999999999999972,0.0,-0.14000000000000012,0.0,0.0,0.0,0.040000000000000036,-3.2829024796399153e-06,0.03399291125056081,0.003059716452710859,0.04467134977781129,-0.0002567531706292314,-0.013661351511591313,0.000873244157329367,0.00022576591181078243,0.008065173444526508,0.05354531377074068,-0.7199999999999989
2025-06-26,3.7,4.26,1.98,4.33,6141.02,20167.91,16.59,119.6451,66.44,3340.2,0.5599999999999996,-0.040000000000000036,-0.21999999999999975,-0.03000000000000025,-0.16999999999999993,-0.029999999999999805,-0.1299999999999999,0.0,0.0,0.009999999999999787,0.04999999999999982,0.00798815349977744,0.037977913833620036,0.009683829081707174,0.050440009559149956,-0.00573802499194187,-0.015892092077391062,0.00534327210097274,0.018522685140689887,0.006947618944658451,0.07466386228708988,-0.1700000000000017
2025-06-27,3.73,4.29,2.0,4.33,6173.07,20273.46,16.32,119.659,66.66,3286.25,0.56,0.029999999999999805,-0.16000000000000014,0.03000000000000025,-0.1200000000000001,0.020000000000000018,-0.06999999999999984,0.0,0.0,4.440892098500626e-16,0.040000000000000036,0.005205430912106124,0.04326453650548423,0.005219914145559557,0.05890362379952485,0.0001161701785772351,-0.0174666366468621,-0.016283588373426028,-0.0022189133393641924,0.0033057881344999984,0.0812185161772554,-0.2699999999999996
2025-06-30,3.72,4.24,1.95,4.33,6204.95,20369.73,16.73,119.4088,66.3,3277.25,0.52,-0.009999999999999787,-0.21999999999999975,-0.04999999999999982,-0.21999999999999975,-0.050000000000000044,-0.17999999999999994,0.0,0.0,-0.040000000000000036,0.0,0.005151077553744443,0.04432196260909471,0.00473733385807229,0.056922884441494404,-0.002093130830233214,-0.014790983911087352,-0.0027424409661716,-0.020491932403770008,-0.005415175687777385,0.0467786140330233,0.41000000000000014
2025-07-01,3.78,4.26,1.97,4.33,6198.01,20202.89,16.83,119.3436,66.64,3343.15,0.48,0.05999999999999961,-0.18000000000000016,0.019999999999999574,-0.20000000000000018,0.020000000000000018,-0.17000000000000015,0.0,0.0,-0.040000000000000036,-0.020000000000000018,-0.0011190878184379471,0.03741937075448121,-0.008224311883765267,0.04060620709576668,-0.0005461725337276846,-0.0175716763657201,0.01990882021291185,-0.00449163983453893,0.0051151006667709,0.038860633931963484,0.09999999999999787
2025-07-02,3.78,4.3,2.0,4.33,6227.42,20393.13,16.64,119.3037,68.66,3338.5,0.52,0.0,-0.0900000000000003,0.040000000000000036,-0.07000000000000028,0.030000000000000027,-0.06000000000000005,0.0,0.0,0.040000000000000036,0.020000000000000018,0.004733849037258153,0.04207952523220726,0.009372415945668067,0.046811823129354835,-0.00033438467874358224,-0.014563558084044637,-0.0013918719929080225,-0.007341563355597103,0.029861790170958358,0.0770251270812281,-0.18999999999999773
2025-07-03,3.88,4.35,2.02,4.33,6279.35,20601.1,16.38,119.2382,68.13,3350.0,0.46999999999999975,0.10000000000000009,-0.040000000000000036,0.04999999999999982,-0.05000000000000071,0.020000000000000018,-0.08999999999999986,0.0,0.0,-0.050000000000000266,-0.010000000000000675,0.008304350113371939,0.055675190626143234,0.010146393001841503,0.06531969062324272,-0.0005491697822996855,-0.014333432457019235,0.003438741521188504,-0.010570797404813703,-0.0077491432439691366,0.061597500604564814,-0.26000000000000156
2025-07-04,,,,,,,17.48,,,3333.7,,,,,,,,,,,,,,,,,,-0.004877547560594664,-0.006681888906511446,,,1.1000000000000014
2025-07-07,3.9,4.4,2.05,4.33,6229.98,20412.52,17.79,119.6201,69.16,3306.0,0.5000000000000004,,-0.10999999999999988,,-0.08999999999999986,,-0.13000000000000034,,0.0,,0.020000000000000018,,0.03663413317977948,,0.04106591053384001,,-0.010728060770762937,-0.008343798877547215,-0.0035629132772054817,,0.046919445419759676,0.3099999999999987
2025-07-08,3.9,4.42,2.07,4.33,6225.52,20418.46,16.81,119.8371,69.55,3322.25,0.52,0.0,-0.10999999999999988,0.019999999999999574,-0.04999999999999982,0.020000000000000018,-0.11000000000000032,0.0,0.0,0.019999999999999574,0.06000000000000005,-0.0007161495228000803,0.0304500003303243,0.0002909555461023672,0.03506013353253756,0.0018124329475348588,-0.010057971189359804,0.004903264830648624,-0.0016240849296806914,0.005623257554361771,0.057556006296005435,-0.9800000000000004
2025-07-09,3.86,4.34,2.01,4.33,6263.26,20611.34,15.94,119.7311,69.61,3288.05,0.48,-0.040000000000000036,-0.08000000000000007,-0.08000000000000007,-0.07000000000000028,-0.06000000000000005,-0.13000000000000034,0.0,0.0,-0.040000000000000036,0.009999999999999787,0.0060438433346767795,0.039241533198667966,0.009402016136903057,0.04950196749095248,-0.000884925519475388,-0.007123089096603863,-0.010347580338518014,-0.015107098958663912,0.0008623168111236978,0.010106929811458443,-0.8699999999999992
2025-07-10,3.86,4.35,2.01,4.33,6280.46,20630.66,15.78,119.8343,67.78,3326.05,0.48999999999999977,0.0,-0.040000000000000036,0.009999999999999787,-0.010000000000000675,0.0,-0.10000000000000009,0.0,0.0,0.009999999999999787,0.02999999999999936,0.002742409872004359,0.03816873231070872,0.0009369090448210216,0.04806606759649945,0.0008615601951174057,-0.0028165910725066468,0.01149072983953836,-0.01028947984841011,-0.026641069001669848,-0.013918618954608775,-0.16000000000000014
2025-07-11,3.9,4.43,2.06,4.33,6259.75,20585.53,16.4,119.9214,69.63,3336.05,0.5299999999999998,0.040000000000000036,-0.06000000000000005,0.08000000000000007,0.019999999999999574,0.050000000000000266,-0.06999999999999984,0.0,0.0,0.040000000000000036,0.07999999999999963,-0.0033029779929130143,0.046226497623203855,-0.0021899170222177133,0.05896333582778723,0.0007265729559859935,-0.003355731592285416,0.003002058663271967,-0.02491155650304222,0.026928342775550007,-0.05870508124014151,0.6199999999999992
2025-07-14,3.9,4.43,2.04,4.33,6268.56,20640.33,17.2,120.2209,68.19,3363.55,0.5299999999999998,0.0,-0.07000000000000028,0.0,-0.03000000000000025,-0.020000000000000018,-0.1200000000000001,0.0,0.0,0.0,0.040000000000000036,0.0014064149836947593,0.03828403085204357,0.0026585270641366066,0.04656687368011525,0.002494355682326699,0.0005358240961159666,0.008209491446779182,-0.015853801751287477,-0.020897582421894434,-0.06170234284275988,0.8000000000000007
2025-07-15,3.95,4.5,2.09,4.33,6243.76,20677.8,17.38,120.5105,67.76,3359.5,0.5499999999999998,0.050000000000000266,0.010000000000000231,0.07000000000000028,0.11000000000000032,0.04999999999999982,0.009999999999999787,0.0,0.0,0.020000000000000018,0.10000000000000009,-0.003964098180953002,0.04270725096685268,0.0018137321447913024,0.05756524141255781,0.0024060022058121078,4.7299901716257864e-05,-0.0012048104624842182,-0.006246264772579835,-0.006325876188761903,-0.10974874811898783,0.17999999999999972
2025-07-16,3.88,4.46,2.05,4.33,6263.7,20730.49,17.16,120.4175,67.13,3339.4,0.5800000000000001,-0.07000000000000028,-0.06000000000000005,-0.040000000000000036,0.08000000000000007,-0.040000000000000036,-0.020000000000000018,0.0,0.0,0.03000000000000025,0.14000000000000012,0.003188499806256573,0.04620502249083813,0.002544902406613758,0.058821088019817225,-0.0007720149141565713,-0.0025959176586161092,-0.0060010032453483575,-0.012483887903975699,-0.009341012393139003,-0.12265388546516132,-0.21999999999999886
2025-07-17,3.91,4.47,2.04,4.33,6297.36,20885.65,16.52,120.6384,68.76,3329.3,0.5599999999999996,0.03000000000000025,,0.009999999999999787,,-0.009999999999999787,,0.0,,-0.020000000000000462,,0.005359433132147373,,0.007456756871203396,,0.0018327704224159191,,-0.00302907844783995,-0.012284194922168368,0.02399114256398871,,-0.6400000000000006
2025-07-18,3.88,4.44,2.03,4.33,6296.79,20895.66,16.41,120.356,68.53,3351.6,0.5600000000000005,-0.03000000000000025,-0.020000000000000018,-0.02999999999999936,0.0600000000000005,-0.010000000000000231,-0.020000000000000018,0.0,0.0,8.881784197001252e-16,0.08000000000000052,-9.051821685268635e-05,0.05365492684599715,0.00047916162473171653,0.07182758266109524,-0.002343623995068711,-0.00567366126642721,0.006675772072114228,-0.00105863505618764,-0.0033505749169169263,-0.09977072074338977,-0.10999999999999943
2025-07-21,3.85,4.38,1.98,4.33,6305.6,20974.17,16.65,119.9961,68.39,3362.6,0.5299999999999998,-0.029999999999999805,0.010000000000000231,-0.0600000000000005,0.040000000000000036,-0.04999999999999982,-0.06000000000000005,0.0,0.0,-0.030000000000000693,0.029999999999999805,0.0013981477220053051,0.0454924327123063,0.003750198747578537,0.06618325942303471,-0.0029947753232493213,-0.009730324256539191,0.0032766405056960934,-0.00011894849544269448,-0.0020449904877271052,-0.014083717362281867,0.23999999999999844
2025-07-22,3.83,4.35,1.96,4.33,6309.62,20892.68,16.5,119.681,67.56,3385.6,0.5199999999999996,-0.020000000000000018,0.08000000000000007,-0.03000000000000025,0.04999999999999982,-0.020000000000000018,-0.04999999999999982,0.0,0.0,-0.010000000000000231,-0.03000000000000025,0.0006373254110627613,0.035069471326435675,-0.003892822264331741,0.04804967656186143,-0.0026293724476769142,-0.005694769093194552,0.006816658979097667,0.019716974064710513,-0.012210523170405274,0.03172959958369059,-0.14999999999999858
2025-07-23,3.88,4.4,2.03,4.33,6358.91,21020.02,15.37,119.5697,66.05,3430.15,0.5200000000000005,0.04999999999999982,0.13999999999999968,0.05000000000000071,0.11000000000000032,0.06999999999999984,0.020000000000000018,0.0,0.0,8.881784197001252e-16,-0.02999999999999936,0.00778152614671157,0.042854280375626885,0.006076458534908014,0.05106641864405859,-0.0009304048684413146,-0.006368420791006635,0.013072848758280742,0.03191657866566189,-0.02260406097126566,0.001060365167898425,-1.1300000000000008
2025-07-24,3.91,4.43,1.98,4.33,6363.35,21057.96,15.39,119.5664,67.16,3361.55,0.5199999999999996,0.03000000000000025,0.20999999999999996,0.02999999999999936,0.16999999999999993,-0.04999999999999982,0.0,0.0,0.0,-8.881784197001252e-16,-0.040000000000000036,0.00069798922208264,0.035564116097932086,0.001803318994001657,0.04318590855635307,-2.7599346148043935e-05,-0.0006579951452128086,-0.020201814871672497,0.006371491693016651,0.016665801241005695,0.010778547464245669,0.02000000000000135
2025-07-25,3.91,4.4,1.96,4.33,6388.64,21108.32,14.93,119.9857,66.38,3346.6,0.4900000000000002,0.0,0.18000000000000016,-0.02999999999999936,0.11000000000000032,-0.020000000000000018,-0.040000000000000036,0.0,0.0,-0.02999999999999936,-0.06999999999999984,0.003966444948062531,0.03432513013388849,0.002388639640228618,0.04035463405102213,0.0035007034228247136,0.00272653809903467,-0.004457272050059302,0.018197808016383377,-0.011682025917511218,-0.004209266587765548,-0.46000000000000085
2025-07-28,3.91,4.42,1.98,4.33,6389.77,21178.58,15.03,120.6149,67.81,3338.2,0.5099999999999998,0.0,0.18999999999999995,0.019999999999999574,0.17999999999999972,0.020000000000000018,0.030000000000000027,0.0,0.0,0.019999999999999574,-0.010000000000000231,0.00017686081491241623,0.029350913395056466,0.0033230179868262155,0.03894031817977606,0.005230256569134006,0.01004992549840189,-0.002513165516157656,0.01842708346639732,0.021313870403922408,0.022519779503934245,0.09999999999999964
2025-07-29,3.86,4.34,1.91,4.33,6370.86,21098.29,15.98,120.9674,70.27,3325.0,0.48,-0.050000000000000266,0.08000000000000007,-0.08000000000000007,0.08000000000000007,-0.07000000000000006,-0.06000000000000005,0.0,0.0,-0.029999999999999805,0.0,-0.002963805680808562,0.02750619553268585,-0.003798299000335348,0.043366331063205976,0.0029182622250463197,0.013514360257175895,-0.0039620654543615075,-0.005443802200876036,0.03563528850835507,0.05303996734551841,0.9500000000000011
2025-07-30,3.94,4.38,1.96,4.33,6362.9,21129.67,15.48,121.4042,71.09,3331.7,0.43999999999999995,0.08000000000000007,0.16000000000000014,0.040000000000000036,0.08000000000000007,0.050000000000000044,-0.040000000000000036,0.0,0.0,-0.040000000000000036,-0.08000000000000007,-0.0012502200507658046,0.021522126444661893,0.0014862193568490056,0.035480134474386915,0.0036043865939268116,0.01745313152984629,0.002013010128887771,-0.002038920079080242,0.011601714737285995,0.03477989191184605,-0.5
2025-07-31,3.94,4.37,1.98,4.33,6339.39,21122.45,16.72,121.721,70.36,3306.8,0.43000000000000016,0.0,0.06000000000000005,-0.009999999999999787,0.020000000000000462,0.020000000000000018,-0.040000000000000036,0.0,0.0,-0.009999999999999787,-0.03999999999999959,-0.0037016989606790673,0.009516077370610887,-0.0003417580026869871,0.024991983469858425,0.0026060661691813536,0.020608367481327328,-0.0075017298403210475,-0.012979391440589794,-0.010321760072034891,0.032207275083780296,1.2399999999999984
2025-08-01,3.69,4.23,1.9,4.33,6238.01,20650.13,20.38,121.2122,68.39,3294.9,0.5400000000000005,-0.25,,-0.13999999999999968,,-0.08000000000000007,,0.0,,0.11000000000000032,,-0.016121328046944328,,-0.022614841111279205,,-0.0041888119364204,,-0.003605135916110669,-0.011706979796105799,-0.028398304759352122,,3.66
2025-08-04,3.69,4.22,1.85,4.33,6329.94,21053.58,17.52,120.9859,67.33,3359.05,0.5299999999999998,0.0,-0.20999999999999996,-0.010000000000000675,-0.1800000000000006,-0.04999999999999982,-0.19999999999999973,0.0,0.0,-0.010000000000000675,0.02999999999999936,0.014629536175940316,0.01591763491684084,0.019349002140078397,0.030922178838922676,-0.0018687187542374417,0.011353122284432082,0.019282377421649954,0.01591919650309137,-0.015620712552815164,-0.026816758257900197,-2.8599999999999994
2025-08-05,3.72,4.22,1.86,4.33,6299.19,20916.55,17.85,120.9082,66.2,3363.25,0.49999999999999956,0.03000000000000025,-0.17999999999999972,0.0,-0.20000000000000018,0.010000000000000009,-0.20999999999999974,0.0,0.0,-0.03000000000000025,-0.020000000000000462,-0.004869703735275621,0.011764080704365298,-0.006529905287834481,0.024101318004985828,-0.0006424299118696908,0.008898259425027533,0.0012495724815924092,0.012265504154035156,-0.016925439614227322,-0.04936545542648929,0.33000000000000185
2025-08-06,3.69,4.22,1.88,4.33,6345.06,21169.42,16.77,120.5082,65.38,3362.7,0.5299999999999998,-0.03000000000000025,-0.16999999999999993,0.0,-0.1200000000000001,0.019999999999999796,-0.1299999999999999,0.0,0.0,0.03000000000000025,0.04999999999999982,0.00725550368351513,0.012975741053203649,0.01201697587220174,0.02671627774028451,-0.0033137795612701026,0.006469405383232818,-0.0001635456704942584,0.022449538822058912,-0.01246406164689784,-0.06269183388451083,-1.0800000000000018
2025-08-07,3.72,4.23,1.88,4.33,6340.0,21242.7,16.57,120.5043,64.9,3375.95,0.5100000000000002,0.03000000000000025,-0.13999999999999968,0.010000000000000675,-0.11999999999999922,0.0,-0.1299999999999999,0.0,0.0,-0.019999999999999574,0.020000000000000462,-0.0007977889372803304,0.00943554224391896,0.003455619427727541,0.02923498812319103,-3.23634666283823e-05,0.00557548172148703,0.003932543484472362,0.014891352466992913,-0.007368777586020059,-0.04341954246886104,-0.1999999999999993
2025-08-08,3.76,4.27,1.88,4.33,6389.45,21450.02,15.15,120.3329,64.94,3397.1,0.5099999999999998,0.03999999999999959,-0.14000000000000012,0.03999999999999915,-0.16000000000000014,0.0,-0.18000000000000016,0.0,0.0,-4.440892098500626e-16,-0.020000000000000018,0.007769424248420975,0.02050794448525295,0.00971227083560855,0.04113717598101729,-0.001423368391076707,0.0034255403744243296,0.00624536028685263,0.018134654090573576,0.0006161429646551753,-0.06973174227975587,-1.42
2025-08-11,3.76,4.27,1.87,4.33,6373.45,21385.4,16.25,120.6892,65.03,3358.1,0.5099999999999998,0.0,-0.14000000000000012,0.0,-0.16000000000000014,-0.009999999999999787,-0.16999999999999993,0.0,0.0,0.0,-0.020000000000000018,-0.002507268470623103,0.016594261030935087,-0.0030171315710258995,0.03546151734585479,0.002956577505093705,0.0038877621971913356,-0.011546788641670247,-0.001621625997875853,0.001384935206361071,-0.047449224651500366,1.0999999999999996
2025-08-12,3.72,4.29,1.91,4.33,6445.76,21681.9,14.73,120.2736,64.22,3347.55,0.5699999999999998,-0.03999999999999959,-0.22999999999999998,0.020000000000000462,-0.20999999999999996,0.039999999999999813,-0.17999999999999994,0.0,0.0,0.06000000000000005,0.020000000000000018,0.01128162608098826,0.03183998529287635,0.013769364904312908,0.04741715010537639,-0.0034494985292612412,-0.0019677385378820134,-0.003146602851243685,-0.0035634183866353197,-0.012534013219692497,-0.05365736168243096,-1.5199999999999996
2025-08-13,3.67,4.24,1.87,4.33,6466.58,21713.14,14.49,120.13,63.68,3362.05,0.5700000000000003,-0.050000000000000266,-0.20999999999999996,-0.04999999999999982,-0.21999999999999975,-0.039999999999999813,-0.17999999999999972,0.0,0.0,4.440892098500626e-16,-0.009999999999999787,0.0032248249415864905,0.03187631042820627,0.0014397961332335285,0.046312043831996164,-0.0011946577928023672,-0.0023903814165278092,0.00432217198434337,0.006759756843056408,-0.008444147125240775,-0.05276049641453273,-0.2400000000000002
2025-08-14,3.74,4.29,1.9,4.33,6468.54,21710.67,14.83,120.6446,64.99,3356.7,0.5499999999999998,0.07000000000000028,-0.16999999999999993,0.04999999999999982,-0.17999999999999972,0.029999999999999805,-0.14000000000000012,0.0,0.0,-0.020000000000000462,-0.009999999999999787,0.0003030509210582011,0.026819928217117095,-0.0001137624728304587,0.03874152448796231,0.004274543772908146,5.1391933964417547e-05,-0.0015925584761280476,0.00819627681476831,0.02036287037013018,-0.05638876860839126,0.33999999999999986
2025-08-15,3.75,4.33,1.95,4.33,6449.8,21622.98,15.09,120.3377,63.78,3344.35,0.5800000000000001,0.009999999999999787,-0.1299999999999999,0.040000000000000036,-0.11000000000000032,0.050000000000000044,-0.07999999999999985,0.0,0.0,0.03000000000000025,0.019999999999999574,-0.002901303595573168,0.024009142838396613,-0.0040472067179191384,0.034215156145311454,-0.00254707641117502,-0.00015206048214189138,-0.0036859936824296113,-0.0021654889397755284,-0.01879375032434627,-0.0718319440158206,0.2599999999999998
2025-08-18,3.77,4.34,1.96,4.33,6449.15,21629.77,14.99,120.5622,64.51,3348.45,0.5699999999999998,0.020000000000000018,-0.08000000000000007,0.009999999999999787,-0.040000000000000036,0.010000000000000009,-0.020000000000000018,0.0,0.0,-0.010000000000000231,0.040000000000000036,-0.00010078339718333496,0.022510211719207973,0.0003139684785722352,0.030778925876305152,0.0018638452319095222,0.004706560073016952,0.0012251973801333804,-0.004216932065338241,0.011380588962238924,-0.058406364565854574,-0.09999999999999964
2025-08-19,3.75,4.3,1.95,4.33,6411.37,21314.95,15.57,120.7224,63.38,3337.9,0.5499999999999998,-0.020000000000000018,-0.08000000000000007,-0.040000000000000036,-0.04999999999999982,-0.010000000000000009,-0.010000000000000009,0.0,0.0,-0.020000000000000018,0.03000000000000025,-0.005875362532782091,0.01599752377536312,-0.014661902080337796,0.020009846060299097,0.001327892650754059,0.008663825171447925,-0.003155685465177527,-0.014189276509613435,-0.017671896281375332,-0.06386773767682463,0.5800000000000001
2025-08-20,3.74,4.29,1.94,4.33,6395.78,21172.86,15.69,120.7757,64.19,3327.25,0.5499999999999998,-0.009999999999999787,-0.13999999999999968,-0.009999999999999787,-0.11000000000000032,-0.010000000000000009,-0.08999999999999986,0.0,0.0,0.0,0.02999999999999936,-0.0024345787627044757,0.0057814188659470744,-0.006688531591366953,0.00724485593402413,0.0004414113474631165,0.010035641387352356,-0.0031957297476452595,-0.030457855015539437,0.01269908106091222,-0.02856459564464675,0.11999999999999922
2025-08-21,3.79,4.33,1.94,4.33,6370.17,21100.31,16.6,121.0843,64.56,3339.7,0.54,0.04999999999999982,-0.1200000000000001,0.040000000000000036,-0.09999999999999964,0.0,-0.040000000000000036,0.0,0.0,-0.009999999999999787,0.020000000000000462,-0.004012241056242871,0.0010711885876215632,-0.0034324405399388525,0.002009096400083621,0.0025518909077213436,0.012615131641221744,0.0037348456107082484,-0.006521194533158692,0.005747588638006285,-0.03948280824764616,0.9100000000000019
2025-08-22,3.68,4.26,1.85,4.33,6466.91,21496.53,14.22,120.2774,64.08,3328.4,0.5799999999999996,-0.10999999999999988,-0.22999999999999998,-0.07000000000000028,-0.14000000000000057,-0.08999999999999986,-0.10999999999999988,0.0,0.0,0.03999999999999959,0.08999999999999941,0.015072248733122962,0.012176992372681994,0.01860379444192617,0.018224251201781172,-0.006686255574970268,0.0024281726434267625,-0.0033892745511003852,-0.005453197034199775,-0.007462721201589417,-0.03526350353172436,-2.380000000000001
2025-08-25,3.73,4.28,1.87,4.33,6439.32,21449.29,14.79,120.4214,65.18,,0.5500000000000003,0.04999999999999982,-0.18000000000000016,0.020000000000000462,-0.13999999999999968,0.020000000000000018,-0.10999999999999988,0.0,0.0,-0.02999999999999936,0.04000000000000048,-0.00427546108007526,0.007724670477694318,-0.002199982166048997,0.01270125104890596,0.0011965162865772427,-0.0016055676391300011,,,0.017020370649311722,-0.039557003286335046,0.5699999999999985
2025-08-26,3.61,4.26,1.84,4.33,6465.94,21544.27,14.62,120.5274,63.6,3372.9,0.6499999999999999,-0.1200000000000001,-0.25,-0.020000000000000462,-0.08000000000000007,-0.030000000000000027,-0.06999999999999984,0.0,0.0,0.09999999999999964,0.16999999999999993,0.004125455473914741,0.01481393163241762,0.004418343329311014,0.02091789337855232,0.0008798550301003516,-0.0036439748340759692,,0.014303234333869597,-0.024539203063339343,-0.09973149485802946,-0.16999999999999993
2025-08-27,3.59,4.24,1.81,4.33,6481.4,21590.14,14.85,120.7274,64.49,3381.9,0.6500000000000004,-0.020000000000000018,-0.3500000000000001,-0.019999999999999574,-0.13999999999999968,-0.030000000000000027,-0.1499999999999999,0.0,0.0,4.440892098500626e-16,0.2100000000000004,0.0023881364585491838,0.01845228814173261,0.0021268410668380255,0.02155851508854134,0.001657998479748457,-0.005590362948254324,0.0026647732947715497,0.014954997499753375,0.013896702676209571,-0.09743650691910588,0.23000000000000043
2025-08-28,3.62,4.22,1.81,4.33,6501.86,21705.16,14.43,120.2595,64.96,3397.85,0.5999999999999996,0.03000000000000025,-0.31999999999999984,-0.020000000000000462,-0.15000000000000036,0.0,-0.16999999999999993,0.0,0.0,-0.05000000000000071,0.16999999999999948,0.0031517534019496196,0.025305740504361296,0.0053132913085072175,0.027213564399735546,-0.0038832035099476414,-0.012079632627383319,0.00470519692503224,0.027161924265106663,0.007261522831136347,-0.07985322401593464,-0.41999999999999993
2025-08-29,3.59,4.23,1.82,4.33,6460.26,21455.55,15.36,120.2082,64.36,3407.5,0.6400000000000006,-0.03000000000000025,-0.10000000000000009,0.010000000000000675,0.0,0.010000000000000009,-0.07999999999999985,0.0,0.0,0.040000000000000924,0.10000000000000009,-0.006418725150927784,0.03500834340037784,-0.011566667132736796,0.038261738378277954,-0.00042666853617578937,-0.008317489227138708,0.0028360059270600146,0.033603066108277346,-0.009279373729239815,-0.060734292985822336,0.9299999999999997
2025-09-01,,,,,,,16.12,,,3468.8,,,,,,,,,,,,,,,,,,0.0178298282345839,0.03215051692121129,,,0.7600000000000016
2025-09-02,3.66,4.28,1.87,4.33,6415.54,21279.63,17.17,120.6837,65.95,3478.0,0.6200000000000001,,-0.06000000000000005,,0.0600000000000005,,0.010000000000000009,,0.0,,0.12000000000000055,,0.018302118530449718,,0.017209565465252652,,-0.0018585065527396694,0.002648703108956596,0.03354964754857548,,-0.003783583779639166,1.0500000000000007
2025-09-03,3.61,4.22,1.82,4.33,6448.26,21497.73,16.35,120.5052,64.36,3536.9,0.6099999999999999,-0.050000000000000266,-0.08000000000000007,-0.0600000000000005,0.0,-0.050000000000000044,-0.05999999999999983,0.0,0.0,-0.010000000000000231,0.08000000000000007,0.005087154738689037,0.016133769585623625,0.01019707105992218,0.015389660652973092,-0.0014801678898948012,-2.4894881364367905e-05,0.016793221344219234,0.05050641456328897,-0.024404557039140684,-0.01572407917188201,-0.8200000000000003
2025-09-04,3.59,4.17,1.79,4.33,6502.08,21707.69,15.3,120.7629,63.81,3539.45,0.5800000000000001,-0.020000000000000018,-0.13000000000000034,-0.04999999999999982,-0.0600000000000005,-0.030000000000000027,-0.08999999999999986,0.0,0.0,-0.029999999999999805,0.06999999999999984,0.008311798740471943,0.0252433572633759,0.00971922748542653,0.02165326871067208,0.002136213598061154,0.0021436821833251685,0.0007207105669948533,0.04729458164581146,-0.008582404243926867,-0.01693770582978882,-1.0500000000000007
2025-09-05,3.51,4.1,1.73,4.33,6481.5,21700.39,15.18,120.1282,62.22,3548.6,0.5899999999999999,-0.08000000000000007,-0.25,-0.07000000000000028,-0.16999999999999993,-0.06000000000000005,-0.1499999999999999,0.0,0.0,0.009999999999999787,0.08000000000000007,-0.0031701606545500027,0.01430377236040492,-0.00033634291444428754,0.011604654960619243,-0.005269613271214446,-0.0017025626968125707,0.002581811664036593,0.043631033022995425,-0.025233426410764537,-0.04278727520520853,-0.120000000000001
2025-09-08,3.49,4.05,1.7,4.33,6495.15,21798.7,15.11,120.0971,62.6,3610.5,0.5599999999999996,-0.019999999999999574,-0.2699999999999996,-0.04999999999999982,-0.21999999999999975,-0.030000000000000027,-0.17000000000000015,0.0,0.0,-0.03000000000000025,0.04999999999999982,0.00210377948614493,0.018914820317172953,0.004520102254257807,0.01914188878590295,-0.00025892360358170663,-0.004918063805487982,0.01729310740175727,0.07247092906642294,0.006088786636561316,-0.038083423775008285,-0.07000000000000028
2025-09-09,3.54,4.08,1.72,4.33,6512.61,21879.49,15.04,120.1569,62.97,3654.1,0.54,0.04999999999999982,-0.18000000000000016,0.03000000000000025,-0.20999999999999996,0.020000000000000018,-0.18999999999999995,0.0,0.0,-0.019999999999999574,-0.029999999999999805,0.002684552987744837,0.01031774722392953,0.003699333334768795,0.009071857216358836,0.0004978064984131336,-0.0009707587778136073,0.012003557940985843,0.08762108985865247,0.00589314439459887,-0.019656266160716918,-0.07000000000000028
2025-09-10,3.54,4.04,1.69,4.33,6532.04,21886.06,15.35,120.1223,64.01,3646.4,0.5,0.0,-0.1299999999999999,-0.040000000000000036,-0.20000000000000018,-0.030000000000000027,-0.18000000000000016,0.0,0.0,-0.040000000000000036,-0.07000000000000028,0.0029790012563317703,0.01007192353867481,0.00030023614689511646,0.007932297230020424,-0.0002879982973071904,-6.409928231843054e-05,-0.002109445340803262,0.08118947253350584,0.016380898653260978,0.0051687796177848355,0.3100000000000005
2025-09-11,3.52,4.01,1.67,4.33,6587.47,22043.07,14.71,119.9534,62.71,3617.95,0.48999999999999977,-0.020000000000000018,-0.2200000000000002,-0.03000000000000025,-0.28000000000000025,-0.020000000000000018,-0.22999999999999998,0.0,0.0,-0.010000000000000231,-0.06000000000000005,0.00845006098923129,0.018218933606847898,0.007148362309399303,0.015194422012250186,-0.0014070564231678517,-0.005745699478394428,-0.00783281242161138,0.0749492185880225,-0.020518396598983024,-0.03571248735132837,-0.6399999999999988
2025-09-12,3.56,4.06,1.7,4.33,6584.29,22141.1,14.76,120.0611,63.02,3645.35,0.49999999999999956,0.040000000000000036,-0.18999999999999995,0.04999999999999982,-0.27000000000000046,0.030000000000000027,-0.25,0.0,0.0,0.009999999999999787,-0.08000000000000052,-0.0004828512001093799,0.020637386002311686,0.004437343095997193,0.023678971826166517,0.0008974458395520912,-0.002301177227667317,0.007544815711012731,0.08618002798146485,0.004931211774199085,-0.011987525252783016,0.049999999999998934
2025-09-15,3.54,4.05,1.68,4.33,6615.28,22348.75,15.69,119.5644,63.66,3638.2,0.5099999999999998,-0.020000000000000018,-0.22999999999999998,-0.009999999999999787,-0.29000000000000004,-0.020000000000000018,-0.28,0.0,0.0,0.010000000000000231,-0.06000000000000005,0.004695616136135783,0.025433785535630804,0.00933478120743203,0.03269978455502631,-0.004145641522886656,-0.008310663982463495,-0.0019633289527050124,0.08299150164862645,0.010104285524818124,-0.013263828690203816,0.9299999999999997
2025-09-16,3.51,4.04,1.67,4.33,6606.76,22333.96,16.36,119.1348,64.89,3695.4,0.5300000000000002,-0.03000000000000025,-0.2400000000000002,-0.009999999999999787,-0.2599999999999998,-0.010000000000000009,-0.28,0.0,0.0,0.020000000000000462,-0.019999999999999574,-0.001288757435196075,0.03002039063321682,-0.0006620010532110143,0.046699685582153094,-0.0035995132270443264,-0.01323806986026188,0.015599749092936932,0.10174693620674091,0.019137106779131052,0.02354517437030257,0.6699999999999999
2025-09-17,3.52,4.06,1.68,4.33,6600.35,22261.33,15.72,119.1582,64.41,3669.7,0.5399999999999996,0.010000000000000231,-0.2200000000000002,0.019999999999999574,-0.23000000000000043,0.010000000000000009,-0.26,0.0,0.0,0.009999999999999343,-0.010000000000000231,-0.0009706893488914403,0.031484280047029856,-0.003257297540477211,0.050130919633042836,0.00019639687338912637,-0.01348308433433587,-0.006978888082858958,0.09796377787152721,-0.007424628074278239,0.003421465235112109,-0.6399999999999988
2025-09-18,3.57,4.11,1.73,4.08,6631.96,22470.73,15.7,119.6616,63.91,3672.45,0.5400000000000005,0.04999999999999982,-0.2200000000000002,0.05000000000000071,-0.21999999999999975,0.050000000000000044,-0.20999999999999996,-0.25,-0.25,8.881784197001252e-16,4.440892098500626e-16,0.004777708522363255,0.04027422962563598,0.009362480940776408,0.0629258411137581,0.004215737100136785,-0.01181923814192043,0.0007490994132783868,0.09497803167409735,-0.007793056896608697,-0.010119180299502872,-0.02000000000000135
2025-09-19,3.57,4.14,1.75,4.08,6664.36,22631.48,15.45,119.7858,63.02,3657.85,0.5699999999999998,0.0,-0.11000000000000032,0.02999999999999936,-0.1200000000000001,0.020000000000000018,-0.10000000000000009,0.0,-0.25,0.02999999999999936,-0.009999999999999787,0.00487353856235373,0.03007551945486675,0.007128283987604789,0.051450330659436716,0.0010373886802561572,-0.0040955938866940045,-0.003983471155645901,0.09438383506955184,-0.01402370733306224,-0.016680166430975696,-0.25
2025-09-22,3.61,4.15,1.78,4.09,6693.75,22788.98,16.1,119.8152,62.99,3721.25,0.5400000000000005,0.040000000000000036,-0.1200000000000001,0.010000000000000675,-0.1299999999999999,0.030000000000000027,-0.09000000000000008,0.009999999999999787,-0.2400000000000002,-0.02999999999999936,-0.009999999999999787,0.004400330199851865,0.038751310734793876,0.006935228365268387,0.0605855411907541,0.0002454079920157781,-0.005046702181255469,0.01718409023416001,,-0.0004761526952909989,-0.03417668977557842,0.6500000000000021
2025-09-23,3.53,4.12,1.75,4.09,6656.92,22573.47,16.64,119.6202,63.76,3788.4,0.5900000000000003,-0.08000000000000007,-0.08000000000000007,-0.03000000000000025,-0.13999999999999968,-0.030000000000000027,-0.09000000000000008,0.0,-0.2400000000000002,0.04999999999999982,-0.05999999999999961,-0.0055173400928314464,0.02910851516804769,-0.009501762863951768,0.04666543499749132,-0.0016288321869923905,-0.007555389398348211,0.017884133021960125,0.11617085792812176,0.012150050848122262,0.0025125641358831885,0.5399999999999991
2025-09-24,3.57,4.16,1.78,4.09,6637.97,22497.86,16.18,120.1707,65.4,3768.05,0.5900000000000003,0.040000000000000036,-0.020000000000000018,0.040000000000000036,-0.08000000000000007,0.030000000000000027,-0.030000000000000027,0.0,-0.2400000000000002,0.0,-0.06000000000000005,-0.0028507212670838555,0.02386965744241465,-0.0033551293439870733,0.04118346458666622,0.004591508411153633,-0.004621879466943035,-0.005386140104667092,0.10811994452868312,0.025396223981193344,0.014012085440866962,-0.46000000000000085
2025-09-25,3.64,4.18,1.8,4.09,6604.72,22384.7,16.74,120.5419,65.51,3752.4,0.5399999999999996,0.07000000000000028,0.020000000000000018,0.019999999999999574,-0.040000000000000036,0.020000000000000018,-0.010000000000000009,0.0,-0.2400000000000002,-0.05000000000000071,-0.06000000000000005,-0.0050216489054655256,0.015696255134999504,-0.005042503804375542,0.03082766947378346,0.003084178345816646,0.0023455023888212523,-0.004161990995482867,0.09925275660816801,0.0016805442806324677,0.008431106890363083,0.5599999999999987
2025-09-26,3.63,4.2,1.82,4.09,6643.7,22484.07,15.29,120.4349,66.5,3748.75,0.5700000000000003,-0.010000000000000231,0.040000000000000036,0.020000000000000462,-0.03000000000000025,0.020000000000000018,0.0,0.0,-0.2400000000000002,0.030000000000000693,-0.07000000000000028,0.005884492261081675,0.027999472547008963,0.004429368688473545,0.0468237052949938,-0.0008880523521934691,0.0018841185728035725,-0.0009731841885773918,0.09544356649253061,0.0149991449180229,0.0327096255376258,-1.4499999999999993
2025-09-29,3.63,4.15,1.8,4.09,6661.21,22591.15,16.12,120.115,64.27,3812.85,0.5200000000000005,0.0,,-0.04999999999999982,,-0.020000000000000018,,0.0,,-0.04999999999999982,,0.0026321125222388275,,0.004751178205342654,,-0.002659740773842678,,0.016954489917473836,0.09456822817542054,-0.03410898827861342,,0.8300000000000018
2025-09-30,3.6,4.16,1.8,4.09,6688.46,22660.01,16.28,120.1368,63.17,3806.55,0.56,-0.029999999999999805,-0.06000000000000005,0.009999999999999787,-0.1200000000000001,0.0,-0.07000000000000006,0.0,-0.2400000000000002,0.03999999999999959,-0.06000000000000005,0.004082503589616593,0.04166048108812781,0.003043460240673923,0.06285141980179176,0.0001814762683141069,-0.004541979941016905,-0.001653673894448815,0.09026585117201513,-0.017263454472585593,-0.0430673742527139,0.16000000000000014
2025-10-01,3.55,4.12,1.77,4.09,6711.2,22755.16,16.29,120.1502,62.59,3886.1,0.5700000000000003,-0.050000000000000266,-0.06000000000000005,-0.040000000000000036,-0.09999999999999964,-0.030000000000000027,-0.050000000000000044,0.0,-0.2400000000000002,0.010000000000000231,-0.03999999999999959,0.0033941192284689947,0.03996744557790777,0.004190235959519839,0.05684458470138942,0.00011153329155444425,-0.0029502787595676594,0.020682816921999247,0.09415544674979515,-0.009223983973999594,-0.027886801187572807,0.00999999999999801
2025-10-02,3.55,4.1,1.76,4.09,6715.35,22844.05,16.63,120.4296,61.28,3877.5,0.5499999999999998,0.0,-0.040000000000000036,-0.020000000000000462,-0.07000000000000028,-0.010000000000000009,-0.030000000000000027,0.0,-0.2400000000000002,-0.020000000000000462,-0.03000000000000025,0.0006181781816128051,0.03227382501904863,0.0038987566932071616,0.051024113909170055,0.0023227230683087186,-0.002763769289320095,-0.002215467957549677,0.09121926822525062,-0.021151995504274268,-0.04045639244792021,0.33999999999999986
2025-10-03,3.58,4.13,1.8,4.09,6715.79,22780.51,16.65,120.0881,61.65,3860.7,0.5499999999999998,0.03000000000000025,0.07000000000000028,0.03000000000000025,0.03000000000000025,0.040000000000000036,0.07000000000000006,0.0,-0.2400000000000002,0.0,-0.040000000000000036,6.551938259136136e-05,0.035509505056189994,-0.0027853437306291084,0.048575113092985234,-0.002839709755137143,-0.0003338657732427919,-0.004342101882963689,0.08429535467825033,0.006019704178017449,-0.009203261859138223,0.019999999999999574
2025-10-06,3.6,4.18,1.84,4.09,6740.28,22941.67,16.37,120.2722,62.49,3941.95,0.5799999999999996,0.020000000000000018,0.10999999999999988,0.04999999999999982,0.1299999999999999,0.040000000000000036,0.14000000000000012,0.0,-0.2400000000000002,0.029999999999999805,0.020000000000000018,0.003639996973882731,0.037045722543927795,0.007049561828463169,0.051104572667190595,0.001531867250964325,0.0014569250813032397,0.020827010547700198,0.08782925782419326,0.013533314330637758,-0.0017587341650617816,-0.2799999999999976
2025-10-07,3.57,4.14,1.79,4.09,6714.59,22788.36,17.24,120.4884,62.52,3962.3,0.5699999999999998,-0.03000000000000025,0.029999999999999805,-0.040000000000000036,0.05999999999999961,-0.050000000000000044,0.07000000000000006,0.0,-0.2400000000000002,-0.009999999999999787,0.029999999999999805,-0.0038186963112334382,0.03054247324494952,-0.006705028374916822,0.04070021095750498,0.0017959754055549837,0.00275509398844509,0.005149140010171749,0.08097483989337917,0.00047996161228525125,-0.007171916947375401,0.8699999999999974
2025-10-08,3.58,4.13,1.78,4.1,6753.72,23043.38,16.3,120.7766,63.37,4034.75,0.5499999999999998,0.010000000000000231,0.040000000000000036,-0.009999999999999787,0.08999999999999986,-0.010000000000000009,0.09000000000000008,0.009999999999999787,-0.23000000000000043,-0.020000000000000018,0.04999999999999982,0.005810693412792389,0.03337416540141014,0.01112864717530826,0.05152862198591812,0.0023890753907895856,0.005432167676541866,0.01811967719033092,0.10120396242451335,0.013504057782149914,-0.010048757818486465,-0.9399999999999977
2025-10-09,3.6,4.14,1.8,4.1,6735.11,23024.63,16.43,121.0902,62.36,4040.6,0.5399999999999996,0.020000000000000018,0.08000000000000007,0.009999999999999787,0.1299999999999999,0.020000000000000018,0.13000000000000012,0.0,-0.23000000000000043,-0.010000000000000231,0.04999999999999982,-0.0027593218696981836,0.022164782542480665,-0.0008140139344128272,0.04356624574210599,0.0025931643014551753,0.009432388401164893,0.0014488538635095694,0.1104856287096343,-0.016066519145850222,-0.0055968803653536625,0.129999999999999
2025-10-10,3.52,4.05,1.75,4.1,6552.51,22204.43,21.66,121.1163,59.75,3998.05,0.5299999999999998,-0.08000000000000007,-0.040000000000000036,-0.08999999999999986,-0.009999999999999787,-0.050000000000000044,0.050000000000000044,0.0,-0.23000000000000043,-0.009999999999999787,0.03000000000000025,-0.027485959970572793,-0.004838326227982748,-0.036272694002150274,0.0028562086439585244,0.00021551857692525545,0.008750461138538057,-0.010586453544172869,0.0923543594544487,-0.04275485337795537,-0.05328294551750812,5.23
2025-10-13,,,,,6654.72,22694.61,19.03,,,4070.9,,,,,,,,,,,,0.01547819498378189,0.005944252619663359,0.021835632838504537,0.015357060275031031,,,0.01805736297681726,0.11237505138397097,,,-2.629999999999999
2025-10-14,3.48,4.03,1.73,4.1,6644.31,22521.7,20.81,121.1822,59.52,4143.8,0.5500000000000003,,-0.029999999999999805,,-0.009999999999999787,,0.06000000000000005,,-0.23000000000000043,,0.020000000000000018,-0.0015655280311612785,0.005667482023698156,-0.007648162481837417,0.008370898846404629,,0.01703957304565229,0.017749136014295175,0.11452443830532921,,-0.08638113810824066,1.7799999999999976
2025-10-15,3.5,4.05,1.76,4.1,6671.06,22670.08,20.64,120.8642,59.08,4191.25,0.5499999999999998,0.020000000000000018,-0.020000000000000018,0.019999999999999574,-0.009999999999999787,0.030000000000000027,0.08000000000000007,0.0,-0.23000000000000043,-4.440892098500626e-16,0.010000000000000231,0.004017918538789189,0.010656089911378785,0.006566704528934153,0.018194900915815992,-0.0026275968819442497,0.014215579290318914,0.011385777554057341,0.1328891039422455,-0.007419932861657763,-0.08637644289562019,-0.16999999999999815
2025-10-16,3.41,3.99,1.71,4.11,6629.07,22562.54,25.31,120.6698,58.29,4225.55,0.5800000000000001,-0.08999999999999986,-0.1599999999999997,-0.05999999999999961,-0.1200000000000001,-0.050000000000000044,-0.020000000000000018,0.010000000000000675,0.03000000000000025,0.03000000000000025,0.03999999999999959,-0.00631424497513855,-0.0004358635861230198,-0.004754984461307288,0.004077435513732297,-0.0016097116097695263,0.008390130580412603,0.00815041105327019,0.14029041558223732,-0.013461905605720581,-0.09204529160473207,4.669999999999998
2025-10-17,3.46,4.02,1.75,4.11,6664.01,22679.97,20.78,120.7028,58.3,4338.25,0.5599999999999996,0.04999999999999982,-0.10999999999999988,0.02999999999999936,-0.1200000000000001,0.040000000000000036,0.0,0.0,0.03000000000000025,-0.020000000000000462,-0.010000000000000231,0.005256882598063228,-5.251955041352119e-05,0.0051911471626393535,0.002140298688766862,0.0002734361746581371,0.007626178074814582,0.02632161113690401,0.17059549787478723,0.00017154129898777626,-0.07785004297268205,-4.529999999999998
2025-10-20,3.46,4.0,1.74,4.11,6735.13,22990.54,18.23,120.6209,58.34,4252.75,0.54,0.0,-0.1499999999999999,-0.019999999999999574,-0.15000000000000036,-0.010000000000000009,-0.040000000000000036,0.0,0.020000000000000462,-0.019999999999999574,-4.440892098500626e-16,0.01061570636531961,0.006162856615054224,0.013600670865136166,0.008805741188634642,-0.0006787564018315706,0.006702013680967234,-0.019905208480921033,0.13350619915970618,0.0006858710831290082,-0.07668801919426205,-2.5500000000000007
2025-10-21,3.45,3.98,1.7,4.11,6735.35,22953.67,17.87,120.8895,58.66,4275.1,0.5299999999999998,-0.009999999999999787,-0.07999999999999963,-0.020000000000000018,-0.14000000000000012,-0.040000000000000036,-0.050000000000000044,0.0,0.020000000000000462,-0.010000000000000231,-0.0600000000000005,3.2664017913575094e-05,0.011712860725799246,-0.001604990396602446,0.016702513655983964,0.002224335769766661,0.010555181637726285,0.005241661420450683,0.12086372755819674,0.005470099109730064,-0.08336797093265425,-0.35999999999999943
2025-10-22,3.45,3.97,1.68,4.11,6699.4,22740.4,18.6,120.8958,59.3,4081.5,0.52,0.0,-0.11999999999999966,-0.009999999999999787,-0.18999999999999995,-0.020000000000000018,-0.10000000000000009,0.0,0.020000000000000462,-0.009999999999999787,-0.07000000000000028,-0.0053518056988171026,0.009211776294065999,-0.009334758258685127,0.01072288474128591,5.2112349273159e-05,0.006015785575845811,-0.04634292601873291,0.07990694164413092,0.010851242454374521,-0.09791295245947307,0.7300000000000004
2025-10-23,3.48,4.01,1.71,4.11,6738.44,22941.8,17.3,120.9531,62.44,4125.7,0.5299999999999998,0.029999999999999805,-0.16000000000000014,0.03999999999999959,-0.16999999999999993,0.030000000000000027,-0.09000000000000008,0.0,0.020000000000000462,0.009999999999999787,-0.009999999999999787,0.005810473980595532,0.020043899180127056,0.008817495868099101,0.024582884413760553,0.0004738495901550621,0.0034054568201842272,0.010771134450166642,0.09484006708978043,0.05159678964355141,-0.047996707096554125,-1.3000000000000007
2025-10-24,3.48,4.02,1.73,4.11,6791.69,23204.87,16.37,120.9345,62.27,4069.65,0.5399999999999996,0.0,-0.1499999999999999,0.009999999999999787,-0.1800000000000006,0.020000000000000018,-0.09000000000000008,0.0,0.020000000000000462,0.009999999999999787,-0.030000000000000693,0.007871361907069385,0.022030768826114766,0.011401596251250368,0.031555111976537376,-0.00015379043850671792,0.0041397187338709784,-0.013678701688720096,0.08213454958963773,-0.0027263267628709897,-0.06572217877744801,-0.9299999999999997
2025-10-27,3.48,4.01,1.73,4.12,6875.16,23637.46,15.79,120.7988,62.13,4029.7,0.5299999999999998,0.0,-0.1499999999999999,-0.009999999999999787,-0.14000000000000057,0.0,-0.07000000000000006,0.009999999999999787,0.03000000000000025,-0.009999999999999787,0.009999999999999343,0.012215109973364946,0.031613766277240885,0.018470571320257534,0.045274505091452255,-0.0011227250383321064,0.00567673446938155,-0.009865069170393426,0.05531499050177047,-0.0022508048087575006,-0.0338639953075921,-0.5800000000000018
2025-10-28,3.47,3.99,1.71,4.12,6890.89,23827.49,16.42,120.6361,60.97,3910.2,0.52,-0.009999999999999787,-0.1299999999999999,-0.019999999999999574,-0.16999999999999993,-0.020000000000000018,-0.09000000000000008,0.0,0.03000000000000025,-0.009999999999999787,-0.040000000000000036,0.0022853333884658156,0.029816596076090107,0.008007214389607498,0.05023825924038583,-0.0013477755256481316,0.004147482675419312,-0.03010340791607291,0.02686525648014637,-0.018847024155878245,-0.03544756499088475,0.6300000000000026
2025-10-29,3.59,4.08,1.78,4.12,6890.59,23958.47,16.92,120.5312,61.26,4024.5,0.4900000000000002,0.11999999999999966,0.040000000000000036,0.08999999999999986,-0.040000000000000036,0.07000000000000006,0.010000000000000009,0.0,0.03000000000000025,-0.029999999999999805,-0.08000000000000007,-4.3536688373535526e-05,0.026378940159247577,0.005481958634545592,0.05152998191541158,-0.000869935572655578,0.0031660138112092895,0.028812155967399278,0.0349945955255464,0.004745161484904337,-0.02147841953198082,0.5
2025-10-30,3.61,4.11,1.82,3.87,6822.34,23581.14,16.91,121.2832,61.36,3986.4,0.5000000000000004,0.020000000000000018,0.06000000000000005,0.03000000000000025,0.010000000000000675,0.040000000000000036,0.06000000000000005,-0.25,-0.21999999999999975,0.010000000000000231,-0.04999999999999938,-0.009954191197687479,0.015806570779947293,-0.015874674784390308,0.03175655043781411,0.006219666192015971,0.007062956934916542,-0.009512111566595038,0.02769795191650104,0.0016310556543714938,0.0013046316266649427,-0.010000000000001563
2025-10-31,3.6,4.11,1.81,3.86,6840.2,23724.96,17.44,121.3859,61.75,4013.2,0.5100000000000002,-0.009999999999999787,0.020000000000000018,0.0,-0.019999999999999574,-0.010000000000000009,0.010000000000000009,-0.010000000000000231,-0.22999999999999998,0.009999999999999787,-0.03999999999999959,0.0026144494615607528,0.018355500858916685,0.006080418512750541,0.04062231268119376,0.0008464201345077527,0.010749086824561438,0.006700360084263224,0.03874041388372795,0.006335818449086261,0.0016207458977337552,0.5300000000000011
2025-11-03,3.6,4.13,1.82,3.87,6851.97,23834.72,17.17,121.4512,61.79,3994.15,0.5299999999999998,0.0,0.0,0.019999999999999574,-0.04999999999999982,0.010000000000000009,-0.020000000000000018,0.010000000000000231,-0.21999999999999975,0.019999999999999574,-0.04999999999999982,0.0017192311955085415,0.016434735080542495,0.004615682648216435,0.03818843350094703,0.0005378091039132116,0.009755028677510325,-0.004758137446417621,0.013155265889610135,0.0006475635648017786,-0.011265004868102224,-0.2699999999999996
2025-11-04,3.58,4.1,1.81,3.87,6771.55,23348.64,19.0,121.8271,61.38,3992.7,0.5199999999999996,-0.020000000000000018,0.010000000000000231,-0.03000000000000025,-0.040000000000000036,-0.010000000000000009,0.020000000000000018,0.0,-0.21999999999999975,-0.010000000000000231,-0.050000000000000266,-0.011806190194192823,0.00844724119758311,-0.020604602850234244,0.024288859025629606,0.0030902904134926246,0.011049343685447965,-0.0003630968444205962,0.00764302903501779,-0.0066574898812978844,-0.01840245636168536,1.8299999999999983
2025-11-05,3.63,4.17,1.87,3.87,6796.29,23499.8,18.01,121.8482,60.4,3964.85,0.54,0.04999999999999982,0.04999999999999982,0.07000000000000028,0.040000000000000036,0.06000000000000005,0.09000000000000008,0.0,-0.22999999999999954,0.020000000000000462,-0.009999999999999787,0.0036468630849650907,0.006283410869755812,0.006453172168296106,0.019613384018617452,0.00017318127896182034,0.0088334495736202,-0.006999670428719185,-0.017476318584032313,-0.016094944250821364,-0.04800145839465664,-0.9899999999999984
2025-11-06,3.57,4.11,1.83,3.87,6720.32,23053.99,19.5,121.6948,60.24,4004.3,0.5400000000000005,-0.06000000000000005,-0.03000000000000025,-0.05999999999999961,-0.02999999999999936,-0.040000000000000036,0.030000000000000027,0.0,-0.22999999999999954,4.440892098500626e-16,8.881784197001252e-16,-0.011241102610423326,-0.00219836987096933,-0.01915305406107848,0.0012743438919518013,-0.0012597366402342658,0.004980548631930759,0.009900760371392536,-0.009024412076149346,-0.0026525214491313065,-0.03458746069793772,1.4899999999999984
2025-11-07,3.55,4.11,1.83,3.87,6728.8,23004.54,19.08,121.388,60.54,4006.4,0.5600000000000005,-0.020000000000000018,0.029999999999999805,0.0,0.0600000000000005,0.0,0.08000000000000007,0.0,-0.22999999999999954,0.020000000000000018,0.030000000000000693,0.0012610492171649668,0.02654863931676843,-0.0021472686601242685,0.03539976923397781,-0.0025242441086401612,0.0022407859463653423,0.0005242987624320961,0.002086340230455619,0.004967720101935136,0.013135112781952785,-0.4200000000000017
2025-11-10,3.58,4.13,1.84,3.87,6832.43,23527.17,17.6,121.2984,60.94,4077.6,0.5499999999999998,0.03000000000000025,,0.019999999999999574,,0.010000000000000009,,0.0,,-0.010000000000000675,,0.015283571949666452,0.026354016282652992,0.022464335758417775,0.036028472153891045,-0.0007384015261759913,,0.01761549756010794,0.0016444748137462994,0.006585469963989787,,-1.4799999999999969
2025-11-11,,,,,6846.61,23468.3,17.28,,,4137.5,,,,,,,,,,,,0.002073245648702482,0.029992789962516753,-0.0025053491663271643,0.0411712854694013,,,0.014583160659485728,-0.0015215005410631477,,,-0.3200000000000003
2025-11-12,3.56,4.08,1.81,3.87,6850.92,23406.46,17.51,121.0458,59.3,4120.1,0.52,,0.06000000000000005,,0.03000000000000025,,0.050000000000000044,,-0.22999999999999954,,-0.029999999999999805,0.0006293105606971494,0.026604181984424713,-0.002638521706625596,0.03196605923384155,,0.0015013850945626572,-0.004214305791641948,-0.017121583886762437,,0.003716848340500789,0.23000000000000043
2025-11-13,3.58,4.11,1.83,3.88,6737.49,22870.36,20.0,120.7725,59.54,4234.3,0.5300000000000002,0.020000000000000018,0.16999999999999993,0.03000000000000025,0.1200000000000001,0.020000000000000018,0.1200000000000001,0.009999999999999787,-0.23000000000000043,0.010000000000000231,-0.04999999999999982,-0.016695497821197947,0.016222929138365316,-0.023170303583457397,0.01355074011169144,-0.0022603757975661054,0.0008507209067660781,0.027340590274505416,0.002068595334472789,0.004039049583950849,0.02121780353017222,2.4899999999999984
2025-11-14,3.62,4.14,1.86,3.88,6734.11,22900.59,19.83,120.9666,60.87,4161.2,0.5199999999999996,0.040000000000000036,0.16000000000000014,0.02999999999999936,0.1200000000000001,0.030000000000000027,0.1100000000000001,0.0,-0.23000000000000043,-0.010000000000000675,-0.040000000000000036,-0.0005017963821565274,0.01046425015814556,0.0013209253640376062,0.009680518313089692,0.0016058638566303074,0.0021831485887382485,-0.017414530971441522,-0.04166754677387274,0.02209208691820219,0.043138349149386634,-0.1700000000000017
2025-11-17,3.6,4.13,1.85,3.88,6672.41,22708.07,22.38,121.1146,60.66,4083.2,0.5299999999999998,-0.020000000000000018,0.14000000000000012,-0.009999999999999787,0.1299999999999999,-0.010000000000000009,0.1100000000000001,0.0,-0.23000000000000043,0.010000000000000231,-0.010000000000000231,-0.009204541614053596,-0.009355997821227646,-0.008442306502656649,-0.012362459054703123,0.0012227303767424758,0.004084635367312295,-0.018922499486324185,-0.040684837779275895,-0.0034559402453977484,0.03899653782085988,2.5500000000000007
2025-11-18,3.58,4.12,1.85,3.88,6617.32,22432.85,24.69,121.2127,61.51,4041.05,0.54,-0.020000000000000018,0.1299999999999999,-0.009999999999999787,0.14000000000000012,0.0,0.15000000000000013,0.0,-0.23000000000000043,0.010000000000000231,0.010000000000000231,-0.00829065986303057,-0.01767932170217179,-0.012193965486781977,-0.022951434144882654,0.0008096488126509982,0.002669948410196632,-0.010376435533533623,-0.0563029347332602,0.01391526095984208,0.04744169967097189,2.3100000000000023
2025-11-19,3.58,4.13,1.86,3.88,6642.16,22564.23,23.66,121.4978,60.27,4110.65,0.5499999999999998,0.0,0.1299999999999999,0.009999999999999787,0.1599999999999997,0.010000000000000009,0.18000000000000016,0.0,-0.23000000000000043,0.009999999999999787,0.029999999999999805,0.003746757649478738,-0.00858075835387595,0.005839506622926649,-0.007777169263270878,0.0023493019966380757,0.004967138057561549,0.01707660766045116,0.007116598945923869,-0.020365295725324195,0.016225161491273177,-1.0300000000000011
2025-11-20,3.55,4.1,1.86,3.88,6538.76,22078.05,26.42,121.6889,60.07,4062.55,0.5499999999999998,-0.03000000000000025,0.06999999999999984,-0.03000000000000025,0.08999999999999986,0.0,0.15000000000000013,0.0,-0.23000000000000043,0.0,0.020000000000000018,-0.01568966674838812,-0.030080899082859602,-0.02178200676244657,-0.03837667189381655,0.001571632324754546,0.006064920792161033,-0.011770311582772308,-0.015424847087015081,-0.0033239186328826165,-0.03869554678516085,2.7600000000000016
2025-11-21,3.51,4.06,1.82,3.88,6602.99,22273.08,23.43,121.8653,58.86,4034.3,0.5499999999999998,-0.040000000000000036,0.029999999999999805,-0.040000000000000036,0.040000000000000036,-0.040000000000000036,0.09000000000000008,0.0,-0.23000000000000043,0.0,0.010000000000000231,0.009775031702355719,-0.02817722928757327,0.008794872064166626,-0.04098339608090029,0.0014485484614503719,0.007667259692118122,-0.006978050632477917,-0.008724196030772902,-0.020348806056743385,-0.056318026079033245,-2.990000000000002
2025-11-24,3.46,4.04,1.81,3.88,6705.12,22872.01,20.52,121.9171,59.11,4067.95,0.5800000000000001,-0.04999999999999982,-0.020000000000000018,-0.019999999999999574,0.03000000000000025,-0.010000000000000009,0.08000000000000007,0.0,-0.2400000000000002,0.03000000000000025,0.050000000000000266,0.015348836917048914,-0.0250435023438893,0.026535117880074566,-0.03291884952108326,0.0004249691592139726,0.009214953889664201,0.008306382418718172,0.009447255558338696,0.004238372030950899,-0.049828849239324846,-2.91
2025-11-25,3.43,4.01,1.79,3.88,6765.88,23025.59,18.56,121.6335,58.25,4130.15,0.5799999999999996,-0.029999999999999805,-0.040000000000000036,-0.03000000000000025,0.019999999999999574,-0.020000000000000018,0.08000000000000007,0.0,-0.2400000000000002,-4.440892098500626e-16,0.05999999999999961,0.009020920798512577,-0.01830791493384254,0.006692313898737368,-0.03423375001195339,-0.002328880554428814,0.00823384886088352,0.015174538867325893,0.0547252023417375,-0.014656022390467704,-0.045637847473914306,-1.9600000000000009
2025-11-26,3.45,4.0,1.77,3.88,6812.61,23214.69,17.19,121.2437,58.81,4155.95,0.5499999999999998,0.020000000000000018,-0.13999999999999968,-0.009999999999999787,-0.08000000000000007,-0.020000000000000018,-0.010000000000000009,0.0,-0.2400000000000002,-0.029999999999999805,0.05999999999999961,0.006882972184270031,-0.011381406061198973,0.008179061812985111,-0.03153664683351387,-0.0032098553069728197,0.005893929126566277,0.00622731643977481,0.03214036281411303,0.009567816026054388,-0.040815192932764255,-1.3699999999999974
2025-11-27,,,,,,,17.21,,,4154.0,,,,,,,,,,,,,,,,,,-0.0004693169118450413,0.04118315746886303,,,0.019999999999999574
2025-11-28,3.47,4.02,1.79,3.89,6849.09,23365.69,16.35,121.0527,58.58,4159.4,0.5499999999999994,,-0.1299999999999999,,-0.09000000000000075,,-0.020000000000000018,,0.03000000000000025,,0.03999999999999915,,0.0012988257608306242,,-0.015258951442664426,,-0.002748738936727335,0.0012991076477639751,0.03578190503236378,,-0.05270063410849968,-0.8599999999999994
2025-12-01,3.54,4.09,1.85,3.89,6812.63,23275.92,17.24,120.9862,59.47,4254.1,0.5499999999999998,0.06999999999999984,-0.06000000000000005,0.07000000000000028,-0.040000000000000036,0.06000000000000005,0.030000000000000027,0.0,0.020000000000000018,4.440892098500626e-16,0.020000000000000018,-0.00533755435779959,-0.005757959792477507,-0.003849357294809508,-0.02372399138569037,-0.0005494984622167465,-0.003836046502857293,0.022512390687328576,0.06305243316610998,0.015078642318915314,-0.03826955535438614,0.889999999999997
2025-12-02,3.51,4.09,1.85,3.89,6829.37,23413.67,16.59,121.1467,58.81,4185.7,0.5800000000000001,-0.03000000000000025,-0.07000000000000028,0.0,-0.009999999999999787,0.0,0.040000000000000036,0.0,0.020000000000000018,0.03000000000000025,0.0600000000000005,0.0024541868350880236,0.008502417236803339,0.005900690054593483,0.002781301519137358,0.001325718425764677,-0.005600618490585241,-0.016209269796412684,0.04720626021411789,-0.011160075246637646,-0.042772140719725904,-0.6499999999999986
2025-12-03,3.49,4.06,1.82,3.89,6849.72,23454.09,16.08,120.7336,59.09,4200.9,0.5699999999999994,-0.019999999999999574,-0.13999999999999968,-0.03000000000000025,-0.11000000000000032,-0.030000000000000027,-0.050000000000000044,0.0,0.020000000000000018,-0.010000000000000675,0.02999999999999936,0.0029753463150949955,0.007830900466933244,0.0017248535036102908,-0.0019470171455484575,-0.00341574242835474,-0.009189542197901801,0.0036248340551043867,0.05783076469794146,0.004749796885718638,-0.021927399583185903,-0.5100000000000016
2025-12-04,3.52,4.11,1.85,3.89,6857.12,23505.14,15.78,120.6766,59.82,4199.5,0.5900000000000003,0.029999999999999805,-0.04999999999999982,0.05000000000000071,0.0,0.030000000000000027,0.020000000000000018,0.0,0.020000000000000018,0.020000000000000906,0.04999999999999982,0.0010797529874064793,0.02015175606476305,0.0021742273078402263,0.019380264223370247,-0.0004722252917170877,-0.008402030849384623,-0.00033331746415932173,0.0475966868623896,0.012278347844218551,-0.006996530289836045,-0.29999999999999893
2025-12-05,3.56,4.14,1.88,3.89,6870.4,23578.13,15.41,120.6863,60.23,4224.05,0.5799999999999996,0.040000000000000036,0.010000000000000231,0.02999999999999936,0.02999999999999936,0.029999999999999805,0.04999999999999982,0.0,0.020000000000000018,-0.010000000000000675,0.01999999999999913,0.001934800188635677,0.02082550703623376,0.0031004668312295536,0.02462799971472407,8.037689309503548e-05,-0.005797409847649426,0.005828912871569614,0.05290130097152712,0.006830513853827824,-0.005133736537943356,-0.3699999999999992
2025-12-08,3.57,4.17,1.91,3.89,6846.51,23545.9,16.66,120.776,59.04,4204.15,0.6000000000000001,0.009999999999999787,-0.010000000000000231,0.03000000000000025,0.040000000000000036,0.030000000000000027,0.06999999999999984,0.0,0.020000000000000018,0.020000000000000462,0.050000000000000266,-0.003483295312932455,0.0020586397736348516,-0.0013678798279954663,0.000795784128310828,0.0007429731608317169,-0.004316035160641718,-0.004722250772465131,0.03056355263895405,-0.019955386763412797,-0.03167459326534594,1.25
2025-12-09,3.61,4.18,1.92,3.89,6840.51,23576.49,16.93,120.6832,58.4,4204.85,0.5699999999999998,0.040000000000000036,,0.009999999999999787,,0.010000000000000009,,0.0,,-0.03000000000000025,,-0.0008767431309877338,-0.0008913490060553642,0.0012983214262671794,0.004599454720905172,-0.0007686599191014665,,0.00016648828674448168,0.016146880266212804,-0.010899290458035615,,0.2699999999999996
2025-12-10,3.54,4.13,1.88,3.89,6886.68,23654.16,15.77,120.6752,58.67,4191.4,0.5899999999999999,-0.06999999999999984,-0.020000000000000018,-0.04999999999999982,0.04999999999999982,-0.040000000000000036,0.06999999999999984,0.0,0.020000000000000018,0.020000000000000018,0.06999999999999984,0.006726820871525874,0.00520616130477336,0.0032889689223019047,0.010526945349832673,-6.629145704462047e-05,-0.0030663474864001117,-0.0032038139656886955,0.017157372092166057,0.0046126331035871715,-0.01068078306591147,-1.1600000000000001
2025-12-11,3.52,4.14,1.89,3.64,6901.0,23593.86,14.85,119.98,57.76,4213.55,0.6199999999999997,-0.020000000000000018,-0.06000000000000005,0.009999999999999787,0.02999999999999936,0.010000000000000009,0.05999999999999983,-0.25,-0.23999999999999977,0.029999999999999805,0.08999999999999941,0.0020772175085355116,0.02397887663450682,-0.002552489299610272,0.031144759633679797,-0.005777576664342199,-0.006583548353176205,0.0052707157753584255,-0.004912502406980934,-0.015632028353198102,-0.03035186100306042,-0.9199999999999999
2025-12-12,3.52,4.19,1.93,3.64,6827.41,23195.17,15.74,120.1442,57.61,4319.5,0.6700000000000004,0.0,-0.10000000000000009,0.05000000000000071,0.05000000000000071,0.040000000000000036,0.06999999999999984,0.0,-0.23999999999999977,0.05000000000000071,0.1500000000000008,-0.010720936344245757,0.013759736672417588,-0.01704244134746702,0.012781392922175172,0.0013676258002588426,-0.00682178640954767,0.024834132037737433,0.03733616060219802,-0.002600330840278886,-0.0550442787615415,0.8900000000000006
2025-12-15,3.51,4.18,1.93,3.64,6816.51,23057.41,16.5,119.9561,56.97,4337.5,0.6699999999999999,-0.010000000000000231,-0.0900000000000003,-0.010000000000000675,0.04999999999999982,0.0,0.07999999999999985,0.0,-0.23999999999999977,-4.440892098500626e-16,0.14000000000000012,-0.0015977816227152886,0.021366496663755896,-0.005956874507763388,0.015266824917068433,-0.0015668455098314382,-0.009611362296121584,0.0041584904561755565,0.06041715054469776,-0.011171350251987455,-0.0627596887681312,0.7599999999999998
2025-12-16,3.48,4.15,1.92,3.64,6800.26,23111.46,16.48,119.8902,55.44,4276.25,0.6700000000000004,-0.029999999999999805,-0.10000000000000009,-0.02999999999999936,0.03000000000000025,-0.010000000000000009,0.06999999999999984,0.0,-0.23999999999999977,4.440892098500626e-16,0.13000000000000034,-0.0023867639262764584,0.027270392600510007,0.0023414055701440617,0.029802195973994472,-0.000549518601357768,-0.01097052971013035,-0.0142216879632997,0.056571898114931685,-0.027223458610656337,-0.10389840833862962,-0.019999999999999574
2025-12-17,3.49,4.16,1.92,3.64,6721.43,22693.32,17.62,120.155,56.07,4314.85,0.6699999999999999,0.010000000000000231,-0.08999999999999986,0.009999999999999787,0.03000000000000025,0.0,0.05999999999999983,0.0,-0.23999999999999977,-4.440892098500626e-16,0.1200000000000001,-0.011659917229323469,0.0118637177217078,-0.018257990352227083,0.00570469899884074,0.002206252050951818,-0.011113579655816608,0.008986104164938169,0.048481394619418694,0.011299555253933669,-0.07223355735937176,1.1400000000000006
2025-12-18,3.46,4.12,1.88,3.64,6774.76,23006.36,16.87,120.0528,56.22,4321.6,0.6600000000000001,-0.03000000000000025,-0.08999999999999986,-0.040000000000000036,0.020000000000000462,-0.040000000000000036,0.019999999999999796,0.0,-0.23999999999999977,-0.009999999999999787,0.11000000000000032,0.007903012268158705,0.035456396738254625,0.013700091390418834,0.041186797151706145,-0.0008509299545371718,-0.013536141935108326,0.001563142581598953,0.061814848783789955,0.0026716553428043355,-0.0662379833836848,-0.75
2025-12-19,3.48,4.16,1.92,3.64,6834.5,23307.62,14.91,120.1652,56.8,4327.55,0.6800000000000002,0.020000000000000018,-0.029999999999999805,0.040000000000000036,0.10000000000000053,0.040000000000000036,0.09999999999999987,0.0,-0.23999999999999977,0.020000000000000018,0.13000000000000034,0.00877937282650798,0.03446073786240689,0.013009646289598109,0.04540157137713763,0.000935816701519876,-0.014048873695038822,0.001375857960285387,0.07016875737655326,0.01026376024872011,-0.03562541707822131,-1.9600000000000009
2025-12-22,3.44,4.17,1.94,3.64,6878.49,23428.83,14.08,119.9912,58.18,4406.1,0.73,-0.040000000000000036,-0.020000000000000018,0.009999999999999787,0.1299999999999999,0.020000000000000018,0.1299999999999999,0.0,-0.23999999999999977,0.04999999999999982,0.1499999999999999,0.0064158365019491015,0.025527737447307075,0.005186969560559973,0.024053423057623036,-0.0014490559522588597,-0.015922898806511654,0.017988382429289018,0.0798507573871241,0.024005327339949645,-0.015858461769222565,-0.8300000000000001
2025-12-23,3.48,4.18,1.94,3.64,6909.79,23561.84,14.0,119.7057,58.55,4481.85,0.6999999999999997,0.040000000000000036,0.04999999999999982,0.009999999999999787,0.16999999999999993,0.0,0.1499999999999999,0.0,-0.23999999999999977,-0.03000000000000025,0.1200000000000001,0.004540095467190142,0.02104691211598464,0.005661138912497421,0.02302224807138309,-0.0023821762818965198,-0.01597619453397936,0.017045963170765788,0.081722181690564,0.006339436976670498,0.005136997597915638,-0.08000000000000007
2025-12-24,3.47,4.15,1.91,3.64,6932.05,23613.31,13.47,119.4372,58.72,4480.8,0.6800000000000002,-0.009999999999999787,0.020000000000000018,-0.02999999999999936,0.15000000000000036,-0.030000000000000027,0.1399999999999999,0.0,-0.23999999999999977,-0.019999999999999574,0.13000000000000034,0.0032163381731979968,0.017380278104912605,0.0021820818978959267,0.017025268156293905,-0.002245520254398947,-0.015011859481405487,-0.00023430570306892662,0.07526055954772026,0.0028992942625345464,-0.0015315241656042033,-0.5299999999999994
2025-12-25,,,,,,,,,,,,,,,,,,,,,,,,,,,,,,,,
2025-12-26,3.46,4.14,1.91,3.64,6929.94,23593.1,13.6,119.4723,56.6,,0.6799999999999997,,-0.010000000000000231,,0.1200000000000001,,0.11999999999999988,,-0.25,,0.13000000000000034,,0.011735358421773867,,0.009685589334267775,,-0.013141442629224898,,,,-0.03438435619044977,
2025-12-29,3.45,4.12,1.9,3.64,6905.74,23474.35,14.2,119.5899,57.89,4457.75,0.6699999999999999,-0.009999999999999787,-0.08999999999999986,-0.019999999999999574,0.03000000000000025,-0.010000000000000009,0.04999999999999982,0.0,-0.25,-0.009999999999999787,0.1200000000000001,-0.003498205318253511,0.013574707461319946,-0.005045960720829967,0.008488985908247315,0.0009838444512419997,-0.011608099715766151,,0.04676093064300524,0.022535672881776492,-0.026927325627588594,0.5999999999999996
2025-12-30,3.45,4.14,1.9,3.64,6896.24,23419.08,14.33,119.4939,57.79,4389.45,0.6899999999999995,0.0,-0.05999999999999961,0.019999999999999574,0.04999999999999982,0.0,0.04999999999999982,0.0,-0.25,0.019999999999999574,0.10999999999999943,-0.00137661429740632,0.009743906328825602,-0.00235726094649813,0.00023103490715570274,-0.0008030657464814794,-0.013736883888012308,-0.015440219931766919,0.047529980507651004,-0.0017289077612270276,-0.017496158142177975,0.13000000000000078
2025-12-31,3.47,4.18,1.93,3.64,6845.5,23241.99,14.95,119.7456,57.26,4307.95,0.7099999999999995,0.020000000000000018,-0.020000000000000018,0.040000000000000036,0.1200000000000001,0.030000000000000027,0.10999999999999988,0.0,-0.25,0.020000000000000018,0.14000000000000012,-0.007384833448339734,-0.000616273434609127,-0.007590518188578699,-0.009084336785033287,0.0021041683573770342,-0.008216973102280534,-0.018741781587298334,0.025163364865248283,-0.00921345065971746,-0.03145940568761407,0.6199999999999992
2026-01-01,,,,,,,,,,,,,,,,,,,,,,,,,,,,,,,,
2026-01-02,3.47,4.19,1.94,3.64,6858.47,23235.63,14.51,119.6059,57.21,4386.85,0.7200000000000002,,-0.08999999999999986,,0.05000000000000071,,0.06000000000000005,,-0.25,,0.14000000000000057,,-0.0017379439098519356,,-0.014632711032495749,,-0.008992445701132112,,0.03781704621369997,,-0.05144185877519192,
2026-01-05,3.46,4.17,1.91,3.64,6902.05,23395.82,14.9,119.6192,58.1,4436.7,0.71,-0.010000000000000231,-0.10999999999999988,-0.020000000000000462,0.0,-0.030000000000000027,0.0,0.0,-0.25,-0.010000000000000231,0.10999999999999988,0.006334084134120843,0.008079435537201363,0.006870497491716421,-0.006394333712783862,0.00011119234573353509,-0.009624226516230294,0.011299427189880973,0.05383872417604607,0.01543695557742808,-0.01604951643435104,0.39000000000000057
2026-01-06,3.47,4.18,1.91,3.64,6944.82,23547.17,14.75,119.7807,56.97,4452.75,0.7099999999999995,0.010000000000000231,-0.13999999999999968,0.009999999999999787,0.0,0.0,-0.010000000000000009,0.0,-0.25,-4.440892098500626e-16,0.13999999999999968,0.006177589017273277,0.015133767685462374,0.0064482694617300496,-0.0012443856773209916,0.001349207117455009,-0.007506359479673819,0.0036110259780617326,0.05728326186736332,-0.019640850365561846,-0.02479107634187727,-0.15000000000000036
2026-01-07,3.47,4.15,1.88,3.64,6920.93,23584.27,15.38,119.8719,56.01,4459.55,0.6800000000000002,0.0,-0.06999999999999984,-0.02999999999999936,0.020000000000000462,-0.030000000000000027,0.0,0.0,-0.25,-0.02999999999999936,0.0900000000000003,-0.003445904280642509,0.004961042533293991,0.001574320990942013,-0.0029590336086808833,0.0007611017314435031,-0.006678966291185695,0.0015259812437982134,0.06201305707685023,-0.016994567270563365,-0.04639827671602781,0.6300000000000008
2026-01-08,3.49,4.19,1.92,3.64,6921.46,23480.02,15.45,120.0904,57.74,4432.1,0.7000000000000002,0.020000000000000018,-0.029999999999999805,0.040000000000000036,0.05000000000000071,0.040000000000000036,0.030000000000000027,0.0,0.0,0.020000000000000018,0.08000000000000052,7.657637160285446e-05,0.002960401396361334,-0.004430117632724162,-0.004836661941794773,0.0018211199041484605,0.0009197302773049643,-0.006174351713221782,0.050567989588270024,0.030419928013048825,-0.000346320349780882,0.06999999999999851
2026-01-09,3.54,4.18,1.9,3.64,6966.28,23671.35,14.49,120.2215,58.96,4471.2,0.6399999999999997,0.04999999999999982,0.020000000000000018,-0.010000000000000675,-0.010000000000000675,-0.020000000000000018,-0.030000000000000027,0.0,0.0,-0.0600000000000005,-0.030000000000000693,0.006454636335169184,0.020135974075776275,0.008115609371746046,0.020321388777418292,0.0010910821561953554,0.0006431866332414771,0.008783316606017166,0.03451717415654976,0.020909073646291354,0.023163084136789358,-0.9599999999999991
2026-01-12,3.54,4.19,1.9,3.64,6977.27,23733.9,15.12,119.9958,59.39,4587.7,0.6500000000000004,0.0,0.03000000000000025,0.010000000000000675,0.010000000000000675,0.0,-0.030000000000000027,0.0,0.0,0.010000000000000675,-0.019999999999999574,0.0015763564193846946,0.023310112117876258,0.002638949749242059,0.02891721303442374,-0.0018791324889155803,0.000330899654157335,0.025721980187272564,0.056080663887646764,0.007266614146687722,0.041601048535464535,0.629999999999999
2026-01-13,3.53,4.18,1.88,3.64,6963.74,23709.87,15.98,120.1401,60.85,4582.8,0.6499999999999999,-0.010000000000000231,0.04999999999999982,-0.010000000000000675,0.02999999999999936,-0.020000000000000018,-0.040000000000000036,0.0,0.0,-4.440892098500626e-16,-0.020000000000000462,-0.001941036445421318,0.0237558395987314,-0.0010129887255949654,0.02556281873868471,0.001201819614381705,0.002082237869896808,-0.0010686441232898858,0.06923370772765658,0.02428595740576789,0.09311046455188876,0.8600000000000012
2026-01-14,3.51,4.15,1.86,3.64,6926.6,23471.75,16.75,119.9537,61.84,4633.0,0.6400000000000006,-0.020000000000000018,0.019999999999999574,-0.02999999999999936,-0.009999999999999787,-0.019999999999999796,-0.05999999999999983,0.0,0.0,-0.009999999999999343,-0.02999999999999936,-0.005347614026380398,0.03006814280167447,-0.01009384678819103,0.033726962302720764,-0.0015527267880326434,-0.0016767409690876534,0.01089444139717699,0.0711420449598954,0.016138584845630355,0.09794949414358545,0.7699999999999996
2026-01-15,3.56,4.17,1.88,3.64,6944.47,23530.02,15.84,119.9951,59.13,4611.1,0.6099999999999999,0.050000000000000266,0.10000000000000009,0.019999999999999574,0.04999999999999982,0.019999999999999796,0.0,0.0,0.0,-0.030000000000000693,-0.050000000000000266,0.002576587081787096,0.02474171761530286,0.0024794823621689943,0.022506353274470925,0.00034507361912883283,-0.00048073739542164873,-0.004738166175535241,0.0648407362027612,-0.04481199444642847,0.05046584435435264,-0.9100000000000001
2026-01-16,3.59,4.24,1.91,3.64,6940.01,23515.39,15.86,120.0838,59.4,4607.25,0.6500000000000004,0.029999999999999805,0.10999999999999988,0.07000000000000028,0.08000000000000007,0.030000000000000027,-0.010000000000000009,0.0,0.0,0.04000000000000048,-0.029999999999999805,-0.0006424439595011933,0.015319900829293687,-0.0006219522997721327,0.008874754685100683,0.0007389237791066705,-0.0006776303178348542,-0.0008352905289665813,0.06262958771350924,0.0045558165358610125,0.04475790064149354,0.019999999999999574
2026-01-19,,,,,,,18.84,,,4664.95,,,,,,,,,,,,,,,,,,0.012445966398246355,0.057087171682466575,,,2.9800000000000004
2026-01-20,3.6,4.3,1.97,3.64,6796.86,22954.32,20.09,119.4455,60.3,4723.95,0.6999999999999997,,0.1200000000000001,,0.1200000000000001,,0.030000000000000027,,0.0,,0.0,,-0.016478505749685013,,-0.026122300119213904,,-0.0021760300819977374,0.012568197900211686,0.052609406411912474,,0.02945101368941394,1.25
2026-01-21,3.6,4.26,1.92,3.64,6875.62,23224.82,16.9,119.3431,60.38,4860.75,0.6599999999999997,0.0,0.1299999999999999,-0.040000000000000036,0.10999999999999943,-0.050000000000000044,0.010000000000000009,0.0,0.0,-0.040000000000000036,-0.020000000000000462,0.011521080474656387,-0.008173763448226623,0.011715380314130996,-0.016589001702978834,-0.0008576624367915286,-0.0007881722643903188,0.0285474329653308,0.0813911450803122,0.0013258205455528582,0.027877539972432253,-3.1900000000000013
2026-01-22,3.61,4.26,1.95,3.64,6913.35,23436.02,15.64,119.1962,59.24,4825.55,0.6499999999999999,0.009999999999999787,,0.0,,0.030000000000000027,,0.0,,-0.009999999999999787,,0.00547250362606988,,0.009052620669365297,,-0.001231663030540453,,-0.007268029061867409,,-0.01906093487909466,,-1.259999999999998
2026-01-23,3.6,4.24,1.92,3.64,6915.61,23501.24,16.09,118.8976,60.7,4926.2,0.6400000000000001,-0.009999999999999787,0.14000000000000012,-0.019999999999999574,0.10000000000000053,-0.030000000000000027,0.010000000000000009,0.0,0.0,-0.009999999999999787,-0.03999999999999959,0.00032685032281776216,-0.002069979902103114,0.00277903064535856,-0.0039011106854385247,-0.002508256464887282,-0.004821926875228755,0.02064318183544067,,0.024346708665854422,0.06993471285631525,0.4499999999999993
2026-01-26,3.56,4.22,1.9,3.64,6950.23,23601.36,16.15,118.0525,60.46,5093.55,0.6599999999999997,-0.040000000000000036,0.10999999999999988,-0.020000000000000462,0.09999999999999964,-0.020000000000000018,0.0,0.0,0.0,0.019999999999999574,-0.010000000000000231,0.004993577300732355,0.006421802716882752,0.004251151774342432,0.005396001809733875,-0.007133177689121695,-0.01293894901559245,0.03340713366513981,0.13333087900049279,-0.003961708714140144,0.043437331260398615,0.05999999999999872
2026-01-27,3.53,4.24,1.9,3.64,6978.6,23817.1,16.35,117.4523,62.04,5088.1,0.7100000000000004,-0.03000000000000025,0.07999999999999963,0.020000000000000462,0.10000000000000053,0.0,0.0,0.0,0.0,0.05000000000000071,0.020000000000000906,0.004073571036609991,0.011871988050899063,0.00909947259405719,0.016852735350289194,-0.0050971470600842395,-0.01723303032919521,-0.0010705534997779154,0.1477005454324818,0.02579734895702579,0.07096358797865143,0.20000000000000284
2026-01-28,3.56,4.26,1.9,3.64,6978.03,23857.45,16.35,117.5117,62.75,5277.8,0.6999999999999997,0.03000000000000025,0.08999999999999986,0.019999999999999574,0.08000000000000007,0.0,-0.030000000000000027,0.0,0.0,-0.010000000000000675,-0.009999999999999787,-8.168160943178293e-05,0.019175139889807014,0.0016927274461799868,0.02613598098504788,0.0005056093807178641,-0.01883158930585438,0.03660486428909415,0.20304719130887428,0.011379239703555477,0.09155627834192437,0.0
2026-01-29,3.53,4.24,1.89,3.64,6969.01,23685.12,16.88,117.4396,64.77,5501.7,0.7100000000000004,-0.03000000000000025,,-0.019999999999999574,,-0.010000000000000009,,0.0,,0.010000000000000675,,-0.0012934646000264394,,-0.007249534669401925,,-0.0006137442292359907,,0.04154779116693419,,0.03168395518293199,,0.5299999999999976
2026-01-30,3.52,4.26,1.9,3.64,6939.03,23461.82,17.44,117.8996,64.5,5063.45,0.7399999999999998,-0.009999999999999787,0.04999999999999982,0.019999999999999574,0.0699999999999994,0.010000000000000009,-0.040000000000000036,0.0,0.0,0.02999999999999936,0.019999999999999574,-0.0043111820838497295,0.011677610505131497,-0.009472583786788391,0.009687542637250246,0.003909255966032532,-0.014368756571584207,-0.0830090662399865,0.14343663947996,-0.004177309393099016,0.11993651552128881,0.5600000000000023
2026-02-02,3.57,4.29,1.94,3.64,6976.44,23592.11,16.34,118.3609,61.6,4685.45,0.7200000000000002,0.04999999999999982,0.10999999999999988,0.03000000000000025,0.1200000000000001,0.040000000000000036,0.030000000000000027,0.0,0.0,-0.019999999999999574,0.010000000000000231,0.005376762714528027,0.010720289085538681,0.005537915025719542,0.008354960171253367,0.003905016591454924,-0.010574932325862818,-0.07758610684369138,0.05455110544638764,-0.046003353262252134,0.0584962066816086,-1.1000000000000014
2026-02-03,3.57,4.28,1.92,3.64,6917.81,23255.19,18.0,117.9764,62.62,4923.65,0.7100000000000004,0.0,0.09999999999999964,-0.009999999999999787,0.10000000000000053,-0.020000000000000018,0.010000000000000009,0.0,0.0,-0.009999999999999787,8.881784197001252e-16,-0.008439512459453624,-0.00389681239118822,-0.014384001170951066,-0.012477310461427749,-0.003253826960344597,-0.015177966403662424,0.04958816306836944,0.10052824253669534,0.016422845358785132,0.09455990240595558,1.6600000000000001
2026-02-04,3.57,4.29,1.94,3.64,6882.72,22904.58,18.64,118.2602,64.56,5051.75,0.7200000000000002,0.0,0.09999999999999964,0.009999999999999787,0.13999999999999968,0.020000000000000018,0.06000000000000005,0.0,0.0,0.009999999999999787,0.040000000000000036,-0.005085322899976319,-0.00553623101052203,-0.015191442365784624,-0.029243073818154386,0.002402677117162355,-0.013536391017943572,0.02568459253801514,0.12468685383091227,0.03051030806343391,0.14206477773995285,0.6400000000000006
2026-02-05,3.47,4.21,1.89,3.64,6798.4,22540.59,21.77,118.5034,62.9,4859.1,0.7399999999999998,-0.09999999999999964,-0.020000000000000018,-0.08000000000000007,0.019999999999999574,-0.050000000000000044,-0.030000000000000027,0.0,0.0,0.019999999999999574,0.03999999999999959,-0.012326632274291427,-0.01793943965641631,-0.0160192066061402,-0.040832162791570425,0.0020543705665412304,-0.013303140355550802,-0.038881482333144035,0.09197972321099002,-0.0260488602552984,0.08559598947160563,3.129999999999999
2026-02-06,3.5,4.22,1.88,3.64,6932.3,23031.21,17.76,118.2407,63.77,4870.1,0.7199999999999998,0.029999999999999805,-0.040000000000000036,0.009999999999999787,0.040000000000000036,-0.010000000000000009,-0.020000000000000018,0.0,0.0,-0.020000000000000018,0.08000000000000007,0.019504358091879226,-0.00488971789970627,0.021532568660690643,-0.02741520350262583,-0.0022192748019520536,-0.01661349731369821,0.002261235186260535,0.08545764179123339,0.013736696620785693,0.07842361244609997,-4.009999999999998
2026-02-09,3.48,4.22,1.87,3.64,6964.82,23238.67,17.36,117.6392,64.53,4992.5,0.7399999999999998,-0.020000000000000018,-0.06000000000000005,0.0,0.02999999999999936,-0.009999999999999787,-0.029999999999999805,0.0,0.0,0.020000000000000018,0.08999999999999941,0.004680114924299872,-0.0017859593947910923,0.008967448813001155,-0.021086704438866732,-0.005100064090101775,-0.019834428914884406,0.024822315543248763,0.08455797714720958,0.011847371620567593,0.08300436991997984,-0.40000000000000213
2026-02-10,3.45,4.16,1.84,3.64,6941.81,23102.47,17.79,117.5216,64.2,5047.95,0.71,-0.029999999999999805,-0.07999999999999963,-0.05999999999999961,-0.019999999999999574,-0.030000000000000027,-0.039999999999999813,0.0,0.0,-0.029999999999999805,0.06000000000000005,-0.003309215963660961,-0.003154138913030735,-0.005878163211958665,-0.02595187892523043,-0.0010001667778247736,-0.022036415307090884,0.011045433969188778,0.09667205523968825,-0.005127021251833064,0.053591391262378885,0.4299999999999997
2026-02-11,3.52,4.18,1.86,3.64,6941.47,23066.47,17.65,117.4601,64.8,5070.3,0.6599999999999997,0.06999999999999984,0.010000000000000231,0.019999999999999574,0.02999999999999936,0.020000000000000018,0.0,0.0,0.0,-0.050000000000000266,0.01999999999999913,-4.897978000428793e-05,0.0021444953333453753,-0.0015594903108464564,-0.017417522447885858,-0.0005234450291595749,-0.021007133548217816,0.004417767173132248,0.0901953810156435,0.009302392662313252,0.04675519907906178,-0.14000000000000057
2026-02-12,3.47,4.09,1.8,3.64,6832.76,22597.15,20.82,117.5376,63.08,5063.25,0.6199999999999997,-0.04999999999999982,-0.08999999999999986,-0.08999999999999986,-0.08000000000000007,-0.06000000000000005,-0.07999999999999985,0.0,0.0,-0.040000000000000036,0.009999999999999787,-0.015784876133702497,-0.016216967882144218,-0.020556255776110532,-0.040453260586165385,0.0006595809474703174,-0.02069262621987633,-0.0013914178422016477,0.0935421293489771,-0.026901841263391013,0.06466535226209924,3.1700000000000017
2026-02-13,3.4,4.04,1.77,3.64,6836.17,22546.67,20.6,117.5258,63.05,4969.3,0.6400000000000001,-0.07000000000000028,-0.18999999999999995,-0.04999999999999982,-0.20000000000000018,-0.030000000000000027,-0.1399999999999999,0.0,0.0,0.020000000000000462,-0.010000000000000231,0.0004989417709708732,-0.015075582151672151,-0.0022364089277235877,-0.04206771721411684,-0.00010039844578013657,-0.021531948444763138,-0.018729584489436846,0.07564783538850683,-0.00047569968390881456,0.05963383604232941,-0.21999999999999886
2026-02-16,,,,,,,21.2,,,5005.4,,,,,,,,,,,,,,,,,,0.007238344535148045,0.07044021352540852,,,0.5999999999999979
2026-02-17,3.43,4.05,1.79,3.64,6843.22,22578.38,20.29,117.7375,62.53,4922.3,0.6199999999999997,,-0.16999999999999993,,-0.25,,-0.17999999999999994,,0.0,,-0.08000000000000007,,0.006797640265515881,,-0.016513342845902557,,-0.01440263024686228,-0.016741428709231343,0.041130586915965495,,0.036314337846066636,-0.9100000000000001
2026-02-18,3.47,4.09,1.8,3.64,6881.31,22753.63,19.62,117.8426,65.33,4916.85,0.6199999999999997,0.040000000000000036,-0.1299999999999999,0.040000000000000036,-0.16999999999999993,0.010000000000000009,-0.11999999999999988,0.0,0.0,0.0,-0.040000000000000036,0.005550659701347271,0.0008272194922067655,0.007731881867377055,-0.020496841292656498,0.0008922655773790922,-0.01265270223269166,-0.001107819386305664,0.011475334564329032,0.04380490727345254,0.07879342457396632,-0.6699999999999982
2026-02-19,3.47,4.08,1.79,3.64,6861.89,22682.73,20.23,118.2354,66.66,4991.05,0.6099999999999999,0.0,-0.13999999999999968,-0.009999999999999787,-0.17999999999999972,-0.010000000000000009,-0.15999999999999992,0.0,0.0,-0.009999999999999787,-0.040000000000000036,-0.0028261268009792673,-0.007471410934842382,-0.0031208511221159085,-0.0326703130841377,0.0033277167925778173,-0.008093322409573389,0.014978226911622983,0.033721590537819424,0.020153724026934938,0.11800808347999592,0.6099999999999994
2026-02-20,3.48,4.08,1.8,3.64,6909.51,22886.07,19.09,117.9917,66.69,5032.3,0.6000000000000001,0.009999999999999787,-0.1200000000000001,0.0,-0.16000000000000014,0.010000000000000009,-0.11999999999999988,0.0,0.0,-0.009999999999999787,-0.040000000000000036,0.006915809547171747,-0.0008824517104883967,0.008924586543324509,-0.026524757186171755,-0.0020632695101809873,-0.0076483354548670945,0.008230827593251888,0.02130923629563064,0.0004499437646208193,0.09411131857876232,-1.1400000000000006
2026-02-23,3.43,4.03,1.77,3.64,6837.75,22627.27,21.01,117.9395,66.36,5147.55,0.6000000000000001,-0.04999999999999982,-0.1299999999999999,-0.04999999999999982,-0.1899999999999995,-0.030000000000000027,-0.1299999999999999,0.0,0.0,0.0,-0.05999999999999961,-0.010439993392095559,-0.01631602240331631,-0.011372612484480626,-0.04214852144499481,-0.000442501889125424,-0.0009576596548708238,0.022643737262763253,0.010545839893254083,-0.004960551321970819,0.09311247597093164,1.9200000000000017
2026-02-24,3.43,4.04,1.78,3.64,6890.07,22863.68,19.55,117.9463,65.62,5167.25,0.6099999999999999,0.0,-0.09999999999999964,0.009999999999999787,-0.20000000000000018,0.010000000000000009,-0.11999999999999988,0.0,0.0,0.009999999999999787,-0.10000000000000053,0.007622514474642017,-0.012767078965284284,0.010393809243476326,-0.040854184795575677,5.765501782573068e-05,0.004197142423039146,0.0038197587840436142,0.015436152177075613,-0.011213937789288586,0.056101189224617265,-1.4600000000000009
2026-02-25,3.45,4.05,1.77,3.64,6946.13,23152.08,17.93,117.769,65.3,5171.75,0.5999999999999996,0.020000000000000018,-0.10999999999999988,0.009999999999999787,-0.20999999999999996,-0.010000000000000009,-0.1299999999999999,0.0,0.0,-0.010000000000000231,-0.10000000000000009,0.00810342532877506,-0.004581972027077441,0.01253500001986474,-0.030011912221890924,-0.001504357446776794,0.0021871755955444883,0.0008704904312129003,-0.02029822168080564,-0.004888491250570226,0.03983345827049156,-1.620000000000001
2026-02-26,3.42,4.02,1.74,3.64,6908.86,22878.38,18.63,117.9042,65.1,5174.75,0.5999999999999996,-0.03000000000000025,-0.10999999999999988,-0.03000000000000025,-0.22000000000000064,-0.030000000000000027,-0.1499999999999999,0.0,0.0,0.0,-0.11000000000000076,-0.00538002407756899,-0.008668531504619992,-0.011892265499117372,-0.03465464305160637,0.0011473516278606155,0.0039482714526410945,0.0005799062647415809,-0.06126610658299825,-0.0030674870678613075,0.0050820160196982656,0.6999999999999993
2026-02-27,3.38,3.97,1.72,3.64,6878.88,22668.21,19.86,117.8223,66.96,5174.1,0.5900000000000003,-0.040000000000000036,-0.14000000000000012,-0.04999999999999938,-0.2899999999999996,-0.020000000000000018,-0.17999999999999994,0.0,0.0,-0.009999999999999343,-0.14999999999999947,-0.004348797881100097,-0.00870614730187036,-0.009228857383664746,-0.034410916648482726,-0.0006948731118088247,-0.0006558576252002624,-0.0001256178224355864,0.02161734183455266,0.028170876966695957,0.03743020237949324,1.2300000000000004
2026-03-02,3.47,4.05,1.76,3.64,6881.62,22748.86,21.44,118.667,71.13,5390.45,0.5799999999999996,0.0900000000000003,-0.09999999999999964,0.07999999999999963,-0.2400000000000002,0.040000000000000036,-0.17999999999999994,0.0,0.0,-0.010000000000000675,-0.14000000000000057,0.00039824134823795987,-0.013684668668160427,0.003551531825914722,-0.036397299848287545,0.007143693962052389,0.0025828197453972024,0.040963458393285634,0.14016690707152968,0.060413762564204276,0.14384731820594965,1.5800000000000018
2026-03-03,3.51,4.06,1.77,3.64,6816.63,22516.69,23.57,119.4341,74.48,5267.6,0.5499999999999998,0.03999999999999959,-0.06000000000000005,0.009999999999999787,-0.22000000000000064,0.010000000000000009,-0.1499999999999999,0.0,0.0,-0.029999999999999805,-0.1600000000000006,-0.009488874510841683,-0.014734030719548485,-0.010258222244317494,-0.03227152092165397,0.006443503655241933,0.012280150360983733,-0.023054018522685737,0.0675247254804745,0.0460214442233875,0.173445917070552,2.129999999999999
2026-03-04,3.54,4.09,1.8,3.64,6869.5,22807.48,21.15,119.0705,74.58,5183.7,0.5499999999999998,0.03000000000000025,-0.029999999999999805,0.03000000000000025,-0.20000000000000018,0.030000000000000027,-0.1399999999999999,0.0,0.0,0.0,-0.17000000000000037,0.007726108548736121,-0.001922599270836045,0.012831740325589536,-0.004248338230279813,-0.003049000159165871,0.006828473084655506,-0.016055763848878968,0.025784369093580395,0.0013417417818635258,0.14427735078898163,-2.4200000000000017
2026-03-05,3.57,4.13,1.82,3.64,6830.71,22748.99,23.75,119.5683,80.88,5153.75,0.56,0.029999999999999805,0.09999999999999964,0.040000000000000036,-0.08000000000000007,0.020000000000000018,-0.06999999999999984,0.0,0.0,0.010000000000000231,-0.17999999999999972,-0.0056627020540442885,0.004741330949411093,-0.002567803525529655,0.009203064850330733,0.004172001552488425,0.0089461040706027,-0.005794481966075793,0.05887136946064864,0.08109419996154088,0.2514204110058209,2.6000000000000014
2026-03-06,3.56,4.15,1.8,3.64,6740.02,22387.68,29.49,119.491,90.77,5087.75,0.5900000000000003,-0.009999999999999787,0.06000000000000005,0.020000000000000462,-0.0699999999999994,-0.020000000000000018,-0.07999999999999985,0.0,0.0,0.03000000000000025,-0.12999999999999945,-0.013365729048958386,-0.02812875619142652,-0.01600994125153754,-0.02833944506189745,-0.0006467014894973033,0.010518677383057451,-0.012888915428451497,0.043721218845936605,0.11536225982631976,0.353045974211355,5.739999999999998
2026-03-09,3.56,4.12,1.78,3.64,6795.99,22695.95,25.5,119.5151,94.65,5094.55,0.56,0.0,0.08000000000000007,-0.03000000000000025,-0.09999999999999964,-0.020000000000000018,-0.09000000000000008,0.0,0.0,-0.03000000000000025,-0.17999999999999972,0.008269840075943335,-0.024539031039783055,0.013675686917240526,-0.02363120695765808,0.0002016684936636537,0.01582040996682288,0.001335651279360306,0.020234554582048148,0.04185704311679661,0.383055645707584,-3.9899999999999984
2026-03-10,3.57,4.15,1.82,3.64,6781.48,22697.1,24.93,118.7255,83.71,5173.95,0.5800000000000005,0.009999999999999787,0.11999999999999966,0.03000000000000025,-0.009999999999999787,0.040000000000000036,-0.020000000000000018,0.0,0.0,0.020000000000000462,-0.12999999999999945,-0.0021373651385516723,-0.023367180214673766,5.066854949120625e-05,-0.01770237519620821,-0.006628617382223645,0.010191959362424008,0.015465079124130199,0.024654199736989568,-0.1228274329833674,0.26535523397604965,-0.5700000000000003
2026-03-11,3.64,4.21,1.85,3.64,6775.8,22716.13,24.23,119.2885,86.8,5183.6,0.5699999999999998,0.07000000000000028,0.1200000000000001,0.05999999999999961,0.03000000000000025,0.030000000000000027,-0.010000000000000009,0.0,0.0,-0.010000000000000675,-0.08999999999999986,-0.0008379262407114396,-0.024156126675380918,0.0008380818150950375,-0.015304803070266715,0.004730822977024651,0.015446227368608234,0.0018633755651116246,0.022099808128968945,0.03624817699433969,0.2923010183080761,-0.6999999999999993
2026-03-12,3.76,4.27,1.89,3.64,6672.62,22311.98,27.29,119.8227,95.61,5181.65,0.5099999999999998,0.11999999999999966,0.2899999999999996,0.05999999999999961,0.17999999999999972,0.039999999999999813,0.08999999999999986,0.0,0.0,-0.06000000000000005,-0.10999999999999988,-0.015344854576946787,-0.023716105118625208,-0.017951490891183752,-0.012700038185339935,0.004468221386326299,0.019254867807464215,-0.0003762572100072248,0.023114968761163368,0.0966707954310504,0.4158736550025175,3.0599999999999987
2026-03-13,3.73,4.28,1.92,3.64,6632.19,22105.36,27.19,120.5518,98.48,5082.85,0.5500000000000003,-0.029999999999999805,0.33000000000000007,0.010000000000000675,0.2400000000000002,0.030000000000000027,0.1499999999999999,0.0,0.0,0.04000000000000048,-0.08999999999999986,-0.006077520001309011,-0.030292566890905093,-0.00930364089239788,-0.019767270150014227,0.00606638587677466,0.025421652130019012,-0.019251410471595065,0.02259314277900515,0.029576064778843225,0.44592541946526953,-0.09999999999999787
2026-03-16,3.68,4.23,1.87,3.64,6699.38,22374.18,23.51,120.097,93.39,4986.9,0.5500000000000003,-0.04999999999999982,,-0.04999999999999982,,-0.04999999999999982,,0.0,,0.0,,0.010079918404358068,,0.012087502390912164,,-0.0037797864894324462,,-0.01905765367013501,-0.0037028554262779068,-0.05306920875457166,,-3.6799999999999997
2026-03-17,3.68,4.2,1.83,3.64,6716.09,22479.53,22.37,119.8328,96.01,5005.85,0.52,0.0,0.25,-0.03000000000000025,0.15000000000000036,-0.040000000000000036,0.040000000000000036,0.0,0.0,-0.03000000000000025,-0.09999999999999964,0.002491155157688496,-0.018752241136207104,0.004697501888946576,-0.0043876939071125776,-0.0022023117327210073,0.017639867708282964,0.003792754290117273,0.01683132757307071,0.02766807958790629,0.4288059111303264,-1.1400000000000006
2026-03-18,3.76,4.26,1.86,3.64,6624.7,22152.42,25.09,119.9276,96.12,4983.25,0.5,0.07999999999999963,0.2899999999999996,0.05999999999999961,0.16999999999999993,0.030000000000000027,0.06000000000000005,0.0,0.0,-0.020000000000000018,-0.11999999999999966,-0.01370105213122308,-0.038003952968777455,-0.014658371731366415,-0.026777947505856048,0.0007907895126981757,0.017538391643602047,-0.004524939896764835,0.013414207062611538,0.0011450581587357789,0.38614606201560964,2.719999999999999
2026-03-19,3.79,4.25,1.88,3.64,6606.49,22090.69,24.06,120.1802,96.11,4682.85,0.45999999999999996,0.03000000000000025,0.31999999999999984,-0.009999999999999787,0.16999999999999993,0.019999999999999796,0.08999999999999986,0.0,0.0,-0.040000000000000036,-0.1499999999999999,-0.002752588617910945,-0.03793041478570913,-0.002790492804725986,-0.026447589188466125,0.002104055704891472,0.016314730555915702,-0.062175389681849325,-0.06373940953086077,-0.00010404203307601279,0.3658882959555987,-1.0300000000000011
2026-03-20,3.88,4.39,2.01,3.64,6506.48,21647.61,26.78,120.2757,98.71,4650.7,0.5099999999999998,0.08999999999999986,0.3999999999999999,0.13999999999999968,0.3099999999999996,0.1299999999999999,0.20999999999999974,0.0,0.0,0.04999999999999982,-0.0900000000000003,-0.01525389582947767,-0.06010012016235855,-0.020261197052438007,-0.05563337278422864,0.0007943244896155832,0.019172324555712272,-0.00688915303486759,-0.07885939015898025,0.02669288959460392,0.3921312417855818,2.7200000000000024
2026-03-23,3.83,4.34,2.01,3.64,6581.0,21946.76,26.15,119.9371,89.33,4263.55,0.5099999999999998,-0.04999999999999982,0.3999999999999999,-0.04999999999999982,0.3099999999999996,0.0,0.23999999999999977,0.0,0.0,0.0,-0.0900000000000003,0.011388106093258799,-0.03827202067700419,0.013724464680475279,-0.030536295619272735,-0.002819168872416178,0.01679565757242152,-0.08691559931884996,-0.18841872674059346,-0.09984888071604914,0.29724291239150347,-0.6300000000000026
2026-03-24,3.9,4.39,2.06,3.64,6556.37,21761.89,26.95,120.1295,93.18,4419.4,0.48999999999999977,0.06999999999999984,0.46999999999999975,0.04999999999999982,0.34999999999999964,0.050000000000000266,0.28,0.0,0.0,-0.020000000000000018,-0.1200000000000001,-0.0037496133331575976,-0.04964414848480381,-0.008459245591989628,-0.04938935045473869,0.0016028888749515247,0.018340891429547312,0.035901793683695615,-0.15633669184094146,0.042195728674903066,0.3506525788556951,0.8000000000000007
2026-03-25,3.84,4.33,2.02,3.64,6591.9,21929.83,25.33,120.1282,91.51,4555.75,0.4900000000000002,-0.06000000000000005,0.3899999999999997,-0.05999999999999961,0.28000000000000025,-0.040000000000000036,0.25,0.0,0.0,4.440892098500626e-16,-0.10999999999999943,0.005404526448369751,-0.05234304736520912,0.007687535628194908,-0.05423681484640852,-1.0821713518183174e-05,0.019834427162805923,0.03038623111516081,-0.12682095115699354,-0.018084850461363544,0.3374562196449018,-1.620000000000001
2026-03-26,3.96,4.42,2.08,3.64,6477.16,21408.08,27.44,120.389,96.18,4442.8,0.45999999999999996,0.1200000000000001,0.54,0.08999999999999986,0.40000000000000036,0.06000000000000005,0.3400000000000001,0.0,0.0,-0.03000000000000025,-0.13999999999999968,-0.017559479899018626,-0.06452250318665875,-0.02407938960215361,-0.06642393894944476,0.002168660721260096,0.020855736256205404,-0.025105363073199882,-0.152506220494935,0.04977317992223007,0.3902968866349932,2.110000000000003
2026-03-27,3.88,4.44,2.13,3.64,6368.85,20948.36,31.05,120.8851,101.26,4429.85,0.5600000000000005,-0.08000000000000007,0.5,0.020000000000000462,0.4700000000000002,0.04999999999999982,0.4099999999999999,0.0,0.0,0.10000000000000053,-0.029999999999999805,-0.016863223156244445,-0.0770369284618031,-0.021708059178545014,-0.07890314074432503,0.004112341102034733,0.025662950470048962,-0.0029190848721949436,-0.15529968754469436,0.051470030692246205,0.4135960403605434,3.6099999999999994
2026-03-30,3.82,4.35,2.04,3.64,6343.72,20794.64,30.61,121.2851,104.69,4528.05,0.5299999999999998,-0.06000000000000005,0.34999999999999964,-0.09000000000000075,0.2999999999999998,-0.08999999999999986,0.28,0.0,0.0,-0.030000000000000693,-0.04999999999999982,-0.003953572367091596,-0.08138874217713266,-0.007365100489856502,-0.08981977306009625,0.003303464784375265,0.02182272129237184,0.021925659804109543,-0.17433748613387046,0.0333121357895001,0.38649441358583925,-0.4400000000000013
2026-03-31,3.79,4.3,2.0,3.64,6528.52,21590.63,25.25,121.035,102.86,4553.95,0.5099999999999998,-0.029999999999999805,0.28000000000000025,-0.04999999999999982,0.2400000000000002,-0.040000000000000036,0.22999999999999998,0.0,0.0,-0.020000000000000018,-0.040000000000000036,0.028714924185273105,-0.04318494348101787,0.037564163085779256,-0.0419973877299995,-0.0020642124925318583,0.013315005144598047,0.005703604979725441,-0.14557986263145928,-0.01763476198449343,0.3228382073779583,-5.359999999999999
2026-04-01,3.81,4.33,2.02,3.64,6575.32,21840.95,24.54,120.1198,101.9,4719.7,0.52,0.020000000000000018,0.27,0.03000000000000025,0.2400000000000002,0.020000000000000018,0.21999999999999997,0.0,0.0,0.010000000000000231,-0.029999999999999805,0.00714297472893044,-0.04376807730082355,0.011527223822193733,-0.043301904233395305,-0.007590181856500955,0.008773823447262963,0.03575025003298293,-0.09377384874959738,-0.00937690011809078,0.312119565478004,-0.7100000000000009
2026-04-02,3.79,4.31,1.97,3.64,6582.69,21879.18,23.87,120.503,113.23,4625.65,0.5199999999999996,-0.020000000000000018,0.2200000000000002,-0.020000000000000462,0.17999999999999972,-0.050000000000000044,0.1499999999999999,0.0,0.0,-4.440892098500626e-16,-0.04000000000000048,0.0011202303039326011,-0.03698514494284666,0.001748851604229884,-0.038985249103635766,0.0031850707742844264,0.007786892669058965,-0.020128336625418797,-0.10810770340894038,0.10542920809726919,0.3364545736137323,-0.6699999999999982
2026-04-03,3.84,4.35,1.99,3.64,,,,120.6565,,,0.5099999999999998,0.04999999999999982,0.2799999999999998,0.040000000000000036,0.1999999999999993,0.020000000000000018,0.18999999999999995,0.0,0.0,-0.009999999999999787,-0.08000000000000052,,,,,0.00127301657807255,0.009706610736628818,,,,,
2026-04-06,3.84,4.34,1.98,3.64,6611.83,21996.34,24.17,120.4302,114.01,,0.5,0.0,0.2799999999999998,-0.009999999999999787,0.21999999999999975,-0.010000000000000009,0.19999999999999996,0.0,0.0,-0.009999999999999787,-0.06000000000000005,,-0.027472263555353038,,-0.03131041859076511,-0.0018773334776573947,0.0076276087653077695,,,,0.18610028619029606,
2026-04-07,3.81,4.33,1.96,3.64,6616.85,22017.85,25.78,120.32,114.58,4682.5,0.52,-0.029999999999999805,0.2400000000000002,-0.009999999999999787,0.17999999999999972,-0.020000000000000018,0.1399999999999999,0.0,0.0,0.020000000000000018,-0.0600000000000005,0.000758957090345902,-0.024575941326455464,0.0009774121351515674,-0.03038367500510475,-0.0009154717852482008,0.013340754362283214,,-0.09980426467790515,0.004987105134802938,0.3139148243084664,1.6099999999999994
2026-04-08,3.79,4.29,1.96,3.64,6782.81,22635.0,21.04,119.0596,96.17,4798.05,0.5,-0.020000000000000018,0.1499999999999999,-0.040000000000000036,0.08000000000000007,0.0,0.10999999999999988,0.0,0.0,-0.020000000000000018,-0.06999999999999984,0.024772044477339605,0.0010340293915955812,0.02764389287078295,-0.0035778639494168374,-0.010530652132525908,-0.001920720747267346,0.024377430035851688,-0.07729021020716509,-0.1751558102560411,0.10251083705808561,-4.740000000000002
2026-04-09,3.78,4.29,1.95,3.64,6824.66,22822.42,19.49,118.8998,99.62,4729.05,0.5100000000000002,-0.010000000000000231,0.020000000000000018,0.0,0.020000000000000462,-0.010000000000000009,0.06000000000000005,0.0,0.0,0.010000000000000231,4.440892098500626e-16,0.006151052613166286,0.022529936581708654,0.008246005250292399,0.022619632192059314,-0.0013430864594692338,-0.0077320285930628785,-0.014485248706270326,-0.09139920170342819,0.03524548892074719,0.04108553054778241,-1.5500000000000007
2026-04-10,3.81,4.31,1.95,3.64,6816.89,22902.89,19.23,118.8552,98.34,4748.35,0.49999999999999956,0.03000000000000025,0.08000000000000007,0.019999999999999574,0.02999999999999936,0.0,0.030000000000000027,0.0,0.0,-0.010000000000000675,-0.05000000000000071,-0.0011391668601081761,0.02746828972290949,0.0035197173326810827,0.035442990417138276,-0.00037517613108573045,-0.01417359060092327,0.0040728526134241605,-0.06807493861840896,-0.012932085661343962,-0.001422619892404775,-0.259999999999998
2026-04-13,3.78,4.3,1.92,3.64,6886.24,23183.74,19.12,118.9916,100.72,4716.75,0.52,-0.03000000000000025,0.09999999999999964,-0.009999999999999787,0.0699999999999994,-0.030000000000000027,0.04999999999999982,0.0,0.0,0.020000000000000462,-0.03000000000000025,0.01012186151436012,0.02751023283291154,0.012188067413765324,0.03554355543999144,0.0011469569063198293,-0.009246847205170994,-0.006677186169525839,-0.05569447111779979,0.023913527752298158,0.07556011661446504,-0.10999999999999943
2026-04-14,3.76,4.26,1.89,3.64,6967.38,23639.08,18.36,118.3581,93.07,4771.85,0.5,-0.020000000000000018,0.07999999999999963,-0.040000000000000036,0.05999999999999961,-0.030000000000000027,0.05999999999999983,0.0,0.0,-0.020000000000000018,-0.020000000000000018,0.011714039770858165,0.03673311744608121,0.01945010380626755,0.05029615735731241,-0.005338127702120055,-0.012382663174570041,0.011614067270771855,-0.04787315813714521,-0.07899249153847254,-0.03110045451191379,-0.7600000000000016
2026-04-15,3.76,4.29,1.9,3.64,7022.95,24016.02,18.17,118.3623,93.04,4798.15,0.5300000000000002,0.0,0.0,0.03000000000000025,0.03000000000000025,0.010000000000000009,0.039999999999999813,0.0,0.0,0.03000000000000025,0.03000000000000025,0.007944100281507716,0.058378269858812004,0.01581983297797862,0.08077436206665745,3.54849011783287e-05,-0.013137967786089888,0.005496356574727912,-0.037851861665652464,-0.0003223899872102365,-0.032567902657859804,-0.18999999999999773
2026-04-16,3.78,4.32,1.93,3.64,7041.28,24102.7,17.94,118.3616,96.46,4812.95,0.5400000000000005,0.020000000000000018,-0.010000000000000231,0.03000000000000025,0.07000000000000028,0.030000000000000027,0.050000000000000044,0.0,0.0,0.010000000000000231,0.08000000000000052,0.002606614137922847,0.0637374726146458,0.003602759747472817,0.08716761461885625,-5.914062754186489e-06,-0.015247937553735547,0.003079774780863076,0.027403302797059936,0.03609890643041691,0.003635045805633119,-0.23000000000000043
2026-04-17,3.71,4.26,1.9,3.64,7126.06,24468.48,17.48,118.0795,85.91,4795.85,0.5499999999999998,-0.06999999999999984,-0.16999999999999993,-0.0600000000000005,-0.1299999999999999,-0.030000000000000027,-0.10999999999999988,0.0,0.0,0.009999999999999343,0.040000000000000036,0.011968515194247686,0.09095988363837115,0.01506189123105628,0.12249070290235053,-0.0023862190952197437,-0.018428481138570874,-0.003559241123173962,0.030733214708753565,-0.11582817799086076,-0.13888602177983156,-0.46000000000000085
2026-04-20,3.72,4.26,1.91,3.64,7109.14,24404.39,18.87,118.2374,91.06,4784.1,0.5399999999999996,0.010000000000000231,-0.10999999999999988,0.0,-0.08000000000000007,0.010000000000000009,-0.09999999999999987,0.0,0.0,-0.010000000000000231,0.029999999999999805,-0.0023772069191974055,0.07719457062591495,-0.0026227244988010767,0.10614351372307418,0.001336341357712989,-0.014272970908441707,-0.002453041172875814,0.11519577285472771,0.058218393256670886,0.019181252192888465,1.3900000000000006
2026-04-21,3.78,4.3,1.92,3.64,7064.01,24259.96,19.5,118.4331,93.64,4782.9,0.52,0.05999999999999961,-0.1200000000000001,0.040000000000000036,-0.08999999999999986,0.010000000000000009,-0.14000000000000012,0.0,0.0,-0.019999999999999574,0.03000000000000025,-0.006368401170700366,0.07457578278837218,-0.005935779438708266,0.10866697987635554,0.0016537764073083494,-0.014222083376084882,-0.00025086234060722745,0.07904311683042486,0.027939012716074352,0.004924536234059751,0.629999999999999
2026-04-22,3.79,4.3,1.92,3.64,7137.9,24657.57,18.92,118.6004,94.76,4756.15,0.5099999999999998,0.010000000000000231,-0.04999999999999982,0.0,-0.03000000000000025,0.0,-0.10000000000000009,0.0,0.0,-0.010000000000000231,0.019999999999999574,0.010405736514160324,0.07957699285416275,0.016256698024886163,0.1172361422730468,0.0014116150483447498,-0.012799646614221949,-0.005608539659609946,0.04304834605565411,0.011889736667874296,0.03489912336329759,-0.5799999999999983
2026-04-23,3.83,4.34,1.92,3.64,7108.4,24438.5,19.31,118.7155,99.27,4700.9,0.5099999999999998,0.040000000000000036,-0.1299999999999999,0.040000000000000036,-0.08000000000000007,0.0,-0.16000000000000014,0.0,0.0,0.0,0.04999999999999982,-0.004141432114161958,0.09299504063901942,-0.008924195110346034,0.13239133676485437,0.0009700151487956887,-0.013998292186686356,-0.011684537693714248,0.05646917143513974,0.04649603131104563,0.03162197475211315,0.389999999999997
2026-04-24,3.78,4.31,1.89,3.64,7165.08,24836.6,18.71,118.7294,98.42,4679.8,0.5299999999999998,-0.050000000000000266,-0.10000000000000009,-0.03000000000000025,-0.13000000000000078,-0.030000000000000027,-0.24,0.0,0.0,0.020000000000000018,-0.030000000000000693,0.007942043275907196,0.11780030707117106,0.016158614065993504,0.1702580100093929,0.00011707979422492798,-0.01799355349449616,-0.004498605772315756,0.05488965053501893,-0.008599375163798051,-0.02844743110393111,-0.5999999999999979
2026-04-27,3.78,4.35,1.91,3.64,7173.91,24887.1,18.02,118.5458,99.89,4701.6,0.5699999999999998,0.0,-0.040000000000000036,0.040000000000000036,0.0,0.020000000000000018,-0.13000000000000012,0.0,0.0,0.040000000000000036,0.040000000000000036,0.0012316071238149817,0.12298548656207764,0.002031225245227475,0.17965433574447687,-0.0015475703878289337,-0.02284458866670036,0.004647502342651322,0.03761149307356071,0.014825545106226024,-0.04693402178720518,-0.6900000000000013
2026-04-28,3.84,4.36,1.92,3.64,7138.8,24663.8,17.83,118.7717,103.45,4610.75,0.5200000000000005,0.06000000000000005,0.04999999999999982,0.010000000000000675,0.0600000000000005,0.010000000000000009,-0.08000000000000007,0.0,0.0,-0.04999999999999938,0.010000000000000675,-0.004906138729193543,0.08936442364761099,-0.0090130153694723,0.1330771572892253,0.001903779268102035,-0.018876596906066467,-0.019512342735525934,0.012395545358309334,0.0350188236474942,0.005719563844782449,-0.19000000000000128
2026-04-29,3.92,4.42,1.96,3.64,7135.95,24673.24,18.81,119.0975,110.47,4565.3,0.5,0.08000000000000007,0.10999999999999988,0.05999999999999961,0.08999999999999986,0.040000000000000036,-0.06000000000000005,0.0,0.0,-0.020000000000000462,-0.020000000000000018,-0.00039930647301922306,0.08182214244566133,0.00038267395511404345,0.12193260742214562,0.002739322314368131,-0.008547092735197381,-0.009906304278025857,-0.033261008952699456,0.06565558669263183,0.08075205065550506,0.9800000000000004
2026-04-30,3.88,4.4,1.94,3.64,7209.01,24892.31,16.89,118.671,108.64,4625.8,0.5200000000000005,-0.040000000000000036,0.08999999999999986,-0.019999999999999574,0.09000000000000075,-0.020000000000000018,-0.030000000000000027,0.0,0.0,0.020000000000000462,8.881784197001252e-16,0.010186244049721793,0.09088815619145052,0.008839664908510514,0.12902342072642625,-0.0035875270057514896,-0.015319690515233297,0.013165099676509584,3.2427349228925095e-05,-0.016704327073798098,-0.04138148451556223,-1.9199999999999982
2026-05-01,3.88,4.39,1.91,3.64,7230.12,25114.44,16.99,118.3926,105.38,4568.3,0.5099999999999998,0.0,0.040000000000000036,-0.010000000000000675,0.040000000000000036,-0.030000000000000027,-0.08000000000000007,0.0,0.0,-0.010000000000000675,0.0,0.002924000966883611,,0.008884059091762708,,-0.002348737874430462,-0.01894144496773631,-0.012508184526319965,,-0.030466799029245983,,0.09999999999999787
2026-05-04,3.95,4.45,1.95,3.64,7200.75,25067.8,18.29,118.8264,109.76,,0.5,0.07000000000000028,0.11000000000000032,0.0600000000000005,0.11000000000000032,0.040000000000000036,-0.030000000000000027,0.0,0.0,-0.009999999999999787,0.0,-0.0040704462796039564,0.0853247184642516,-0.0018588254900286927,0.13070807814958663,0.003657383966366723,-0.013406727523712192,,,0.04072329919643547,-0.03798999986805285,1.3000000000000007
2026-05-05,3.93,4.43,1.96,3.64,7259.22,25326.13,17.38,118.6207,105.66,4554.15,0.49999999999999956,-0.020000000000000018,0.1200000000000001,-0.020000000000000462,0.09999999999999964,0.010000000000000009,0.0,0.0,0.0,-4.440892098500626e-16,-0.020000000000000462,0.00808719778459377,0.09265295915849947,0.010252515048502886,0.13998318106293794,-0.001732596872797032,-0.014223852611261023,,-0.0277932501605882,-0.038069772241406064,-0.08104687724426185,-0.9100000000000001
2026-05-06,3.87,4.36,1.94,3.64,7365.12,25838.94,17.39,118.0982,98.75,4699.3,0.4900000000000002,-0.06000000000000005,0.08000000000000007,-0.0699999999999994,0.07000000000000028,-0.020000000000000018,-0.020000000000000018,0.0,0.0,-0.009999999999999343,-0.009999999999999787,0.014482958012582259,0.08236387269374212,0.02004598732108498,0.13238527551323997,-0.004414525824016913,-0.008107726302752027,0.031374656278188695,-0.020796023918251194,-0.06763498795493827,0.026473945056840975,0.010000000000001563
2026-05-07,3.92,4.41,1.96,3.63,7337.11,25806.2,17.08,118.0116,98.38,4734.15,0.4900000000000002,0.04999999999999982,0.14000000000000012,0.04999999999999982,0.1200000000000001,0.020000000000000018,0.010000000000000009,-0.010000000000000231,-0.010000000000000231,0.0,-0.020000000000000018,-0.0038103109376628197,0.07240250914291302,-0.0012678832659123174,0.12287138699703526,-0.0007335570474698017,-0.007498196890752595,0.0073886348141787295,0.0010778596021978615,-0.0037538724140375734,-0.01252541627794379,-0.3100000000000023
2026-05-08,3.9,4.38,1.93,3.63,7398.93,26247.08,17.19,118.0392,98.87,4710.1,0.48,-0.020000000000000018,0.08999999999999986,-0.03000000000000025,0.07000000000000028,-0.030000000000000027,-0.020000000000000018,0.0,-0.010000000000000231,-0.010000000000000231,-0.019999999999999574,0.0083903630375044,0.0819320390405256,0.016939971619729377,0.13629164128408355,0.00023384796938419328,-0.006889172790282672,-0.00509305704243701,-0.00808805005366331,0.004968324541848368,0.005374993925248539,0.11000000000000298
2026-05-11,3.95,4.42,1.95,3.63,7412.84,26274.13,18.38,118.0562,101.56,4651.65,0.46999999999999975,0.050000000000000266,0.17000000000000037,0.040000000000000036,0.1200000000000001,0.020000000000000018,0.030000000000000027,0.0,-0.010000000000000231,-0.010000000000000231,-0.050000000000000266,0.001878236576624559,0.07368841410279003,0.0010300601372925655,0.1251336340076108,0.00014400958281601817,-0.007892120113786483,-0.012487143856873217,-0.013898007741010687,0.02684390092743527,0.008305367100385652,1.1899999999999977
2026-05-12,4.0,4.46,1.99,3.63,7400.96,26088.2,17.99,118.5238,105.78,4698.65,0.45999999999999996,0.04999999999999982,0.2400000000000002,0.040000000000000036,0.20000000000000018,0.040000000000000036,0.10000000000000009,0.0,-0.010000000000000231,-0.009999999999999787,-0.040000000000000036,-0.00160391021166717,0.0603704641202647,-0.00710170007462807,0.09858183012671518,0.003953002019628116,0.0013990096079616876,0.010053238045285795,-0.015458836966496747,0.04071170880135622,0.1280095674402144,-0.39000000000000057
2026-05-13,3.98,4.46,1.99,3.63,7444.25,26402.34,17.87,118.4737,104.52,4686.75,0.48,-0.020000000000000018,0.2200000000000002,0.0,0.16999999999999993,0.0,0.09000000000000008,0.0,-0.010000000000000231,0.020000000000000018,-0.050000000000000266,0.005832200784963604,0.05825856462372059,0.01196953777029286,0.09473153491902941,-0.0004227892762269647,0.0009407354305563942,-0.0025358549186975665,-0.023491048459922226,-0.011983024985421586,0.11634893244200306,-0.11999999999999744
2026-05-14,4.0,4.47,2.0,3.63,7501.24,26635.22,17.26,118.6696,104.66,4690.15,0.46999999999999975,0.020000000000000018,0.2200000000000002,0.009999999999999787,0.14999999999999947,0.010000000000000009,0.07000000000000006,0.0,-0.010000000000000231,-0.010000000000000231,-0.07000000000000073,0.007626417898904947,0.06327836838470269,0.008781757555436087,0.09991053272699268,0.001652165965149166,0.0025988154584597467,0.0007251863940123116,-0.02584563684677299,0.001338560291650026,0.08158858630323618,-0.6099999999999994
2026-05-15,4.09,4.59,2.1,3.63,7408.5,26225.14,18.43,119.2825,108.99,4553.35,0.5,0.08999999999999986,0.3799999999999999,0.1200000000000001,0.33000000000000007,0.10000000000000009,0.20000000000000018,0.0,-0.010000000000000231,0.03000000000000025,-0.04999999999999982,-0.012440350542895828,0.03886950264755917,-0.015515907457720246,0.06933273403821616,0.0051514683451721055,0.010136502898851596,-0.029601339099231794,-0.05188773482283082,0.040539133957158136,0.23795589825125507,1.1699999999999982
2026-05-18,4.07,4.61,2.13,3.63,7403.05,26090.73,17.82,119.0574,112.25,4541.4,0.54,-0.019999999999999574,0.3500000000000001,0.020000000000000462,0.35000000000000053,0.029999999999999805,0.21999999999999997,0.0,-0.010000000000000231,0.040000000000000036,4.440892098500626e-16,-0.0007359122098584692,0.04051079735689811,-0.005138413859459234,0.066817044677558,-0.0018888995667838415,0.006911261974354765,-0.0026278912289043888,-0.0520625848788594,0.029472391721143687,0.20920989671572787,-0.6099999999999994
2026-05-19,4.13,4.67,2.18,3.62,7353.61,25870.71,18.06,119.451,112.09,4541.0,0.54,0.05999999999999961,0.3500000000000001,0.05999999999999961,0.3700000000000001,0.050000000000000266,0.26000000000000023,-0.009999999999999787,-0.020000000000000018,0.0,0.020000000000000018,-0.0067007283473188295,0.040178470180279646,-0.008468638087968827,0.06428418602829744,0.0033005156824970072,0.008558001249543423,-8.808244522562347e-05,-0.05189980498347779,-0.0014264065893598854,0.17984447741029363,0.23999999999999844
2026-05-20,4.04,4.57,2.13,3.62,7432.97,26270.36,17.44,119.1624,101.69,4474.3,0.5300000000000002,-0.08999999999999986,0.25,-0.09999999999999964,0.27000000000000046,-0.050000000000000266,0.20999999999999996,0.0,-0.020000000000000018,-0.009999999999999787,0.020000000000000462,0.010734160570107676,0.040506894236227,0.015329866710017015,0.0633573547134283,-0.0024189768112545806,0.004727409389944093,-0.014797337205601835,-0.06108860252946968,-0.09737315022995752,0.07058159051246182,-0.6199999999999974
2026-05-21,4.08,4.57,2.18,3.62,7445.72,26293.1,16.76,119.369,100.2,4537.7,0.4900000000000002,0.040000000000000036,0.25,0.0,0.23000000000000043,0.050000000000000266,0.26000000000000023,0.0,-0.020000000000000018,-0.040000000000000036,-0.019999999999999574,0.0017138609811624406,0.0463621873315514,0.0008652398993014287,0.07314678972307576,0.0017322671284603075,0.0054896613696087115,0.014070360844375074,-0.03533370399138036,-0.014760781152282298,0.009324778049133897,-0.6799999999999997
2026-05-22,4.13,4.56,2.16,3.62,7473.47,26343.97,16.7,119.2868,100.35,4515.1,0.4299999999999997,0.04999999999999982,0.3500000000000001,-0.010000000000000675,0.25,-0.020000000000000018,0.27000000000000024,0.0,-0.020000000000000018,-0.0600000000000005,-0.10000000000000009,0.003720045391482074,0.042140189447126275,0.0019328589466436341,0.058921034603725886,-0.0006888582070949667,0.004683723368288817,-0.004992940736668672,-0.03582803895573328,0.001495886591582618,0.019420039804514566,-0.060000000000002274
2026-05-25,,,,,,,16.59,,,,,,,,,,,,,,,,,,,,,,,,,-0.10999999999999943
2026-05-26,4.01,4.5,2.1,3.62,7519.12,26656.18,17.01,119.1696,97.63,4516.85,0.4900000000000002,,0.16999999999999993,,0.13999999999999968,,0.18000000000000016,,-0.020000000000000018,,-0.03000000000000025,,0.05190441483790664,,0.0776844370964973,,0.00334452548510189,,-0.020575685341041705,,-0.05790358095397252,0.4200000000000017
2026-05-27,4.0,4.48,2.09,3.62,7520.36,26674.73,16.29,119.1829,92.35,4487.45,0.4800000000000004,-0.009999999999999787,0.08000000000000007,-0.019999999999999574,0.0600000000000005,-0.010000000000000231,0.1299999999999999,0.0,-0.020000000000000018,-0.009999999999999787,-0.019999999999999574,0.00016489931870111718,0.05246862062962698,0.0006956566369513695,0.07799741977833463,0.00011159941694582898,0.000716802587679588,-0.0065302365486932246,-0.017199617611709073,-0.0555991165923313,-0.17915828423893565,-0.7200000000000024
2026-05-28,3.99,4.45,2.06,3.62,7563.63,26917.47,15.74,119.0318,92.65,4391.9,0.45999999999999996,-0.009999999999999787,0.11000000000000032,-0.03000000000000025,0.04999999999999982,-0.029999999999999805,0.1200000000000001,0.0,-0.020000000000000018,-0.020000000000000462,-0.0600000000000005,0.005737224525953266,0.048019601105858456,0.009058842890871333,0.07821659776069545,-0.001268603661021217,0.0030357259324098607,-0.021522676413333386,-0.05188739370155204,0.003243246086120699,-0.15921071107901685,-0.5499999999999989
2026-05-29,3.98,4.45,2.07,3.62,7580.06,26972.62,15.32,118.8783,91.16,4525.75,0.4700000000000002,-0.010000000000000231,0.10000000000000009,0.0,0.0600000000000005,0.009999999999999787,0.15999999999999992,0.0,-0.020000000000000018,0.010000000000000231,-0.03999999999999959,0.002169881507951388,0.04726548164692623,0.0020467592187340955,0.07137929788766684,-0.0012904035709278006,0.004094060235912522,0.030021373996207856,-0.009357835179024221,-0.016212748353885864,-0.14495666040365673,-0.41999999999999993
2026-06-01,4.05,4.47,2.07,3.62,7599.96,27086.81,16.05,119.1653,95.96,4490.4,0.41999999999999993,0.06999999999999984,0.09999999999999964,0.019999999999999574,0.019999999999999574,0.0,0.11999999999999988,0.0,-0.020000000000000018,-0.050000000000000266,-0.08000000000000007,0.002621868930305027,0.053957796856835216,0.004224616124611558,0.07746273950230709,0.0024113241361085613,0.0028480004056543606,-0.007841524628064533,,0.05131523359401058,-0.13436472600608163,0.7300000000000004
2026-06-02,4.05,4.46,2.07,3.62,7609.78,27093.9,15.77,119.0359,97.47,4523.8,0.41000000000000014,0.0,0.11999999999999966,-0.009999999999999787,0.03000000000000025,0.0,0.10999999999999988,0.0,-0.020000000000000018,-0.009999999999999787,-0.08999999999999941,0.0012912780053415673,0.047161877077583014,0.00026171676378794473,0.06747194121759215,-0.0010864765813858313,0.0034941206970655614,0.007410563965891015,-0.006686556563774815,0.015613200377624814,-0.08068175338705075,-0.28000000000000114
2026-06-03,4.08,4.49,2.11,3.62,7553.68,26853.98,16.06,119.3848,99.76,4441.25,0.41000000000000014,0.03000000000000025,0.20999999999999996,0.03000000000000025,0.1299999999999999,0.040000000000000036,0.16999999999999993,0.0,-0.020000000000000018,0.0,-0.08000000000000007,-0.0073994003955917265,0.02527951866940903,-0.008894569415435427,0.03853138448107174,0.0029267613848498186,0.010835407905932293,-0.01841648025864373,-0.05647769310060724,0.023222663022662182,0.01017589759054971,0.28999999999999915
2026-06-04,4.05,4.47,2.11,3.62,7584.31,26830.96,15.4,119.3615,96.83,4464.95,0.41999999999999993,-0.03000000000000025,0.1299999999999999,-0.020000000000000462,0.05999999999999961,0.0,0.1499999999999999,0.0,-0.009999999999999787,0.009999999999999787,-0.07000000000000028,0.004046777914474831,0.03313660752154668,-0.0008575962424792749,0.03894167150450478,-0.00019518627156944746,0.011373778681832647,0.005322147704376334,-0.058544180210409635,-0.029810437748341023,-0.01588066774375374,-0.6599999999999984
2026-06-05,4.17,4.55,2.19,3.62,7383.74,25709.43,21.51,120.0831,94.32,4463.1,0.3799999999999999,0.1200000000000001,0.27,0.08000000000000007,0.16999999999999993,0.08000000000000007,0.26,0.0,-0.009999999999999787,-0.040000000000000036,-0.10000000000000009,-0.02680135433175046,-0.002055109847708181,-0.042698593969449306,-0.0206968940846739,0.0060272997139465545,0.017167230426395008,-0.0004144242083050642,-0.05386554737627769,-0.026263607394324318,-0.047112599679926426,6.110000000000001
2026-06-08,4.15,4.56,2.21,3.62,7405.73,25929.66,18.92,120.034,95.0,4280.6,0.40999999999999925,-0.019999999999999574,0.20000000000000018,0.009999999999999787,0.13999999999999968,0.020000000000000018,0.26,0.0,-0.009999999999999787,0.02999999999999936,-0.0600000000000005,0.0029737395870199634,-0.0009596068373127764,0.008529636569079457,-0.013197317652887008,-0.0004089671304905451,0.016614253713088445,-0.041750405164844295,-0.08312880868424877,0.00718363537142519,-0.06677286523593651,-2.59
2026-06-09,4.13,4.53,2.2,3.62,7386.65,25678.82,19.87,119.9617,91.9,4326.75,0.40000000000000036,-0.020000000000000462,0.1299999999999999,-0.02999999999999936,0.07000000000000028,-0.009999999999999787,0.2100000000000002,0.0,-0.009999999999999787,-0.009999999999998899,-0.05999999999999961,-0.002579708009296411,-0.0019354046349420173,-0.009720959629129666,-0.015816577207388605,-0.0006025108132119428,0.012058740880248386,0.010723496138645316,-0.08245855059088925,-0.0331758622388989,-0.14066043627619162,0.9499999999999993
2026-06-10,4.13,4.55,2.21,3.62,7266.99,25169.5,22.22,119.9134,93.68,4166.4,0.41999999999999993,0.0,0.1499999999999999,0.019999999999999574,0.08999999999999986,0.009999999999999787,0.21999999999999997,0.0,-0.009999999999999787,0.019999999999999574,-0.06000000000000005,-0.016332141340852147,-0.024099746760757768,-0.020033583578895175,-0.04781969855657664,-0.00040270958221810815,0.012078820574257243,-0.037764329230913773,-0.11768702490310545,0.019183689927819714,-0.10949372136295032,2.349999999999998
2026-06-11,4.05,4.45,2.16,3.62,7394.3,25809.66,19.44,120.1174,91.58,4079.85,0.40000000000000036,-0.08000000000000007,0.04999999999999982,-0.09999999999999964,-0.019999999999999574,-0.04999999999999982,0.16000000000000014,0.0,-0.009999999999999787,-0.019999999999999574,-0.0699999999999994,0.017367257579397943,-0.014358907080264771,0.02511589642370815,-0.031485559688304576,0.0016997822705873133,0.01212643687969539,-0.02099213055770832,-0.13940434185482609,-0.022671812060512053,-0.1335040937151124,-2.7799999999999976
2026-06-12,4.09,4.48,2.17,3.62,7431.46,25888.84,17.68,119.5073,88.62,4223.05,0.39000000000000057,0.040000000000000036,0.0,0.03000000000000025,-0.10999999999999943,0.009999999999999787,0.06999999999999984,0.0,-0.009999999999999787,-0.009999999999999787,-0.10999999999999943,0.0050129069696023265,0.0030943504322333837,0.003063147360611751,-0.01290650486997258,-0.00509214048734119,0.0018828280471820946,0.034497392771589475,-0.07530560998400482,-0.032855341457605824,-0.20689856912987636,-1.7600000000000016
2026-06-15,4.07,4.47,2.15,3.63,7554.29,26683.94,16.2,119.3158,84.65,4337.55,0.39999999999999947,-0.019999999999999574,0.0,-0.010000000000000675,-0.14000000000000057,-0.020000000000000018,0.020000000000000018,0.009999999999999787,0.0,0.009999999999998899,-0.14000000000000057,0.01639327371130861,0.020223536353400462,0.030249898490611216,0.02248180748009787,-0.0016036978084823517,0.0021680298054835845,0.026752056778120092,-0.045925661976980336,-0.04583245719219953,-0.2822034180432196,-1.4800000000000004
2026-06-16,4.05,4.43,2.14,3.63,7511.35,26376.34,16.41,119.256,79.8,4343.3,0.3799999999999999,-0.020000000000000462,-0.08000000000000007,-0.040000000000000036,-0.2400000000000002,-0.009999999999999787,-0.040000000000000036,0.0,0.009999999999999787,-0.019999999999999574,-0.16000000000000014,-0.005700403869527193,0.0212238608311921,-0.011594490113422395,0.019355955454644302,-0.0005013165952751919,-0.0016338024722886146,0.0013247552580502031,-0.04451282427370451,-0.05900160412338096,-0.33977861557724065,0.21000000000000085
2026-06-17,4.2,4.49,2.23,3.63,7420.1,26021.66,18.44,119.3871,80.65,4331.85,0.29000000000000004,0.15000000000000036,0.16000000000000014,0.0600000000000005,-0.08000000000000007,0.08999999999999986,0.10000000000000009,0.0,0.009999999999999787,-0.08999999999999986,-0.2400000000000002,-0.012222675763243984,-0.0017329755021595616,-0.01353812806428678,-0.009512039319659493,0.0010987119526042477,0.0018838862915702137,-0.0026397253416412525,-0.03235521240974393,0.01059530011545462,-0.2318101652318285,2.030000000000001
2026-06-18,4.19,4.46,2.21,3.63,7500.58,26517.93,16.4,120.3958,80.35,4264.9,0.2699999999999996,-0.009999999999999787,0.11000000000000032,-0.03000000000000025,-0.11000000000000032,-0.020000000000000018,0.029999999999999805,0.0,0.009999999999999787,-0.020000000000000462,-0.22000000000000064,0.010787816708106135,0.007340980224784133,0.018891839844041414,0.008514560625080492,0.008413493624606083,0.00856511278771599,-0.015575968490553649,-0.06200154174467265,-0.003726712387696729,-0.22077609646724294,-2.0400000000000027
2026-06-19,,,,,,,16.78,,,4164.55,,,,,,,,,,,,,,,,,,-0.023810507445483964,-0.08081910845348794,,,0.38000000000000256
2026-06-22,4.24,4.51,2.28,3.63,7472.79,26166.6,17.28,120.5463,78.94,4207.75,0.2699999999999996,,,,,,,,,,,,,,,,,0.010319836459707687,,,,0.5
2026-06-23,4.16,4.5,2.29,3.63,7365.46,25587.04,19.49,121.0552,74.62,4112.75,0.33999999999999986,-0.08000000000000007,0.15000000000000036,-0.009999999999999787,0.0,0.010000000000000231,0.18999999999999995,0.0,0.009999999999999787,0.07000000000000028,-0.15000000000000036,-0.014466917855330053,-0.020647604303842826,-0.022397815048586622,-0.04093504536499282,0.004212728419515699,0.015698951369404135,-0.022836158506745363,-0.09372294372234258,-0.05627950244168911,-0.2687762554445676,2.2099999999999973
2026-06-24,4.11,4.41,2.23,3.63,7358.22,25476.64,18.63,121.412,71.42,4069.55,0.2999999999999998,-0.04999999999999982,0.11000000000000032,-0.08999999999999986,-0.07000000000000028,-0.06000000000000005,0.14000000000000012,0.0,0.009999999999999787,-0.040000000000000036,-0.1800000000000006,-0.0009834498689897941,-0.021795953491533737,-0.0043240194209932525,-0.04595472142293744,0.0029430806108363683,0.018530432563294674,-0.01055947628622711,-0.09775218345987646,-0.04383062562670936,-0.2570077644789457,-0.8599999999999994
2026-06-25,4.09,4.4,2.19,3.63,7357.49,25358.6,18.89,121.0559,72.67,3994.5,0.3100000000000005,-0.020000000000000462,0.09999999999999964,-0.009999999999999787,-0.04999999999999982,-0.040000000000000036,0.1299999999999999,0.0,0.009999999999999787,0.010000000000000675,-0.14999999999999947,-9.921369755261367e-05,-0.027632391715039617,-0.004644030878875327,-0.0596575951926841,-0.0029372981415480837,0.016861738082767808,-0.018614013291205822,-0.0948435203377489,0.017350702462241685,-0.2429003081028247,0.26000000000000156
2026-06-26,4.07,4.38,2.18,3.63,7354.02,25297.62,18.41,120.8866,70.3,4047.95,0.3099999999999996,-0.019999999999999574,0.0900000000000003,-0.020000000000000462,-0.07000000000000028,-0.009999999999999787,0.11000000000000032,0.0,0.009999999999999787,-8.881784197001252e-16,-0.1600000000000006,-0.0004717394834852229,-0.030274012706476228,-0.0024076028355910495,-0.06411195724700924,-0.0013995063094149884,0.01675263534428062,0.013292165190264882,-0.11157272914369187,-0.03315684581192535,-0.2598444055608642,-0.4800000000000004
2026-06-29,4.1,4.38,2.16,3.63,7440.43,25820.14,17.65,120.9525,71.87,4042.85,0.28000000000000025,0.02999999999999936,0.04999999999999982,0.0,-0.08999999999999986,-0.020000000000000018,0.0900000000000003,0.0,0.009999999999999787,-0.02999999999999936,-0.13999999999999968,0.011681540390059197,-0.021214341246722057,0.020444487394904343,-0.04789208597671646,0.0005449904637515601,0.014886301671923619,-0.0012606913223596194,-0.10499189583798696,0.02208713266373241,-0.28907250649114236,-0.7600000000000016
2026-06-30,4.14,4.44,2.2,3.63,7499.36,26213.72,16.45,120.9248,70.56,4016.7,0.3000000000000007,0.040000000000000036,0.08999999999999986,0.0600000000000005,-0.019999999999999574,0.040000000000000036,0.13000000000000034,0.0,0.009999999999999787,0.020000000000000462,-0.10999999999999943,0.007889040694017524,-0.0146165785580461,0.01512813026781501,-0.033025672472689394,-0.00022904175068205745,0.015743736502627392,-0.006489218818558129,-0.1188916786224361,-0.01839551978181575,-0.3230812266505829,-1.1999999999999993
2026-07-01,4.17,4.48,2.25,3.63,7483.23,26040.03,16.59,121.1455,69.74,3978.55,0.3100000000000005,0.03000000000000025,0.08999999999999986,0.040000000000000036,-0.009999999999999787,0.04999999999999982,0.14000000000000012,0.0,0.009999999999999787,0.009999999999999787,-0.09999999999999964,-0.002153166606271739,-0.009370344768726113,-0.006647968411542138,-0.030779071468796104,0.0018234377463972606,0.014640412864174834,-0.00954323868224094,-0.11001843704603331,-0.011689370451030356,-0.35799326012427546,0.14000000000000057
2026-07-02,4.14,4.49,2.26,3.63,7483.24,25832.67,16.15,120.6902,69.73,4064.2,0.35000000000000053,-0.03000000000000025,0.08999999999999986,0.009999999999999787,0.020000000000000462,0.009999999999999787,0.1499999999999999,0.0,0.009999999999999787,0.040000000000000036,-0.0699999999999994,1.3363204551808394e-06,-0.013415786362745763,-0.007994999471272024,-0.03791647469758885,-0.003765370769802878,0.011070228365941404,0.021299490356639694,-0.09404109439376995,-0.00014340001458634788,-0.3283262223905208,-0.4400000000000013
2026-07-03,,,,3.63,,,15.81,,,4171.25,,,,,,,,0.0,0.009999999999999787,,,,,,,,,0.0259988294197413,-0.06762784076572359,,,-0.3399999999999981
2026-07-06,4.13,4.48,2.24,3.63,7537.43,26121.16,15.57,120.835,69.6,4137.55,0.35000000000000053,,-0.020000000000000462,,-0.07999999999999918,,0.03000000000000025,0.0,0.009999999999999787,,-0.05999999999999872,,0.017627250211306844,,0.007358226596208439,,0.006650942650873404,-0.008111925861138403,-0.0339893614620177,,-0.3111123242601668,-0.2400000000000002
2026-07-07,4.19,4.55,2.3,3.63,7503.85,25818.69,16.13,120.8145,71.53,4124.15,0.35999999999999943,0.0600000000000005,0.0600000000000005,0.0699999999999994,0.019999999999999574,0.05999999999999961,0.09999999999999964,0.0,0.009999999999999787,0.009999999999998899,-0.040000000000000924,-0.0044650529462266775,0.015741905274376577,-0.011647065567876425,0.005432120657461681,-0.00016966722504463405,0.0070837862390407125,-0.0032438872751292536,-0.04795674487579227,0.027352374779918698,-0.2505840872413492,0.5599999999999987
2026-07-08,4.21,4.56,2.31,3.62,7482.71,25870.65,16.9,121.1307,74.56,4055.4,0.34999999999999964,0.019999999999999574,0.08000000000000007,0.009999999999999787,0.009999999999999787,0.010000000000000231,0.10000000000000009,-0.009999999999999787,0.0,-0.009999999999999787,-0.07000000000000028,-0.0028211963280924124,0.02925285028713631,0.0020104732427181915,0.027476177479075048,0.0026138165173286154,0.010100312338587436,-0.016810611594953784,-0.027003027239832278,0.04148722825704265,-0.22828054891212624,0.7699999999999996
2026-07-09,4.16,4.54,2.31,3.62,7543.64,26206.89,15.84,120.753,73.15,4107.05,0.3799999999999999,-0.04999999999999982,0.11000000000000032,-0.019999999999999574,0.08999999999999986,0.0,0.1499999999999999,0.0,0.0,0.03000000000000025,-0.020000000000000462,0.008109798313078898,0.019995391020817266,0.012913231783436174,0.015273512838803072,-0.00312299098267399,0.005277539085326133,0.012655682884586739,0.006644786202462782,-0.019092042911202256,-0.22470077976281644,-1.0599999999999987
2026-07-10,4.21,4.56,2.32,3.62,7575.39,26281.61,15.03,120.5046,72.45,4102.2,0.34999999999999964,0.04999999999999982,0.1200000000000001,0.019999999999999574,0.07999999999999918,0.009999999999999787,0.1499999999999999,0.0,0.0,-0.03000000000000025,-0.040000000000000924,0.00420001106853185,0.01918249511974679,0.0028471017641304996,0.01505746724232182,-0.0020592104686043555,0.008310469104062967,-0.0011815940711468187,-0.02903420064027351,-0.009615458699441248,-0.20146089700465186,-0.8100000000000005
2026-07-13,4.26,4.62,2.36,3.62,7515.34,25873.18,17.16,120.7413,79.2,4070.95,0.3600000000000003,0.04999999999999982,0.1899999999999995,0.0600000000000005,0.15000000000000036,0.040000000000000036,0.20999999999999996,0.0,-0.009999999999999787,0.010000000000000675,-0.03999999999999915,-0.007958570189483538,-0.0051693487810453576,-0.015662544110565335,-0.03085497535885473,0.0019623137715880645,0.011876480684133384,-0.007647027714844157,-0.06343328513323776,0.08907963005368824,-0.0665488097587641,2.130000000000001
2026-07-14,4.18,4.58,2.33,3.63,7543.59,26107.01,16.5,120.4728,80.44,4015.9,0.40000000000000036,-0.08000000000000007,0.1299999999999999,-0.040000000000000036,0.15000000000000036,-0.029999999999999805,0.18999999999999995,0.009999999999999787,0.0,0.040000000000000036,0.020000000000000462,0.0037519309990230454,0.004282986087504881,0.00899694969490028,-0.010263535550532055,-0.0022262389378866487,0.010151558341521927,-0.013614905769820496,-0.07837294616110846,0.015535266084071075,0.00798806044868794,-0.6600000000000001
2026-07-15,4.13,4.55,2.32,3.63,7572.4,26269.23,15.67,120.3088,80.73,4027.35,0.41999999999999993,-0.04999999999999982,-0.07000000000000028,-0.03000000000000025,0.05999999999999961,-0.010000000000000231,0.08999999999999986,0.0,0.0,0.019999999999999574,0.1299999999999999,0.0038118621254454865,0.02031752397619435,0.006194431624393815,0.00946902413814854,-0.0013622305471914231,0.007690615841726256,0.0028471097465594397,-0.07288611107290777,0.003598688502473024,0.0009914488357063433,-0.8300000000000001
2026-07-16,4.16,4.57,2.35,3.63,7533.77,25881.95,16.73,120.331,80.03,4030.95,0.41000000000000014,0.03000000000000025,-0.03000000000000025,0.020000000000000462,0.11000000000000032,0.03000000000000025,0.14000000000000012,0.0,0.0,-0.009999999999999787,0.14000000000000057,-0.005114477621599889,0.004415229646488328,-0.014852477713644063,-0.024275293419536936,0.00018450813259462961,-0.0005383696502851976,0.0008934887605320796,-0.05641665382182204,-0.008708689027969285,-0.003990527804566213,1.0600000000000005
2026-07-17,4.18,4.55,2.31,3.63,7457.69,25520.24,18.77,120.5315,83.43,3998.8,0.3700000000000001,0.019999999999999574,,-0.020000000000000462,,-0.040000000000000036,,0.0,,-0.040000000000000036,,-0.010149865742796749,,-0.01407395173200321,,0.0016648506621903536,,-0.008007764077204271,-0.040613910453542346,0.04160639253502829,,2.039999999999999
2026-07-20,4.21,4.6,2.35,3.63,7443.28,25508.07,18.65,120.5401,84.38,4014.8,0.3899999999999997,0.03000000000000025,-0.03000000000000025,0.04999999999999982,0.08999999999999986,0.040000000000000036,0.07000000000000028,0.0,0.0,0.019999999999999574,0.1200000000000001,-0.0019341028794794823,-0.003956811479374878,-0.0004769901347216887,-0.025488915659945377,7.134809744169246e-05,-5.1433842816805964e-05,0.003993216846620129,-0.046940530066629904,0.011322449782209532,0.06664233646149142,-0.120000000000001
2026-07-21,4.26,4.63,2.37,3.63,7509.2,25837.21,17.05,120.5779,86.04,4063.2,0.3700000000000001,0.04999999999999982,0.09999999999999964,0.03000000000000025,0.1299999999999999,0.020000000000000018,0.08000000000000007,0.0,0.0,-0.019999999999999574,0.03000000000000025,0.008817323558327317,0.019327429934282492,0.012820828262405826,0.009729727651047071,0.0003135394313957818,-0.003950622830936723,0.011983307547389188,-0.012121064012495353,0.019481897703336415,0.14240373660651695,-1.5999999999999979
2026-07-22,4.31,4.67,2.39,3.63,7498.96,25690.9,16.64,120.5736,87.66,4118.65,0.3600000000000003,0.04999999999999982,0.1999999999999993,0.040000000000000036,0.2599999999999998,0.020000000000000018,0.16000000000000014,0.0,0.0,-0.009999999999999787,0.0600000000000005,-0.001364591207581256,0.01894628859569103,-0.005678857353816014,0.00837488971822431,-3.566222893436333e-05,-0.006929365670707455,0.013554599258112532,0.011993011531844289,0.018653390591134134,0.20488775282436045,-0.41000000000000014
2026-07-23,4.37,4.71,2.43,3.63,7408.3,25137.69,18.7,120.9075,93.08,4090.1,0.33999999999999986,0.0600000000000005,0.28000000000000025,0.040000000000000036,0.3099999999999996,0.040000000000000036,0.2400000000000002,0.0,0.0,-0.020000000000000462,0.02999999999999936,-0.012163350976322818,0.006882151316920826,-0.02176853009610369,-0.008749609499004052,0.002765435578978348,-0.001226631950181023,-0.00695602012944363,0.02365100469360648,0.059993643443427835,0.2475306938055466,2.0599999999999987
2026-07-24,4.33,4.69,2.43,3.63,7411.98,24975.82,18.58,120.7105,91.74,4051.85,0.3600000000000003,-0.040000000000000036,0.2599999999999998,-0.019999999999999574,0.3100000000000005,0.0,0.25,0.0,0.0,0.020000000000000462,0.05000000000000071,0.0004966168082702893,0.007850507608676338,-0.00646015667038391,-0.012802163333796912,-0.0016306735727757982,-0.0014577992135418327,-0.009395852688511397,0.0009629868148302023,-0.014500849265065341,0.2661866903524066,-0.120000000000001
2026-07-27,4.31,4.65,2.44,3.63,7413.18,24932.08,18.67,120.7739,84.25,4091.1,0.34000000000000075,-0.020000000000000462,0.20999999999999996,-0.040000000000000036,0.27000000000000046,0.009999999999999787,0.2799999999999998,0.0,0.0,-0.019999999999999574,0.0600000000000005,0.00016188695469310233,-0.003669145826689757,-0.0017528291592689982,-0.03499947988797025,0.000525085690476601,-0.0014777039868167918,0.009640315604706018,0.01186399374189584,-0.08516991993655498,0.1589296377521192,0.09000000000000341
2026-07-28,4.26,4.61,2.41,3.63,7428.78,24876.91,18.21,120.6247,80.91,4037.7,0.35000000000000053,-0.04999999999999982,0.1200000000000001,-0.040000000000000036,0.16999999999999993,-0.029999999999999805,0.20999999999999996,0.0,0.0,0.009999999999999787,0.04999999999999982,0.0021021490079125016,-0.00945603751279478,-0.0022152636526744374,-0.0523428738084597,-0.0012361299444014762,-0.0024847921805362105,-0.013138659624118532,0.005214552936335437,-0.0404511434127226,0.13687401412121236,-0.46000000000000085
2026-07-29,4.22,4.67,2.41,3.63,7316.15,24442.94,20.66,120.7892,86.08,4031.6,0.4500000000000002,-0.040000000000000036,0.04999999999999982,0.05999999999999961,0.1899999999999995,0.0,0.16000000000000014,0.0,0.0,0.09999999999999964,0.13999999999999968,-0.015277412729497897,-0.022580283636020937,-0.017598642348923832,-0.0632935477458414,0.0013628049210057114,-0.00294542500592776,-0.001511903427056538,0.013245888191519839,0.06193967059372607,0.2105030551659688,2.4499999999999993
2026-07-30,4.23,4.68,2.41,3.63,7437.63,25122.18,17.09,119.6753,85.15,4061.5,0.4499999999999993,0.010000000000000675,0.09000000000000075,0.009999999999999787,0.1899999999999995,0.0,0.15000000000000036,0.0,0.0,-8.881784197001252e-16,0.09999999999999876,0.016468016385045914,-0.006113603571430204,0.027409699606426585,-0.027888848668142785,-0.009264635465779492,-0.008444689701904373,0.007389044010285062,-0.0006645581548347934,-0.010862689304777184,0.19978376587577795,-3.5700000000000003
2026-07-31,4.28,4.75,2.47,3.63,7489.72,25373.85,15.99,119.7034,86.16,4052.2,0.46999999999999975,0.04999999999999982,,0.07000000000000028,,0.06000000000000005,,0.0,0.0,0.020000000000000462,,0.006979163942201438,,0.009967994863892216,,0.00023477444007369286,,-0.0022924199989571292,-0.02895580757353322,0.01179162573943593,,-1.0999999999999996
2026-08-03,4.25,4.7,2.43,3.63,7600.5,25913.9,15.86,119.6951,81.96,4045.65,0.4500000000000002,-0.03000000000000025,0.1200000000000001,-0.04999999999999982,0.21999999999999975,-0.040000000000000036,0.18999999999999995,0.0,0.0,-0.019999999999999574,0.09999999999999964,0.014682620949146852,0.008332759490595976,0.021060388143299136,-0.007966209554378878,-6.934045120043919e-05,-0.009478302581419129,-0.0016177136964614647,-0.022461595408856283,-0.049974709477433876,0.16346675603032512,-0.13000000000000078
2026-08-04,4.2,4.63,2.4,3.63,7736.52,26584.99,16.5,119.5977,77.33,4049.2,0.4299999999999997,-0.04999999999999982,0.009999999999999787,-0.07000000000000028,0.08000000000000007,-0.03000000000000025,0.10000000000000009,0.0,0.0,-0.020000000000000462,0.07000000000000028,0.017737939490634957,0.03053575192745761,0.025567266523051302,0.02924812253654885,-0.0008140654911379386,-0.010122700847512434,0.0008771009290065024,-0.018340607204720527,-0.058149344749755194,0.07796503650065123,0.6400000000000006
2026-08-05,4.18,4.63,2.41,3.63,7723.55,26363.44,15.81,119.3881,76.78,4156.45,0.4500000000000002,-0.020000000000000462,-0.03000000000000025,0.0,0.07000000000000028,0.010000000000000231,0.10000000000000009,0.0,0.009999999999999787,0.020000000000000462,0.10000000000000053,-0.0016778711924096967,0.031679077063140326,-0.008368568925718023,0.018869080368112634,-0.001754079562395816,-0.014490596927236865,0.026142013822575194,0.02461201821280845,-0.007137789048292653,0.029340019195315925,-0.6899999999999995
2026-08-06,4.25,4.69,2.43,3.63,7709.96,26348.35,15.15,119.5113,78.88,4281.1,0.4400000000000004,0.07000000000000028,0.08999999999999986,0.0600000000000005,0.15000000000000036,0.020000000000000018,0.1200000000000001,0.0,0.009999999999999787,-0.009999999999999787,0.0600000000000005,-0.001761103405828024,0.021808175344233405,-0.0005725474476285797,0.00538330113704788,0.0010313965704522587,-0.010336209374110616,0.029548641353221328,0.04150497668144304,0.026983520721728382,0.07541558282824656,-0.6600000000000001
2026-08-07,4.19,4.65,2.4,3.63,7757.64,26690.62,14.9,119.0649,79.77,4301.85,0.45999999999999996,-0.05999999999999961,-0.019999999999999574,-0.040000000000000036,0.09000000000000075,-0.03000000000000025,0.08000000000000007,0.0,0.009999999999999787,0.019999999999999574,0.11000000000000032,0.006165164734458273,0.023773329010159827,0.012906538389744426,0.015442737762661807,-0.0037422049722675155,-0.012019203877773776,0.0048351768159111685,0.04752174756850103,0.011219783628658497,0.09625082515634631,-0.25
2026-08-10,4.25,4.72,2.43,3.63,7753.11,26605.36,15.46,119.1187,83.76,4340.5,0.46999999999999975,0.05999999999999961,-0.009999999999999787,0.0699999999999994,0.09999999999999964,0.03000000000000025,0.07000000000000028,0.0,0.009999999999999787,0.009999999999999787,0.10999999999999943,-0.0005841110363835611,0.031147788163259804,-0.0031994935727670537,0.027905788300460088,0.0004517523533520418,-0.0135297652960098,0.0089443861155587,0.06411316139890388,0.04880807263924325,0.05597926774190132,0.5600000000000005
2026-08-11,4.22,4.7,2.43,3.63,7728.2,26445.45,15.28,119.179,84.77,4372.2,0.4800000000000004,-0.03000000000000025,0.040000000000000036,-0.019999999999999574,0.1200000000000001,0.0,0.10000000000000009,0.0,0.0,0.010000000000000675,0.08000000000000007,-0.0032180766998877175,0.02417778046434904,-0.00602857842549831,0.012880260180061498,0.0005060896625277422,-0.010797436695595408,0.007276766072429552,0.08500483324115393,0.011986140058033001,0.05243014171586324,-0.1800000000000015
2026-08-12,4.2,4.68,2.42,3.63,7748.5,26588.49,14.55,119.1179,84.97,4413.2,0.47999999999999954,-0.019999999999999574,0.07000000000000028,-0.020000000000000462,0.1299999999999999,-0.010000000000000231,0.10000000000000009,0.0,0.0,-8.881784197001252e-16,0.05999999999999961,0.002623299752730901,0.022989218091634456,0.00539429455374929,0.012080123109416974,-0.0005128056750969279,-0.009948011823500913,0.0093337349818583,0.09149145847645279,0.0023565463951351617,0.05118799960852538,-0.7299999999999986
2026-08-13,4.15,4.63,2.39,3.63,7798.99,26803.03,14.63,119.1848,82.77,4380.45,0.47999999999999954,-0.04999999999999982,-0.009999999999999787,-0.04999999999999982,0.05999999999999961,-0.029999999999999805,0.040000000000000036,0.0,0.0,0.0,0.0699999999999994,0.006494961886618356,0.0345986575998527,0.008036525451389664,0.0349691262744507,0.0005614707828112131,-0.00957104917328433,-0.007448591066996357,0.08314937864892435,-0.026232576118145445,0.03366411251834922,0.08000000000000007
2026-08-14,4.17,4.68,2.41,3.63,7785.76,26729.16,14.25,118.9028,83.99,4349.9,0.5099999999999998,0.019999999999999574,-0.009999999999999787,0.04999999999999982,0.1299999999999999,0.020000000000000018,0.10000000000000009,0.0,0.0,0.03000000000000025,0.13999999999999968,-0.0016978139755909893,0.04305070936705846,-0.0027598365352563548,0.046283241471197556,-0.0023688771013024024,-0.013604776936777085,-0.006998602506412155,0.08415854021971647,0.014632067240231805,0.0066897872235527345,-0.3800000000000008
2026-08-17,4.19,4.72,2.44,3.63,7745.06,26644.91,15.19,118.814,86.04,4393.6,0.5299999999999994,0.020000000000000462,-0.019999999999999574,0.040000000000000036,0.1200000000000001,0.029999999999999805,0.08999999999999986,0.0,0.0,0.019999999999999574,0.13999999999999968,-0.005241203383949511,0.03974360886258843,-0.0031569662936572485,0.043603265312261996,-0.0007471075172684749,-0.014423232551487253,0.009996080260910034,0.09016140363400638,0.024114560261993212,0.019481897703336415,0.9399999999999995
2026-08-18,4.19,4.71,2.41,3.63,7691.76,26289.71,15.84,118.9831,86.48,4388.75,0.5199999999999996,0.0,-0.0699999999999994,-0.009999999999999787,0.08000000000000007,-0.029999999999999805,0.040000000000000036,0.0,0.0,-0.009999999999999787,0.14999999999999947,-0.006905594780615587,0.024020690523645527,-0.013420530127868702,0.01736190692198747,0.001422221116265554,-0.01331455086661748,-0.0011044880910109356,0.07707360799560625,0.0051008689314233635,0.0051008689314233635,0.6500000000000004
2026-08-19,4.19,4.65,2.35,3.63,7707.98,26331.09,14.89,118.3328,87.28,4355.75,0.45999999999999996,0.0,-0.11999999999999922,-0.05999999999999961,-0.019999999999999574,-0.06000000000000005,-0.040000000000000036,0.0,0.0,-0.05999999999999961,0.09999999999999964,0.002106529850241401,0.027491811581468184,0.0015727624258747852,0.024613526701678268,-0.005480472464569175,-0.018759361102252292,-0.007547637179627031,0.05597137155786669,0.009208168193862498,-0.004344353465848272,-0.9499999999999993
2026-08-20,4.19,4.69,2.35,3.63,7641.16,26067.17,16.01,118.2548,89.75,4487.6,0.5,0.0,-0.17999999999999972,0.040000000000000036,-0.019999999999999574,0.0,-0.08000000000000007,0.0,0.0,0.040000000000000036,0.16000000000000014,-0.008706731728175043,0.030948430829615958,-0.010073702136983442,0.036308354660798514,-0.0006593752405112951,-0.022184171921741935,0.029821226367795717,0.09274861805510604,0.027906685843573698,-0.03643131106570241,1.120000000000001
2026-08-21,4.24,4.74,2.4,3.63,7674.37,26180.45,15.13,118.0628,87.21,4581.95,0.5,0.04999999999999982,-0.08999999999999986,0.04999999999999982,0.04999999999999982,0.04999999999999982,-0.03000000000000025,0.0,0.0,0.0,0.13999999999999968,0.004336781299793202,0.03478859532113887,0.004336280868042053,0.04710479219922448,-0.0016249322288857115,-0.02217843057785185,0.020806634017706216,0.12295110476132365,-0.028709024129494942,-0.05063948593013201,-0.8800000000000008
2026-08-24,4.24,4.7,2.38,3.63,7652.86,25980.19,15.85,118.3195,86.34,4634.2,0.45999999999999996,0.0,-0.0699999999999994,-0.040000000000000036,0.04999999999999982,-0.020000000000000018,-0.06000000000000005,0.0,0.0,-0.040000000000000036,0.11999999999999922,-0.0028067712327999317,0.03181993713364584,-0.0076786244940407755,0.0411789968644527,0.0021719062798544186,-0.02053160998847403,0.011338912630131759,0.12464970178674939,-0.01002601311156237,0.0245044208948606,0.7199999999999989
2026-08-25,4.17,4.64,2.32,3.63,7677.28,26151.3,15.45,118.2283,83.9,4625.65,0.46999999999999975,-0.07000000000000028,-0.08999999999999986,-0.0600000000000005,0.02999999999999936,-0.06000000000000005,-0.0900000000000003,0.0,0.0,0.009999999999999787,0.11999999999999922,0.0031858835803131313,0.03290367170604647,0.006564577934740967,0.049958838451868104,-0.0007710915469836266,-0.02006657159105618,-0.0018466827064784752,0.13594167870438945,-0.028667376654170518,0.036288187653412685,-0.40000000000000036
2026-08-26,4.19,4.66,2.34,3.63,7675.7,26130.2,15.21,118.4461,83.46,4621.05,0.46999999999999975,0.020000000000000462,-0.02999999999999936,0.020000000000000462,-0.009999999999999787,0.020000000000000018,-0.07000000000000028,0.0,0.0,0.0,0.019999999999999574,-0.00020582323504214628,0.04797526120050222,-0.0008071689276540894,0.06675031187313785,0.0018405037594453333,-0.01958887275261656,-0.0009949496316465911,0.1364586324997994,-0.005258138309754301,-0.030909621250067687,-0.23999999999999844
2026-08-27,4.2,4.67,2.34,3.63,7730.99,26541.35,14.51,118.3583,84.81,4594.95,0.46999999999999975,0.009999999999999787,-0.03000000000000025,0.009999999999999787,-0.009999999999999787,0.0,-0.07000000000000028,0.0,0.0,0.0,0.020000000000000462,0.007177432317728716,0.03868467713318502,0.015612160686092835,0.054952772952804096,-0.0007415403094137574,-0.011065777596250825,-0.005664077642755672,0.12340551084675866,0.016045985210202396,-0.004000946735088107,-0.7000000000000011
2026-08-28,4.34,4.73,2.42,3.63,7711.76,26402.42,14.43,118.7479,84.57,4602.0,0.39000000000000057,0.13999999999999968,0.05999999999999961,0.0600000000000005,-0.019999999999999574,0.08000000000000007,-0.050000000000000266,0.0,0.0,-0.07999999999999918,-0.07999999999999918,-0.0024904903517271038,0.029215022839256477,-0.0052482216090226075,0.03973655647988927,0.0032862940794560203,-0.008014257956868498,0.0015331172575443475,0.12723104810326014,-0.0028338665794782614,-0.018626439054002297,-0.08000000000000007
2026-08-31,4.34,4.75,2.44,3.63,7686.14,26370.89,14.92,118.5679,87.03,,0.41000000000000014,0.0,0.08999999999999986,0.019999999999999574,0.04999999999999982,0.020000000000000018,0.009999999999999787,0.0,0.0,0.019999999999999574,-0.040000000000000036,-0.003327729579037708,0.011204672311071917,-0.0011949223481213522,0.017481245988468785,-0.0015169662914802373,-0.009461883797148296,,,0.02867329300729171,0.06002156343072329,0.4900000000000002
2026-09-01,4.39,4.79,2.44,3.63,7631.47,26099.77,16.34,118.6568,91.48,4367.25,0.40000000000000036,0.04999999999999982,0.1899999999999995,0.040000000000000036,0.16000000000000014,0.0,0.040000000000000036,0.0,0.0,-0.009999999999999787,-0.02999999999999936,-0.007138219622845554,-0.013671486802408594,-0.010334248240400967,-0.018420268774983484,0.0007495004033026831,-0.007898317902707674,,0.07561418966074207,0.04986748235315819,0.16803839053363667,1.42
2026-09-02,4.39,4.79,2.45,3.63,7666.6,26217.83,15.2,118.5296,92.15,4308.7,0.40000000000000036,0.0,0.20999999999999996,0.0,0.16000000000000014,0.010000000000000231,0.040000000000000036,0.0,0.0,0.0,-0.04999999999999982,0.004592744280895289,-0.007400871329103609,0.0045132116304156256,-0.005538488218849835,-0.001072574247043434,-0.007216812587355292,-0.013497285915182289,0.03597488992298459,0.007297314961252077,0.1824734945431814,-1.1400000000000006
2026-09-03,4.34,4.77,2.42,3.63,7747.71,26584.06,14.32,118.127,92.55,4434.25,0.4299999999999997,-0.04999999999999982,0.08999999999999986,-0.020000000000000462,0.07999999999999918,-0.03000000000000025,-0.010000000000000231,0.0,0.0,0.02999999999999936,-0.010000000000000675,0.010524084259268207,0.004884316335992622,0.013872074386737765,0.00890613361551651,-0.0034024015251290507,-0.011650610682936602,0.028722257615539704,0.03514850618530296,0.0043313549036740895,0.1598213287251271,-0.879999999999999
2026-09-04,4.37,4.78,2.43,3.63,7718.6,26506.99,14.53,118.0732,92.69,4466.25,0.41000000000000014,0.03000000000000025,0.17999999999999972,0.010000000000000675,0.1299999999999999,0.010000000000000231,0.03000000000000025,0.0,0.0,-0.019999999999999574,-0.04999999999999982,-0.003764315389284789,-0.00504516378775044,-0.0029033162514888744,-0.006903721025716791,-0.0004555457694825904,-0.008363951480151677,0.007190638251923787,0.03750396762131558,0.001511552868234567,0.15011309796470318,0.20999999999999908
2026-09-07,,,,,,,15.3,,,4404.15,,,,,,,,,,,,,,,,,,-0.014001852129572612,0.01455772937618427,,,0.7700000000000014
2026-09-08,4.39,4.8,2.43,3.63,7673.52,26421.41,15.72,117.9127,94.21,4394.65,0.41000000000000014,,0.16999999999999993,,0.09999999999999964,,0.0,,0.0,,-0.07000000000000028,,-0.007100535490325299,,-0.0009094544921701697,,-0.010682044466513219,-0.0021593862098239214,0.005121577093930796,,0.10558462644026179,0.41999999999999993
2026-09-09,4.43,4.83,2.46,3.63,7636.36,26253.34,16.46,117.8834,97.26,4396.5,0.40000000000000036,0.040000000000000036,0.22999999999999954,0.03000000000000025,0.15000000000000036,0.029999999999999805,0.040000000000000036,0.0,0.0,-0.009999999999999787,-0.07999999999999918,-0.004854391147842918,-0.014578226390899118,-0.00638144729143697,-0.01268519633735643,-0.0002485198029207325,-0.010417758594337023,0.00042087782083299885,-0.0037912800670945046,0.03186147191506361,0.13508955196019024,0.7400000000000002
2026-09-10,4.56,4.95,2.55,3.63,7591.7,26081.72,17.84,118.0787,103.57,4390.35,0.39000000000000057,0.1299999999999999,0.40999999999999925,0.1200000000000001,0.3200000000000003,0.08999999999999986,0.1599999999999997,0.0,0.0,-0.009999999999999787,-0.08999999999999897,-0.005865504606717309,-0.026938692884234783,-0.006558533234759523,-0.027280255023505617,0.0016553509618404405,-0.009323878415307796,-0.0013998192763580164,0.0022574917235438363,0.06285990762514793,0.2241820357034836,1.379999999999999
2026-09-11,4.63,4.96,2.6,3.63,7656.98,26333.04,15.84,118.2126,101.27,4342.45,0.33000000000000007,0.07000000000000028,0.45999999999999996,0.009999999999999787,0.28000000000000025,0.050000000000000266,0.18999999999999995,0.0,0.0,-0.0600000000000005,-0.17999999999999972,0.008562104890909694,-0.0166787740177341,0.009589738692332261,-0.014930679795917001,0.0011333469690386622,-0.005821654344966731,-0.01097024559850368,-0.0017141513685476895,-0.02245749525659413,0.18709247320665767,-2.0
2026-09-14,4.65,4.97,2.6,3.63,7619.98,26186.41,17.1,,102.42,4286.65,0.3199999999999994,0.020000000000000462,0.45999999999999996,0.009999999999999787,0.25,0.0,0.16000000000000014,0.0,0.0,-0.010000000000000675,-0.20999999999999996,-0.004843905115350822,-0.01628147574913541,-0.005583850591959205,-0.017357564094218958,,,-0.012933162853135727,-0.02464339448259345,0.011291788690210858,0.17426970163487532,1.2600000000000016
2026-09-15,4.67,5.0,2.62,3.63,7585.73,25981.57,17.2,,107.02,4265.5,0.33000000000000007,0.019999999999999574,0.47999999999999954,0.03000000000000025,0.29000000000000004,0.020000000000000018,0.20999999999999996,0.0,0.0,0.010000000000000675,-0.1899999999999995,-0.004504894269672377,-0.0138807752381922,-0.007853133386989342,-0.011790167353339598,,,-0.004946134742308317,-0.02848504113389083,0.04393372684875452,0.21310255955220647,0.09999999999999787
2026-09-16,4.74,5.01,2.68,3.63,7551.81,25978.42,17.71,,,4332.55,0.2699999999999996,0.07000000000000028,0.5499999999999998,0.009999999999999787,0.35999999999999943,0.06000000000000005,0.33000000000000007,0.0,0.0,-0.0600000000000005,-0.1900000000000004,-0.004481581125117984,-0.020468886213551585,-0.00012124713664896092,-0.013484176915863344,,,0.015596875855317549,-0.005340528098946251,,,0.5100000000000016
